place,magnitude,longitude,latitude,depth_km,time
"27 km E of Nagarkot, Nepal",4.6,85.799,27.727,22.322,2023-12-31 16:36:23.043
"93 km WSW of Myitkyina, Myanmar",5.0,96.5235,25.0911,10.0,2023-12-29 16:31:16.478
"45 km S of Farkhār, Afghanistan",4.2,69.9176,36.162,122.959,2023-12-28 07:58:08.799
"57 km SSE of Mawlaik, Myanmar",4.1,94.522,23.139,114.245,2023-12-25 23:53:27.068
"24 km S of Thang, India",4.6,76.7782,34.7111,34.705,2023-12-25 23:03:56.507
"14 km S of Rawalpindi, Pakistan",3.6,73.0469,33.4702,10.0,2023-12-22 00:31:13.762
"50 km WNW of Sabang, Indonesia",4.3,94.9014,6.0799,9.682,2023-12-20 06:42:50.029
"43 km NNE of Letpandan, Myanmar",4.5,95.9762,18.111,10.0,2023-12-19 12:14:23.981
"55 km NW of Sabang, Indonesia",4.1,95.0067,6.2812,10.026,2023-12-18 23:59:37.199
"85 km E of Falam, Myanmar",4.1,94.5073,22.8195,87.022,2023-12-18 23:43:13.481
"38 km SSW of Padam, India",4.8,76.6962,33.1609,10.0,2023-12-18 10:31:29.554
"41 km SSW of Padam, India",4.3,76.6507,33.1492,10.0,2023-12-18 10:27:11.437
"31 km S of Padam, India",5.1,76.8401,33.1836,10.0,2023-12-18 10:18:52.984
"58 km SSW of Jurm, Afghanistan",4.2,70.5946,36.3708,160.675,2023-12-18 06:11:34.085
"32 km SW of Dajal, Pakistan",4.3,70.139,29.3551,10.0,2023-12-18 06:08:00.569
"128 km NNE of Skardu, Pakistan",4.6,76.3623,36.2885,10.0,2023-12-17 04:17:06.162
"48 km SW of Jurm, Afghanistan",4.0,70.5292,36.504,204.177,2023-12-15 19:55:46.896
"64 km S of Jurm, Afghanistan",4.4,70.9487,36.2931,108.321,2023-12-14 06:04:56.346
"Nicobar Islands, India region",4.2,91.1737,8.2884,10.0,2023-12-13 16:22:04.474
"112 km SSE of Damusi, China",4.1,76.9915,36.7912,115.422,2023-12-13 00:05:16.195
"81 km NE of Mawlaik, Myanmar",4.3,94.865,24.2461,118.744,2023-12-12 20:07:17.705
"55 km SSW of Jurm, Afghanistan",4.9,70.6032,36.397,152.821,2023-12-12 02:05:45.531
"46 km E of Farkhār, Afghanistan",4.3,70.3729,36.5081,194.47,2023-12-11 02:33:56.043
"30 km SSE of Farkhār, Afghanistan",4.5,69.9711,36.3106,144.121,2023-12-10 03:38:19.102
"57 km E of Khorugh, Tajikistan",4.5,72.2049,37.4934,198.73,2023-12-08 23:30:14.549
"9 km E of Cherrapunji, India",4.2,91.786,25.2901,46.386,2023-12-08 03:16:57.576
"289 km SSE of Port Blair, India",4.8,93.9828,9.3573,10.0,2023-12-05 14:45:03.410
"59 km SW of Ashkāsham, Afghanistan",4.2,71.0524,36.3089,132.983,2023-12-05 02:42:48.131
"71 km NW of Gyalshing, India",4.4,87.8388,27.8117,70.467,2023-12-04 19:04:15.283
"22 km E of Wana, Pakistan",4.5,69.8057,32.2829,44.594,2023-12-03 18:22:23.057
"31 km W of Mawlaik, Myanmar",4.3,94.0944,23.6171,70.037,2023-12-03 01:13:41.199
"41 km SSW of Khorugh, Tajikistan",4.0,71.3331,37.1609,126.516,2023-12-02 22:37:34.338
"48 km NW of Mawlaik, Myanmar",4.1,94.1295,23.9997,74.975,2023-12-02 12:51:24.704
"9 km ENE of Rāmganj, Bangladesh",5.5,90.9317,23.1475,45.057,2023-12-02 03:35:33.040
"128 km SE of Phek, India",4.6,95.5436,25.0005,166.34,2023-11-30 13:42:32.361
"27 km SE of Khorugh, Tajikistan",4.5,71.7332,37.2864,125.318,2023-11-29 22:09:55.713
"276 km ENE of Port Blair, India",4.8,95.2346,12.1737,10.0,2023-11-29 08:12:24.794
"44 km ESE of Wāngjing, India",4.2,94.4578,24.4108,73.909,2023-11-29 01:41:52.476
"37 km SW of Ashkāsham, Afghanistan",4.3,71.2484,36.4367,92.344,2023-11-28 16:45:19.829
"107 km ESE of Phek, India",4.6,95.4219,25.1849,10.0,2023-11-28 12:11:50.049
"124 km WSW of Rikaze, China",4.7,87.7852,28.6795,74.708,2023-11-27 22:15:46.743
"296 km ENE of Port Blair, India",4.5,95.2787,12.6576,10.0,2023-11-26 19:24:22.473
"296 km ENE of Port Blair, India",4.3,95.2808,12.6444,10.0,2023-11-26 18:16:26.401
"81 km WSW of Myitkyina, Myanmar",4.1,96.6026,25.2211,10.0,2023-11-25 20:07:30.268
"42 km SSE of Jurm, Afghanistan",4.1,70.9752,36.4972,201.314,2023-11-23 22:09:55.928
"14 km W of Kirtipur, Nepal",3.8,85.1323,27.6889,10.0,2023-11-22 19:34:26.202
"Nicobar Islands, India region",4.3,93.993,9.1066,10.81,2023-11-20 20:01:32.421
"100 km SSE of Hayuliang, India",4.7,96.995,27.257,10.0,2023-11-20 08:17:56.844
"36 km NE of Dipayal, Nepal",4.4,81.1707,29.5224,10.0,2023-11-20 05:52:27.597
"268 km SSE of Port Blair, India",4.3,93.8259,9.4841,100.6,2023-11-19 13:06:41.083
"37 km WSW of Ashkāsham, Afghanistan",4.3,71.1766,36.4976,221.689,2023-11-18 02:56:49.747
"42 km WSW of Ashkāsham, Afghanistan",4.2,71.1279,36.4844,242.573,2023-11-16 06:54:44.147
"46 km E of Bhadarwāh, India",4.2,76.2091,33.0154,16.68,2023-11-16 04:04:18.591
"32 km SW of Ashkāsham, Afghanistan",4.9,71.312,36.4517,119.705,2023-11-15 00:05:03.423
"55 km E of Khorugh, Tajikistan",4.2,72.1751,37.4826,190.997,2023-11-14 21:42:29.939
"106 km NNE of Barishal, Pakistan",4.3,75.1448,37.2131,10.0,2023-11-14 07:38:45.677
"22 km N of Falam, Myanmar",4.3,93.667,23.1134,66.47,2023-11-14 00:25:47.867
"295 km SSE of Port Blair, India",4.4,94.0048,9.3023,10.0,2023-11-11 14:37:18.293
"52 km SSE of Jurm, Afghanistan",3.8,71.013,36.4111,101.666,2023-11-10 17:30:27.048
"143 km NW of Bamboo Flat, India",4.4,91.7107,12.5428,10.0,2023-11-10 15:49:15.815
"281 km SSE of Port Blair, India",4.4,94.0862,9.4971,10.0,2023-11-09 20:55:05.871
"197 km N of Bamboo Flat, India",4.5,92.909,13.4736,18.383,2023-11-08 23:21:32.691
"5 km SW of Hangu, Pakistan",4.2,71.0272,33.4935,10.0,2023-11-08 14:24:52.621
"20 km WSW of Ashk?sham, Afghanistan",4.4,71.3244,36.6045,221.464,2023-11-08 08:28:25.236
"112 km NW of Sabang, Indonesia",4.7,94.6503,6.6624,95.025,2023-11-08 05:02:05.284
"99 km N of Sabang, Indonesia",4.7,95.2054,6.7857,188.776,2023-11-07 09:07:03.243
"Nicobar Islands, India region",4.6,91.6874,7.3119,10.0,2023-11-07 00:02:12.657
"34 km E of Dailekh, Nepal",5.3,82.0652,28.8564,10.0,2023-11-06 10:46:39.805
"37 km W of Kunduz, Afghanistan",4.4,68.4447,36.783,32.857,2023-11-05 23:04:47.300
"32 km W of Kunduz, Afghanistan",4.1,68.4972,36.7592,51.508,2023-11-05 07:23:21.096
"61 km S of Murghob, Tajikistan",4.6,73.9605,37.6155,10.0,2023-11-04 19:55:33.972
"34 km SSE of Jumla, Nepal",4.0,82.2728,28.976,10.0,2023-11-03 22:31:34.600
"31 km NW of Sarupathar, India",4.2,96.6025,26.4186,118.316,2023-11-03 19:39:09.153
"32 km W of Kunduz, Afghanistan",4.2,68.4926,36.7294,45.632,2023-11-03 19:15:45.172
"27 km E of Dailekh, Nepal",4.1,81.9912,28.8332,10.0,2023-11-03 18:44:39.613
"43 km E of Dailekh, Nepal",5.7,82.1531,28.858,12.0,2023-11-03 18:02:53.465
"186 km SSE of Pyapon, Myanmar",4.4,96.1897,14.67,10.0,2023-11-03 10:33:31.531
"40 km W of Kunduz, Afghanistan",4.4,68.4069,36.7355,49.83,2023-11-03 07:33:37.465
"27 km W of Kunduz, Afghanistan",4.4,68.5516,36.7565,45.976,2023-11-03 07:29:33.114
"101 km SSE of Murghob, Tajikistan",4.5,74.5584,37.3894,53.734,2023-11-01 22:44:01.935
"26 km NW of Teknāf, Bangladesh",4.1,92.127,21.033,22.237,2023-11-01 21:44:36.662
"88 km SSE of Port Blair, India",4.9,93.063,10.9291,93.275,2023-11-01 12:51:15.409
"90 km SSE of Murghob, Tajikistan",4.1,74.5228,37.4823,68.478,2023-10-31 22:26:21.090
"107 km SE of Murghob, Tajikistan",4.4,74.7217,37.4095,11.059,2023-10-31 19:56:12.143
"99 km SE of Murghob, Tajikistan",4.1,74.6496,37.4538,12.677,2023-10-31 19:54:27.109
"97 km N of Barishal, Pakistan",4.8,74.6137,37.1972,10.0,2023-10-31 09:19:12.427
"100 km N of Barishal, Pakistan",4.5,74.6008,37.226,10.0,2023-10-31 09:19:03.050
"102 km SSE of Murghob, Tajikistan",4.3,74.5637,37.381,12.149,2023-10-31 00:40:30.322
"150 km E of Aqqan, China",4.6,83.6482,36.5329,10.0,2023-10-31 00:40:06.435
"157 km E of Aqqan, China",4.3,83.7227,36.5324,10.0,2023-10-30 22:24:09.595
"33 km SE of Khorugh, Tajikistan",4.2,71.7861,37.2573,136.129,2023-10-29 19:35:03.796
"160 km E of Aqqan, China",4.2,83.7545,36.5994,10.0,2023-10-29 12:58:37.030
"45 km W of Minbu, Myanmar",4.3,94.448,20.1066,78.31,2023-10-29 11:02:19.991
"83 km NE of Khandūd, Afghanistan",4.5,73.088,37.3853,65.278,2023-10-28 11:23:08.509
Bay of Bengal,4.7,88.2129,6.5874,10.014,2023-10-28 11:09:16.291
"25 km WNW of Kunduz, Afghanistan",4.3,68.5758,36.7842,45.946,2023-10-28 10:53:43.791
"34 km SSE of Jurm, Afghanistan",4.2,70.9725,36.5742,183.956,2023-10-28 04:41:09.437
"68 km E of Tuensang, India",4.8,95.5087,26.2481,79.962,2023-10-27 23:23:47.733
"30 km S of Jurm, Afghanistan",4.4,70.8742,36.5947,211.79,2023-10-27 19:13:34.846
"31 km W of Kunduz, Afghanistan",4.7,68.5074,36.6873,18.499,2023-10-27 17:12:04.864
"154 km E of Aqqan, China",4.7,83.6881,36.519,10.0,2023-10-27 17:10:56.263
"164 km E of Aqqan, China",4.4,83.7932,36.6518,10.0,2023-10-27 04:38:05.879
"59 km N of Sarupathar, India",4.3,96.8669,26.7385,52.637,2023-10-26 18:29:02.059
"35 km SE of Khorugh, Tajikistan",4.2,71.8833,37.3084,136.201,2023-10-25 19:39:10.749
"151 km E of Aqqan, China",4.5,83.6546,36.6111,10.0,2023-10-25 18:35:39.226
"161 km E of Aqqan, China",4.4,83.7544,36.6532,10.0,2023-10-25 15:52:17.423
western Xizang,4.6,87.4234,33.5193,12.287,2023-10-24 18:02:46.412
"89 km SE of Hakha, Myanmar",4.2,94.1496,22.0121,40.573,2023-10-24 04:55:24.160
"269 km NNE of Saga, China",4.4,86.6091,31.4395,10.0,2023-10-23 22:47:24.464
"271 km NNW of Rikaze, China",4.7,88.1062,31.607,10.0,2023-10-23 08:43:37.339
"246 km NNW of Nagqu, China",4.9,91.1286,33.5562,10.0,2023-10-23 06:10:38.528
"28 km NE of Bharatpur, Nepal",4.0,84.646,27.8519,26.661,2023-10-22 11:46:45.520
"36 km NE of Bharatpur, Nepal",5.2,84.7252,27.8879,25.706,2023-10-22 01:54:21.100
"253 km N of Bamboo Flat, India",4.4,92.8694,13.9893,15.998,2023-10-20 00:20:08.653
"60 km NE of Dipayal, Nepal",4.5,81.357,29.6681,10.0,2023-10-18 16:18:48.676
"280 km SSE of Port Blair, India",4.4,93.9888,9.4496,10.0,2023-10-18 13:25:10.787
"7 km SSE of Kolkhozobod, Tajikistan",4.1,68.6913,37.5213,36.974,2023-10-18 01:51:38.458
"289 km SSE of Port Blair, India",4.5,94.0097,9.3696,10.254,2023-10-16 23:13:31.567
"36 km NE of Dārchulā, Nepal",4.2,80.7774,30.0924,10.0,2023-10-16 03:41:40.294
"19 km NNW of Taloqan, Afghanistan",3.9,69.4221,36.884,88.464,2023-10-15 05:10:45.290
"140 km N of Joshīmath, India",4.3,79.3974,31.8115,10.0,2023-10-14 21:53:08.277
"42 km S of Murghob, Tajikistan",4.1,73.9645,37.7912,62.596,2023-10-14 07:13:08.554
"58 km SSE of Jurm, Afghanistan",4.4,70.9687,36.3472,117.334,2023-10-13 13:19:53.447
"41 km S of Murghob, Tajikistan",4.6,73.9128,37.7962,10.0,2023-10-13 10:15:37.265
"9 km NNE of Pul-e Khumrī, Afghanistan",4.7,68.7405,36.0303,10.0,2023-10-13 01:09:26.768
"10 km SE of Baghlān, Afghanistan",4.9,68.7756,36.0555,10.0,2023-10-13 00:03:14.558
"43 km NE of Dipayal, Nepal",4.4,81.2129,29.5722,10.0,2023-10-12 20:06:44.075
"57 km S of Murghob, Tajikistan",4.4,74.0165,37.6551,10.0,2023-10-12 08:54:38.335
"43 km NNE of Dipayal, Nepal",4.8,81.1801,29.5869,10.0,2023-10-11 18:37:21.967
"56 km S of Murghob, Tajikistan",4.2,74.0037,37.6614,10.0,2023-10-11 04:23:07.392
"20 km ESE of Farkhār, Afghanistan",4.1,70.0672,36.4918,226.249,2023-10-10 07:46:27.543
"197 km NE of Saga, China",4.4,86.3755,30.798,10.0,2023-10-08 19:46:32.191
"131 km N of Joshīmath, India",4.5,79.3465,31.7268,10.0,2023-10-08 13:37:04.576
"44 km WNW of Bamboo Flat, India",4.4,92.3616,11.8926,22.675,2023-10-08 08:10:48.987
"32 km SSW of Murghob, Tajikistan",4.2,73.8079,37.9015,11.429,2023-10-08 06:15:08.913
"40 km S of Ashkāsham, Afghanistan",4.4,71.5013,36.3154,103.342,2023-10-08 01:51:24.129
"Nicobar Islands, India region",4.2,94.2956,8.5748,10.0,2023-10-08 00:04:56.398
"Nicobar Islands, India region",4.4,94.2213,8.7033,10.369,2023-10-08 00:03:03.557
"290 km SSE of Port Blair, India",4.5,93.8804,9.2935,10.0,2023-10-07 23:57:26.766
"293 km SSE of Port Blair, India",4.6,93.8582,9.2548,10.0,2023-10-07 21:49:41.275
"38 km NE of Dipayal, Nepal",5.0,81.2055,29.5133,10.0,2023-10-07 06:00:01.972
"118 km W of Damusi, China",4.4,75.2766,37.6849,101.69,2023-10-05 15:29:01.653
"61 km NNE of Dipayal, Nepal",4.3,81.2904,29.7245,10.0,2023-10-03 23:58:04.608
"36 km NE of Dipayal, Nepal",4.4,81.1691,29.5231,10.0,2023-10-03 19:05:41.024
"35 km NE of Dipayal, Nepal",4.5,81.1706,29.5106,10.0,2023-10-03 11:53:17.879
"45 km NE of Dipayal, Nepal",4.8,81.257,29.5637,10.0,2023-10-03 11:34:10.972
"42 km S of Jurm, Afghanistan",4.4,70.8543,36.4846,192.727,2023-10-03 10:59:09.025
"17 km ENE of Dipayal, Nepal",4.2,81.1092,29.3074,10.0,2023-10-03 09:33:05.019
"25 km E of Dipayal, Nepal",4.8,81.2051,29.2397,10.0,2023-10-03 09:28:43.898
"39 km NE of Dipayal, Nepal",5.7,81.242,29.4973,13.0,2023-10-03 09:21:03.018
"34 km NE of Dipayal, Nepal",4.9,81.2188,29.459,10.0,2023-10-03 08:55:50.480
"218 km NNE of Saga, China",4.1,86.3467,31.0357,10.0,2023-10-03 03:00:28.125
"28 km SE of Sarupathar, India",4.4,97.0376,26.0535,10.0,2023-10-02 14:29:30.012
"28 km S of Goālpāra, India",4.9,90.5798,25.9206,10.0,2023-10-02 12:45:15.979
"Southern Qinghai, China",4.1,96.2333,33.9769,10.0,2023-10-01 14:16:54.639
"275 km N of Qamdo, China",4.4,97.416,33.6069,10.0,2023-10-01 11:47:03.334
"277 km N of Qamdo, China",4.3,97.3249,33.6259,10.0,2023-10-01 11:34:10.037
"33 km W of Ashkāsham, Afghanistan",4.2,71.1605,36.7147,221.278,2023-09-30 08:30:17.828
"104 km ENE of Khorugh, Tajikistan",4.0,72.5538,37.9959,126.654,2023-09-28 19:22:06.560
"Nicobar Islands, India region",4.3,94.1254,9.3063,10.0,2023-09-28 07:28:10.958
"135 km NNE of Shi Yomi, India",4.0,94.6666,29.7208,10.0,2023-09-27 23:46:44.280
"71 km NNE of Muzaffarābād, Pakistan",4.5,73.8424,34.9414,10.0,2023-09-26 06:53:25.822
"74 km SE of Farkhār, Afghanistan",4.0,70.5223,36.176,100.952,2023-09-26 01:37:06.376
Bay of Bengal,4.4,88.5466,7.6226,10.0,2023-09-25 04:07:55.232
"138 km NNW of Sabang, Indonesia",4.6,94.6214,6.9366,10.0,2023-09-24 21:01:37.674
"78 km SW of Ashkāsham, Afghanistan",4.3,70.9497,36.1505,98.134,2023-09-24 17:39:03.383
"149 km NNW of Sabang, Indonesia",4.8,94.6399,7.0637,10.0,2023-09-24 16:34:31.139
Myanmar,4.4,95.7323,17.5005,61.226,2023-09-23 20:23:19.849
"38 km N of Yangon, Myanmar",4.8,96.1004,17.1447,10.0,2023-09-23 14:24:34.421
"28 km SE of Jurm, Afghanistan",4.1,71.0485,36.6788,215.493,2023-09-22 13:53:51.403
"33 km SSE of Jurm, Afghanistan",4.4,70.9933,36.5938,204.783,2023-09-22 02:21:45.206
"23 km W of Baghlān, Afghanistan",4.1,68.4533,36.1509,116.624,2023-09-21 06:34:25.819
"83 km NE of Khandūd, Afghanistan",4.6,73.0686,37.4019,54.312,2023-09-19 05:28:39.623
"12 km W of Narsingdi, Bangladesh",4.2,90.5926,23.9369,10.0,2023-09-17 06:49:48.834
"64 km E of Wāngjing, India",4.2,94.7033,24.5796,10.119,2023-09-17 06:37:58.353
"224 km NNE of Shi Yomi, India",4.0,94.8956,30.5044,10.0,2023-09-16 11:23:56.315
"37 km SW of Ashkāsham, Afghanistan",4.2,71.2011,36.4706,107.77,2023-09-16 06:48:25.994
"13 km WSW of Ashkāsham, Afghanistan",4.1,71.3935,36.6365,112.337,2023-09-16 05:28:07.021
"87 km NE of Khandūd, Afghanistan",4.3,73.1308,37.396,72.458,2023-09-15 18:08:36.793
"43 km SSE of Khorugh, Tajikistan",4.3,71.7324,37.1262,134.028,2023-09-15 17:15:09.344
"83 km ESE of Wāngjing, India",5.0,94.8511,24.3645,110.242,2023-09-11 17:32:00.809
"202 km NNE of Shi Yomi, India",4.4,94.7822,30.3231,10.0,2023-09-10 04:01:10.909
"217 km NNE of Shi Yomi, India",4.6,94.829,30.4554,10.0,2023-09-10 00:10:51.381
"19 km ENE of Lāla, India",4.8,92.7849,24.6464,47.764,2023-09-09 10:18:30.146
"204 km NNE of Shi Yomi, India",4.8,94.8244,30.3347,34.851,2023-09-08 19:33:41.473
"14 km S of Ashkāsham, Afghanistan",4.1,71.511,36.5543,114.637,2023-09-07 18:04:00.608
"57 km ESE of Hakha, Myanmar",4.4,94.1323,22.4521,87.501,2023-09-07 04:59:22.159
"61 km E of Khorugh, Tajikistan",4.0,72.2476,37.5277,178.863,2023-09-06 03:05:33.131
"53 km E of Farkhār, Afghanistan",4.6,70.444,36.4881,203.373,2023-09-05 18:02:04.607
"50 km E of Nahrīn, Afghanistan",4.3,69.6911,36.097,114.024,2023-09-05 12:09:35.825
"36 km SSE of Khorugh, Tajikistan",4.4,71.7617,37.2064,134.059,2023-09-04 07:08:12.319
"56 km SSE of Jurm, Afghanistan",4.3,70.9751,36.3718,104.398,2023-09-04 01:38:49.714
"5 km SW of Ashkāsham, Afghanistan",4.1,71.4936,36.6512,102.322,2023-09-03 21:43:45.667
"298 km SSE of Port Blair, India",4.7,93.8879,9.2199,10.0,2023-09-03 09:59:03.213
"48 km WSW of Ashkāsham, Afghanistan",4.0,71.0815,36.4444,244.47,2023-09-02 22:34:38.584
"278 km SSE of Port Blair, India",4.2,93.8627,9.4069,10.0,2023-09-01 05:27:51.913
"23 km SSW of Tagāb, Afghanistan",4.6,69.5179,34.6691,14.895,2023-08-31 16:53:12.225
"201 km S of Aqqan, China",4.5,81.8208,34.6507,10.0,2023-08-31 08:54:42.049
"32 km W of Ashkāsham, Afghanistan",4.4,71.1738,36.6357,211.373,2023-08-31 01:46:18.910
Xinjiang-Xizang border region,4.2,81.5232,35.9411,10.0,2023-08-30 23:20:26.069
"41 km N of Ishqoshim, Tajikistan",4.0,71.5795,37.1018,190.318,2023-08-29 03:02:22.966
"117 km ESE of Port Blair, India",4.3,93.6704,11.1246,125.227,2023-08-28 22:20:12.739
"43 km ESE of Farkhār, Afghanistan",4.8,70.3356,36.4901,202.515,2023-08-28 04:35:08.795
"222 km S of Aqqan, China",4.6,81.5254,34.4965,10.0,2023-08-26 11:23:06.308
"33 km SSE of Jurm, Afghanistan",4.1,71.0049,36.5918,210.505,2023-08-26 11:21:36.084
"40 km SW of Ashkāsham, Afghanistan",4.2,71.1784,36.4588,103.804,2023-08-25 11:34:24.696
"Nicobar Islands, India region",4.2,93.8846,9.1639,10.0,2023-08-23 13:24:21.524
"Nicobar Islands, India region",4.4,93.8083,9.0904,10.0,2023-08-23 13:13:33.336
"216 km WSW of Qamdo, China",4.2,95.0584,30.4403,10.0,2023-08-22 21:09:47.028
"208 km NNE of Shi Yomi, India",4.9,94.8494,30.3642,31.914,2023-08-22 18:46:54.966
"52 km ENE of Khorugh, Tajikistan",4.1,72.0545,37.7392,117.816,2023-08-21 14:12:26.659
"43 km WNW of Yenangyaung, Myanmar",4.5,94.4893,20.6207,81.737,2023-08-21 10:42:06.204
"38 km SSE of Jurm, Afghanistan",4.5,70.9438,36.5249,182.685,2023-08-21 04:40:02.617
"51 km SW of Chauk, Myanmar",4.7,94.4043,20.6364,61.128,2023-08-20 07:42:43.181
"201 km NNE of Shi Yomi, India",4.6,94.9315,30.2806,10.0,2023-08-19 23:06:55.832
Tajikistan,4.2,72.6948,37.2579,90.602,2023-08-19 19:40:44.241
"31 km S of Tezpur, India",4.8,92.845,26.3499,35.0,2023-08-19 15:20:35.313
"205 km N of Shi Yomi, India",5.0,94.7507,30.3522,10.0,2023-08-19 14:46:08.434
"65 km N of Khandūd, Afghanistan",4.2,72.3175,37.5458,192.042,2023-08-19 05:38:24.520
"65 km S of Jurm, Afghanistan",4.6,70.8513,36.2782,101.283,2023-08-19 03:43:26.360
"50 km NE of Lobuche, Nepal",4.3,87.1512,28.2888,79.496,2023-08-18 17:49:38.408
"225 km NE of Burang, China",4.4,82.939,31.6469,10.0,2023-08-18 10:06:12.181
"Nicobar Islands, India region",4.7,93.9692,9.1561,10.0,2023-08-18 07:32:38.219
"Nicobar Islands, India region",4.6,93.9337,9.0272,10.0,2023-08-18 06:40:50.838
"265 km SSE of Port Blair, India",4.7,93.9359,9.5714,10.0,2023-08-18 06:37:33.342
"174 km NNW of Sabang, Indonesia",4.3,94.7353,7.3563,96.53,2023-08-17 21:20:03.638
"16 km NW of Karīmganj, India",5.3,92.2481,24.9796,36.648,2023-08-14 14:49:48.667
"295 km SSE of Port Blair, India",4.8,93.9135,9.254,10.0,2023-08-14 11:12:21.187
"110 km WSW of Bamboo Flat, India",4.6,91.8215,11.2401,18.719,2023-08-14 10:33:27.596
"47 km SE of Farkhār, Afghanistan",4.2,70.2011,36.2423,144.421,2023-08-13 09:21:48.450
"185 km N of Nagqu, China",4.1,92.2948,33.1356,10.0,2023-08-12 20:46:20.007
"Nicobar Islands, India region",4.5,93.8372,9.5521,10.0,2023-08-10 21:25:57.660
"154 km SSE of Port Blair, India",4.1,93.4368,10.4485,116.866,2023-08-10 18:13:36.311
"137 km NE of Sarāhan, India",4.7,78.602,32.5435,14.338,2023-08-09 17:44:20.929
Myanmar,4.3,94.4277,23.6484,125.576,2023-08-09 07:53:51.524
"Nicobar Islands, India region",4.5,93.9087,9.0073,10.0,2023-08-08 19:29:05.114
"41 km N of Ishqoshim, Tajikistan",4.4,71.5785,37.0985,116.177,2023-08-08 10:42:25.065
"39 km ENE of Mawlaik, Myanmar",4.3,94.78,23.7427,109.02,2023-08-07 20:57:44.100
"28 km SW of Ashkāsham, Afghanistan",4.2,71.3131,36.4929,98.143,2023-08-07 15:47:40.042
"295 km SSE of Port Blair, India",4.5,93.6252,9.1429,10.0,2023-08-07 07:26:45.464
"293 km SSE of Port Blair, India",5.0,93.7124,9.1915,10.0,2023-08-07 07:23:21.808
"23 km W of Ashkāsham, Afghanistan",4.1,71.272,36.6988,192.596,2023-08-07 01:33:06.512
"31 km SSE of Khorugh, Tajikistan",4.4,71.746,37.2546,114.539,2023-08-07 00:07:57.618
"38 km SSE of Jurm, Afghanistan",5.1,70.9379,36.5314,85.167,2023-08-06 13:23:14.830
"299 km SSE of Port Blair, India",4.4,93.8337,9.1768,10.0,2023-08-06 09:45:46.310
"Badakhshan, Afghanistan",5.3,70.6689,36.431,218.046,2023-08-06 00:32:49.691
western Xizang-India border region,4.3,80.7013,30.2183,10.0,2023-08-05 20:04:11.934
"47 km SSW of Jurm, Afghanistan",5.8,70.7227,36.4504,209.0,2023-08-05 16:01:49.816
"25 km SW of Ashkāsham, Afghanistan",4.2,71.3177,36.539,118.561,2023-08-05 14:47:17.093
"65 km SE of Farkhār, Afghanistan",4.1,70.3189,36.1102,137.858,2023-08-05 10:07:45.475
"74 km WNW of Bamboo Flat, India",4.8,92.0472,11.8507,10.0,2023-08-05 09:09:25.957
"5 km S of Farkhār, Afghanistan",4.7,69.8597,36.5243,46.677,2023-08-05 04:53:52.852
"23 km NNW of Shingli Bala, Pakistan",5.0,72.8455,34.8611,45.949,2023-08-05 03:06:04.876
Afghanistan-Tajikistan-Pakistan region,4.1,71.0798,36.7125,243.301,2023-08-04 20:58:36.806
"32 km S of Khanabad, Afghanistan",4.2,69.1298,36.3873,44.653,2023-08-04 17:50:48.335
"196 km N of Nagqu, China",4.9,92.0029,33.2501,10.0,2023-08-04 03:05:04.410
"Nicobar Islands, India region",4.8,93.5963,9.0897,10.0,2023-08-03 11:39:02.737
"Nicobar Islands, India region",4.2,92.8663,8.4732,51.605,2023-08-02 22:47:31.055
"30 km E of Farkhār, Afghanistan",4.0,70.2002,36.571,213.933,2023-08-02 09:58:06.278
"11 km W of Ārt Khwājah, Afghanistan",4.3,69.3548,37.0751,10.0,2023-08-02 04:54:16.859
"278 km SSE of Port Blair, India",5.2,94.0695,9.5163,10.0,2023-08-02 01:07:17.066
"287 km SSE of Port Blair, India",5.3,93.9282,9.3458,10.0,2023-08-02 00:10:11.622
"261 km SSE of Port Blair, India",4.3,93.7127,9.5049,10.0,2023-08-01 23:07:34.572
"293 km SSE of Port Blair, India",4.5,93.9045,9.2693,10.0,2023-08-01 13:38:51.353
"20 km SE of Khorugh, Tajikistan",4.1,71.7394,37.3828,131.976,2023-08-01 02:05:46.595
"102 km NE of Nagqu, China",4.1,92.8956,32.0655,10.0,2023-07-31 04:03:00.559
"229 km WSW of Qamdo, China",4.1,94.8451,30.6596,10.0,2023-07-30 18:43:52.082
"208 km NNE of Shi Yomi, India",4.8,94.8769,30.3618,10.0,2023-07-30 18:33:44.613
"210 km NNE of Shi Yomi, India",4.9,94.8507,30.3856,10.0,2023-07-30 04:15:11.184
"84 km W of Minbu, Myanmar",4.4,94.0671,20.1463,43.85,2023-07-29 22:29:32.010
"244 km W of Qamdo, China",4.0,94.6516,30.7849,10.0,2023-07-29 20:44:18.157
"152 km SE of Port Blair, India",5.9,93.5418,10.5368,88.891,2023-07-28 19:23:46.487
"27 km WSW of Ashkāsham, Afghanistan",4.0,71.2614,36.5663,222.873,2023-07-28 12:39:49.057
"197 km N of Shi Yomi, India",4.6,94.7327,30.2874,10.0,2023-07-28 03:20:30.294
"207 km N of Shi Yomi, India",4.4,94.4266,30.4008,10.0,2023-07-27 22:16:52.885
"206 km NNE of Shi Yomi, India",5.0,94.8318,30.35,10.0,2023-07-27 22:13:55.178
"38 km SE of Khorugh, Tajikistan",4.2,71.8832,37.263,154.502,2023-07-25 18:43:17.246
"82 km E of Falam, Myanmar",4.4,94.4795,22.8262,97.036,2023-07-24 20:14:28.734
"83 km WNW of Monywa, Myanmar",4.1,94.3695,22.3642,101.114,2023-07-23 16:31:23.608
"172 km W of Pyay, Myanmar",4.6,93.6142,18.562,10.0,2023-07-23 06:47:32.209
"32 km SSE of Jurm, Afghanistan",4.4,70.9815,36.593,181.244,2023-07-23 03:16:17.304
Afghanistan-Tajikistan border region,4.1,71.6591,37.5602,124.218,2023-07-23 00:56:39.378
"75 km SE of Phek, India",4.0,95.008,25.1642,86.88,2023-07-21 20:05:46.184
"11 km ESE of Jaipur, India",4.3,75.8906,26.8685,10.0,2023-07-20 22:39:44.949
"22 km ESE of Farkhār, Afghanistan",5.1,70.0961,36.5193,215.106,2023-07-19 07:26:40.770
"38 km ENE of Bhadarwāh, India",4.2,76.0979,33.1046,10.0,2023-07-17 16:37:23.404
"24 km NNE of Nongstoin, India",4.3,91.3559,25.722,10.0,2023-07-16 14:23:32.031
"14 km WNW of Ashkāsham, Afghanistan",4.2,71.3745,36.722,148.631,2023-07-14 19:19:32.212
"28 km SW of Ashkāsham, Afghanistan",4.5,71.2765,36.5387,229.843,2023-07-13 20:49:11.810
"276 km NNE of Bamboo Flat, India",4.5,94.1092,13.792,39.377,2023-07-13 05:02:32.249
"114 km SE of Phek, India",4.3,95.4345,25.0831,9.904,2023-07-12 12:26:47.093
Myanmar,4.3,94.0927,23.1582,77.822,2023-07-11 14:06:00.167
"9 km ESE of Kishtwār, India",4.2,75.8514,33.2711,25.38,2023-07-10 00:13:43.298
"15 km SE of Kishtwār, India",4.9,75.9099,33.2332,27.461,2023-07-10 00:08:53.217
"171 km NNE of Bamboo Flat, India",4.2,93.2891,13.1442,35.0,2023-07-10 00:01:47.570
"46 km S of Jurm, Afghanistan",4.0,70.8281,36.448,136.454,2023-07-09 18:40:06.068
"40 km WSW of Ashkāsham, Afghanistan",4.0,71.1318,36.5101,97.515,2023-07-07 19:32:09.468
"83 km ENE of Khandūd, Afghanistan",4.4,73.1048,37.36,55.299,2023-07-07 17:10:52.842
"53 km E of Sarāhan, India",4.3,78.3517,31.536,10.0,2023-07-07 05:20:53.879
Afghanistan-Tajikistan-Pakistan region,4.0,71.3091,36.8038,179.591,2023-07-06 01:10:06.902
"49 km W of Mawlaik, Myanmar",4.3,93.9241,23.5846,69.187,2023-07-05 19:05:09.376
"24 km W of Myanaung, Myanmar",4.1,95.096,18.2502,68.007,2023-07-05 17:12:25.341
"10 km ESE of Baghlān, Afghanistan",4.4,68.8223,36.1005,44.297,2023-07-05 13:42:48.669
"112 km ENE of Teknāf, Bangladesh",4.4,93.3301,21.1685,62.212,2023-07-04 21:47:28.873
"Hindu Kush region, Afghanistan",4.3,70.6083,36.351,135.617,2023-07-04 09:30:52.269
"57 km NW of Sarupathar, India",4.6,96.3583,26.5274,89.642,2023-07-04 07:25:32.260
"40 km SSE of Jurm, Afghanistan",4.2,70.9395,36.5057,191.366,2023-07-03 09:14:30.324
"Southern Qinghai, China",4.2,97.2699,34.7685,10.0,2023-07-02 08:57:55.433
"86 km SSW of Waxxari, China",4.5,87.1355,37.9322,10.0,2023-07-01 16:13:14.392
"49 km ESE of Farkhār, Afghanistan",4.2,70.3799,36.4332,212.628,2023-07-01 12:57:11.673
"88 km NNW of Sarupathar, India",4.4,96.6035,26.9851,10.0,2023-06-30 05:44:02.011
"38 km SE of Khorugh, Tajikistan",5.0,71.798,37.2073,129.867,2023-06-29 04:57:58.964
"86 km NE of Khandūd, Afghanistan",4.5,73.1129,37.4017,65.627,2023-06-29 01:04:16.337
western Xizang,4.5,88.9465,34.367,10.0,2023-06-28 16:43:33.554
"30 km SW of Ashkāsham, Afghanistan",4.5,71.2895,36.4892,127.013,2023-06-27 05:15:53.912
"35 km SE of Khorugh, Tajikistan",4.1,71.8746,37.3011,140.638,2023-06-26 21:30:10.533
"281 km SSE of Port Blair, India",4.6,93.7769,9.3365,10.0,2023-06-26 18:05:37.303
"277 km SSE of Port Blair, India",4.9,93.5555,9.2868,10.0,2023-06-26 13:32:03.058
"225 km N of Bamboo Flat, India",4.7,92.7235,13.7408,10.0,2023-06-26 12:52:59.977
"Nicobar Islands, India region",4.3,93.955,8.7087,10.0,2023-06-26 11:32:02.555
"44 km SSE of Jurm, Afghanistan",4.1,71.0511,36.5042,189.869,2023-06-26 06:46:54.293
"58 km E of Khorugh, Tajikistan",3.9,72.2129,37.5042,195.83,2023-06-25 21:25:14.667
"32 km ESE of Kabul, Afghanistan",4.5,69.5154,34.449,14.775,2023-06-25 15:49:58.299
Myanmar,4.3,93.7994,21.3269,56.745,2023-06-22 16:42:44.175
"113 km SSE of Pyapon, Myanmar",4.1,96.1679,15.3774,10.0,2023-06-22 06:34:11.948
"112 km SSE of Pyapon, Myanmar",4.9,96.2622,15.4378,13.561,2023-06-22 00:12:56.808
"120 km SE of Pyapon, Myanmar",4.3,96.356,15.4197,10.0,2023-06-21 21:58:31.267
"145 km SE of Pyapon, Myanmar",4.4,96.4824,15.2265,10.0,2023-06-21 21:22:06.596
"130 km SE of Pyapon, Myanmar",4.4,96.3708,15.3125,10.0,2023-06-21 18:26:27.016
"133 km SSE of Pyapon, Myanmar",4.3,96.3125,15.2506,10.0,2023-06-21 08:26:42.096
"108 km SSE of Pyapon, Myanmar",4.6,96.1549,15.4201,10.0,2023-06-21 02:47:18.225
"287 km SSE of Port Blair, India",4.5,93.367,9.1371,10.0,2023-06-21 02:10:42.233
"39 km S of Jurm, Afghanistan",4.2,70.8908,36.5132,193.375,2023-06-21 01:55:05.448
"130 km SSE of Pyapon, Myanmar",4.2,96.2519,15.2432,10.0,2023-06-20 09:23:45.513
"117 km SSE of Pyapon, Myanmar",4.7,96.2849,15.4018,10.0,2023-06-19 11:36:50.653
"111 km SSE of Pyapon, Myanmar",4.2,96.1871,15.4065,10.0,2023-06-19 04:14:30.786
"129 km SSE of Pyapon, Myanmar",4.6,96.2152,15.235,10.0,2023-06-19 04:13:49.633
"131 km SSE of Pyapon, Myanmar",4.4,96.3568,15.296,13.493,2023-06-19 03:46:55.189
"131 km SSE of Pyapon, Myanmar",5.6,96.2895,15.2546,13.518,2023-06-19 01:40:24.074
"61 km E of Khorugh, Tajikistan",3.9,72.2479,37.5576,187.438,2023-06-18 22:17:34.033
"39 km SSW of Duki, Pakistan",4.2,68.4073,29.8241,10.0,2023-06-18 16:34:49.119
"77 km S of Kashitashi, China",4.5,79.772,35.614,13.774,2023-06-18 02:58:22.953
"23 km ENE of Bhadarwāh, India",4.3,75.9599,33.0208,10.0,2023-06-17 22:20:24.254
"55 km S of Kashitashi, China",4.2,79.8923,35.8001,10.0,2023-06-17 20:46:48.156
"63 km S of Kashitashi, China",4.2,79.9423,35.7353,13.597,2023-06-17 17:08:12.573
"14 km SE of Kishtwār, India",4.3,75.9002,33.2377,10.0,2023-06-17 16:25:33.967
"70 km S of Kashitashi, China",4.6,79.7754,35.6797,10.0,2023-06-17 16:14:26.397
India-Bangladesh border region,5.0,92.0224,24.7339,10.0,2023-06-16 04:46:11.360
"244 km ENE of Nagqu, China",4.4,94.3219,32.5391,16.403,2023-06-15 03:21:30.029
"71 km N of Khandūd, Afghanistan",4.1,72.3681,37.5969,192.286,2023-06-14 14:27:44.124
"22 km ENE of Bhadarwāh, India",4.6,75.948,33.0446,14.274,2023-06-13 20:50:56.444
"23 km NE of Bhadarwāh, India",5.2,75.9074,33.1191,10.0,2023-06-13 08:03:40.348
western Xizang,4.4,86.7874,33.159,10.0,2023-06-12 21:52:58.344
"48 km ESE of Tuensang, India",4.3,95.2775,26.1093,77.469,2023-06-12 21:23:08.724
"75 km SSE of Burang, China",4.3,81.5777,29.71,27.16,2023-06-12 01:53:56.728
"34 km NE of Jurm, Afghanistan",4.2,71.1199,37.0794,125.105,2023-06-11 07:03:59.192
"31 km SSE of Jurm, Afghanistan",4.0,70.9846,36.6115,211.106,2023-06-09 19:13:41.361
"6 km W of Ashkāsham, Afghanistan",3.9,71.46,36.6906,178.368,2023-06-09 15:08:45.324
"60 km WSW of Murghob, Tajikistan",4.1,73.3511,37.9334,10.0,2023-06-09 08:00:39.989
"64 km WSW of Murghob, Tajikistan",4.2,73.2875,37.9557,10.0,2023-06-09 04:43:54.577
"26 km N of Hangu, Pakistan",4.4,71.0951,33.7716,55.677,2023-06-09 01:21:52.701
western Xizang,4.6,84.756,33.039,12.384,2023-06-08 18:34:41.265
"11 km N of Maubin, Myanmar",4.4,95.6686,16.8315,14.76,2023-06-07 10:32:05.013
"20 km SSW of Nyaungdon, Myanmar",4.8,95.5462,16.8861,10.0,2023-06-07 09:53:50.779
"51 km ENE of Khorugh, Tajikistan",4.2,72.0979,37.6502,10.0,2023-06-05 09:37:16.760
"Andaman Islands, India region",4.6,95.4751,12.8765,10.0,2023-06-05 02:09:45.778
"116 km W of Myitkyina, Myanmar",4.1,96.2529,25.2464,10.0,2023-06-03 11:36:51.638
"42 km SE of Nahrīn, Afghanistan",4.0,69.4477,35.7826,106.6,2023-06-03 07:53:08.963
"44 km SSW of Jurm, Afghanistan",4.4,70.6056,36.5071,200.839,2023-06-01 18:12:18.019
"39 km ESE of Tuensang, India",4.2,95.1588,26.0736,31.912,2023-06-01 03:30:53.257
"24 km SW of Ashk?sham, Afghanistan",4.1,71.3559,36.5187,85.558,2023-06-01 00:44:35.979
"121 km WSW of Myitkyina, Myanmar",5.9,96.2315,25.1051,10.0,2023-05-31 11:20:14.013
"33 km SSW of Farkh?r, Afghanistan",4.3,69.7219,36.2923,186.536,2023-05-31 03:26:56.763
"6 km NNW of Dhekiajuli, India",4.9,92.4485,26.7587,10.0,2023-05-29 02:33:31.480
"244 km NE of Bamboo Flat, India",4.6,94.1485,13.407,10.0,2023-05-29 02:18:17.682
"64 km SSW of Ashkāsham, Afghanistan",4.0,71.1854,36.1767,101.206,2023-05-28 21:32:26.855
Eastern Xizang,4.5,91.4759,28.6722,10.0,2023-05-28 18:51:22.818
"2 km NE of Jalālābād, Afghanistan",4.7,70.4644,34.4416,55.324,2023-05-28 12:56:53.671
Xinjiang-Xizang border region,4.2,85.9811,35.0875,12.36,2023-05-28 07:53:01.026
"34 km SE of Jurm, Afghanistan",5.3,71.0508,36.6064,230.416,2023-05-28 05:49:56.585
"25 km N of Rangāpāra, India",4.5,92.6797,27.0688,10.0,2023-05-27 21:36:33.057
"23 km NW of Ashkāsham, Afghanistan",4.2,71.3831,36.8547,182.814,2023-05-27 19:24:53.382
Afghanistan-Tajikistan border region,4.3,73.3477,37.8644,13.887,2023-05-26 02:34:46.297
"47 km SW of Ashkāsham, Afghanistan",4.0,71.1661,36.3715,141.49,2023-05-24 03:18:06.626
"52 km NE of Dipayal, Nepal",4.3,81.2484,29.6551,10.0,2023-05-23 22:21:48.564
"35 km WSW of Ashkāsham, Afghanistan",4.2,71.2008,36.5082,102.101,2023-05-23 03:45:38.528
"47 km SW of Ashkāsham, Afghanistan",4.9,71.173,36.37,106.164,2023-05-22 05:43:27.382
"76 km NNE of Sarupathar, India",5.0,97.023,26.8674,10.0,2023-05-22 02:45:35.828
Myanmar-India border region,4.1,94.7301,24.8062,83.027,2023-05-21 13:47:32.910
"254 km NNW of Nagqu, China",4.0,91.0903,33.6241,10.0,2023-05-18 21:18:30.799
"41 km ESE of Khorugh, Tajikistan",4.2,71.9962,37.3714,137.508,2023-05-18 14:07:55.592
"23 km N of Khorugh, Tajikistan",4.4,71.5966,37.6959,35.0,2023-05-16 11:07:49.061
"60 km E of Khorugh, Tajikistan",4.1,72.2349,37.5346,188.529,2023-05-15 08:49:09.807
"227 km SSE of Port Blair, India",4.0,93.5283,9.7587,9.846,2023-05-14 21:43:49.463
"50 km NNE of Khorugh, Tajikistan",4.5,71.716,37.9259,10.0,2023-05-13 13:25:42.337
"45 km SSE of Jurm, Afghanistan",4.0,71.0141,36.4788,125.965,2023-05-11 21:38:57.019
"94 km S of Saiha, India",4.5,93.1376,21.6539,51.123,2023-05-11 20:44:56.551
"11 km W of Farkhār, Afghanistan",4.1,69.7255,36.5765,163.012,2023-05-11 00:21:01.719
"Hindu Kush region, Afghanistan",4.0,70.9317,36.099,104.453,2023-05-10 18:22:46.157
"109 km SW of Port Blair, India",5.1,92.0333,10.972,10.0,2023-05-09 13:42:18.282
Tajikistan,4.2,72.3351,37.6162,176.509,2023-05-09 01:47:41.728
"37 km NNW of Ashkāsham, Afghanistan",4.2,71.3134,36.973,110.872,2023-05-08 22:02:18.977
"1 km ENE of Awantipur, India",3.8,75.0264,33.9253,10.0,2023-05-08 08:58:12.854
"107 km N of Lobuche, Nepal",4.3,86.6245,28.9028,42.645,2023-05-06 08:01:03.160
"56 km SSE of Kashitashi, China",4.3,80.185,35.844,10.0,2023-05-05 00:35:27.200
"8 km WSW of Azimpur, Bangladesh",4.3,90.3099,23.6937,10.0,2023-05-04 23:57:09.193
"Uttaranchal, India",4.2,79.0377,30.5173,27.66,2023-05-04 04:20:30.480
"95 km SSE of Hayuliang, India",4.6,97.0318,27.3244,10.0,2023-05-03 23:48:53.606
"41 km SSW of Jurm, Afghanistan",5.3,70.7311,36.4988,194.44,2023-05-03 09:51:20.143
"31 km WSW of Ashkāsham, Afghanistan",4.3,71.2122,36.5761,118.428,2023-05-03 06:20:51.075
"31 km SE of Jurm, Afghanistan",4.3,71.0545,36.6457,225.152,2023-05-03 03:53:52.369
"42 km NNW of Ashkāsham, Afghanistan",4.6,71.2826,37.0048,71.425,2023-05-02 10:31:53.779
"69 km E of Falam, Myanmar",4.6,94.3511,23.0061,94.415,2023-04-30 06:56:56.920
"31 km W of Ashkāsham, Afghanistan",4.0,71.1848,36.7193,245.884,2023-04-30 00:40:46.997
"76 km NE of Muzaffarābād, Pakistan",4.3,73.9963,34.9011,10.0,2023-04-29 23:45:29.213
"287 km NNW of Sabang, Indonesia",4.3,94.0315,8.1481,10.0,2023-04-29 04:58:40.714
"292 km NNW of Sabang, Indonesia",4.9,94.1308,8.2568,17.972,2023-04-28 20:07:01.518
"72 km NE of Dipayal, Nepal",5.1,81.5483,29.6212,10.0,2023-04-27 19:45:53.627
"66 km ENE of Dipayal, Nepal",4.5,81.5302,29.5729,10.0,2023-04-27 18:13:51.853
"Nicobar Islands, India region",5.0,93.8685,9.3625,10.0,2023-04-24 10:58:31.943
"44 km S of Jurm, Afghanistan",4.0,70.9101,36.47,119.175,2023-04-24 00:21:44.971
"37 km ESE of Chubek, Tajikistan",4.4,70.0889,37.4639,9.759,2023-04-23 18:10:42.773
"16 km S of Kot Addu, Pakistan",4.8,70.9766,30.3208,10.0,2023-04-23 16:27:48.460
"28 km SSE of Jurm, Afghanistan",4.0,70.993,36.6448,228.341,2023-04-14 14:50:32.277
"Nicobar Islands, India region",4.9,93.8956,8.9297,10.0,2023-04-13 03:21:19.466
Afghanistan-Tajikistan-Pakistan region,4.3,71.081,36.7068,223.174,2023-04-12 06:54:33.671
"17 km ESE of Muzaffarābād, Pakistan",4.2,73.6471,34.3015,10.0,2023-04-12 04:40:49.522
"41 km SSW of Jurm, Afghanistan",4.1,70.6973,36.5066,195.302,2023-04-12 03:37:36.670
Nepal-India border region,4.0,87.3828,26.0018,10.0,2023-04-12 00:05:08.100
"30 km NE of Nahrīn, Afghanistan",4.5,69.3989,36.2421,38.828,2023-04-11 04:52:34.595
"Hindu Kush region, Afghanistan",4.5,70.9436,36.5582,204.637,2023-04-11 03:37:15.356
"Nicobar Islands, India region",4.5,93.979,9.1853,10.0,2023-04-11 02:08:29.426
"Nicobar Islands, India region",4.9,93.6767,8.9365,9.968,2023-04-10 17:12:17.347
"Nicobar Islands, India region",4.8,93.9297,9.0663,13.852,2023-04-10 17:11:50.820
"Nicobar Islands, India region",4.3,93.7742,8.897,9.626,2023-04-10 16:47:16.451
"Nicobar Islands, India region",4.5,93.7674,8.9611,10.028,2023-04-10 11:21:22.777
"30 km SE of Jurm, Afghanistan",4.1,71.074,36.6746,210.354,2023-04-10 02:53:01.911
"Nicobar Islands, India region",4.6,93.8198,9.1564,10.0,2023-04-10 00:54:56.108
"Nicobar Islands, India region",4.2,93.5922,8.9215,10.0,2023-04-10 00:51:40.435
"84 km SSE of Mawlaik, Myanmar",4.6,94.8376,22.9943,141.241,2023-04-10 00:46:37.010
"Nicobar Islands, India region",4.1,93.8476,8.9923,10.0,2023-04-09 23:55:02.324
"Nicobar Islands, India region",4.2,93.9431,8.5816,10.0,2023-04-09 21:07:10.709
"279 km SSE of Port Blair, India",4.1,93.8096,9.3723,10.0,2023-04-09 21:00:08.812
"Nicobar Islands, India region",5.2,93.9224,9.0116,10.0,2023-04-09 20:55:58.001
"Andaman Islands, India region",4.3,93.1777,13.2395,43.596,2023-04-09 19:37:44.546
"Nicobar Islands, India region",4.4,93.9623,8.9466,10.41,2023-04-09 12:47:52.279
"Nicobar Islands, India region",4.3,93.8322,8.9733,10.0,2023-04-09 12:27:39.153
"Nicobar Islands, India region",4.2,94.1407,9.1656,10.0,2023-04-09 12:24:01.576
"Nicobar Islands, India region",5.7,93.9695,8.966,10.0,2023-04-09 12:17:33.607
"Nicobar Islands, India region",4.4,93.7971,9.0971,10.0,2023-04-09 11:44:44.984
"Nicobar Islands, India region",4.4,93.9484,9.1044,10.287,2023-04-09 10:44:50.822
"Nicobar Islands, India region",4.9,93.9474,9.0886,10.0,2023-04-09 10:38:58.795
"Nicobar Islands, India region",5.5,93.9552,8.9326,10.0,2023-04-09 10:31:20.479
"Nicobar Islands, India region",4.6,93.9434,9.0979,10.438,2023-04-09 09:29:47.096
"287 km SSE of Port Blair, India",4.3,93.9687,9.3635,10.0,2023-04-09 09:25:52.959
"Nicobar Islands, India region",4.5,93.8953,8.9963,10.0,2023-04-09 08:14:50.840
"Nicobar Islands, India region",5.3,94.0003,9.096,10.0,2023-04-09 07:46:14.580
"33 km S of Jurm, Afghanistan",4.1,70.8734,36.5602,178.234,2023-04-09 07:14:18.152
"293 km SSE of Port Blair, India",4.3,93.6124,9.1594,10.0,2023-04-09 06:52:06.387
"Nicobar Islands, India region",4.4,94.0206,9.1198,10.0,2023-04-08 15:47:41.359
"79 km N of Lobuche, Nepal",4.3,86.7146,28.6582,68.028,2023-04-08 14:44:49.140
"114 km W of Myitkyina, Myanmar",4.2,96.2774,25.2055,10.0,2023-04-08 11:52:40.562
"Nicobar Islands, India region",4.3,94.0271,8.9628,10.204,2023-04-08 11:24:20.245
"Nicobar Islands, India region",4.3,93.9949,9.1421,11.543,2023-04-08 11:13:30.394
"Nicobar Islands, India region",4.6,93.9306,9.1273,8.194,2023-04-08 11:06:11.514
"Hindu Kush region, Afghanistan",4.4,70.5873,34.6449,50.284,2023-04-08 09:07:36.558
western Xizang,4.6,82.0503,34.5635,10.0,2023-04-06 18:02:15.237
"100 km SSE of Pyapon, Myanmar",4.3,96.0008,15.4297,11.864,2023-04-05 19:54:54.348
"Nicobar Islands, India region",5.0,93.9052,9.058,9.989,2023-04-04 17:17:42.936
"20 km SE of Lakhipur, India",4.4,90.446,25.8896,10.0,2023-04-03 08:22:04.572
"38 km SSE of Kodāri̇̄, Nepal",4.5,86.1761,27.6685,10.0,2023-04-01 05:42:20.397
"111 km ENE of Port Blair, India",4.2,93.7469,11.8777,126.636,2023-03-31 18:26:41.006
"Southern Qinghai, China",4.2,93.7127,34.4197,10.0,2023-03-31 05:45:02.147
"23 km NNW of Pārūn, Afghanistan",4.2,70.8464,35.6273,93.224,2023-03-30 19:18:55.215
"34 km SE of Jurm, Afghanistan",4.1,71.1131,36.6498,215.123,2023-03-29 08:09:20.347
"Hindu Kush region, Afghanistan",4.1,70.8946,36.5285,205.288,2023-03-29 07:32:50.302
"22 km WNW of Ashk?sham, Afghanistan",4.1,71.2869,36.7237,179.668,2023-03-29 02:15:54.347
"38 km ESE of Farkhār, Afghanistan",4.0,70.2756,36.5043,199.223,2023-03-29 00:34:59.215
"22 km NE of Jalālābād, Afghanistan",4.4,70.6034,34.5884,53.083,2023-03-29 00:19:14.154
"29 km NW of Yangon, Myanmar",3.5,96.0008,17.028,10.0,2023-03-28 06:52:26.620
"20 km SSE of Khorugh, Tajikistan",3.8,71.6499,37.3172,138.867,2023-03-27 00:16:10.414
"Hindu Kush region, Afghanistan",4.2,70.0075,36.3288,127.097,2023-03-26 23:23:28.594
"44 km SW of Ashk?sham, Afghanistan",4.4,71.1798,36.4008,120.22,2023-03-26 13:14:32.905
"38 km WNW of Shwebo, Myanmar",4.2,95.3355,22.6542,11.095,2023-03-25 12:03:44.799
"34 km W of Myanaung, Myanmar",4.1,94.9979,18.3402,53.519,2023-03-25 06:51:47.013
"52 km NW of Jumla, Nepal",4.2,81.828,29.6326,30.882,2023-03-24 04:06:24.411
"Manipur, India region",4.4,93.794,24.1675,78.995,2023-03-24 03:22:42.572
"46 km SW of Ashkāsham, Afghanistan",4.4,71.2181,36.3466,83.664,2023-03-23 07:18:18.139
"40 km SSE of Jurm, Afghanistan",6.5,70.943,36.523,192.0,2023-03-21 16:47:23.626
"48 km S of Jurm, Afghanistan",4.2,70.9198,36.4287,138.988,2023-03-21 07:25:40.183
"63 km SSW of Ashkāsham, Afghanistan",4.1,71.2691,36.1532,129.326,2023-03-20 14:30:21.229
"Hindu Kush region, Afghanistan",4.9,69.8936,36.5189,163.474,2023-03-18 00:00:54.160
"111 km WSW of Qamdo, China",5.0,96.0896,30.7663,10.0,2023-03-17 10:39:39.278
"297 km S of Aqqan, China",4.4,81.9103,33.7831,10.0,2023-03-15 09:40:42.815
"203 km S of Aqqan, China",4.3,81.9445,34.6294,10.0,2023-03-15 06:11:33.118
"250 km SSE of Port Blair, India",4.0,93.7038,9.6093,114.367,2023-03-15 04:52:02.152
"172 km SSW of Aqqan, China",4.7,81.3504,34.9914,17.045,2023-03-15 02:32:21.344
"128 km WSW of Bamboo Flat, India",4.4,91.7251,11.0773,36.766,2023-03-13 13:44:29.010
"166 km SSW of Aqqan, China",4.3,81.3799,35.0409,10.0,2023-03-13 13:42:18.436
"176 km S of Aqqan, China",4.1,81.8368,34.8803,16.409,2023-03-13 00:06:28.833
"74 km ESE of Wāngjing, India",4.6,94.7151,24.276,113.11,2023-03-12 11:43:43.297
"40 km SSE of Jurm, Afghanistan",4.6,70.9383,36.5092,160.685,2023-03-12 11:33:58.096
"50 km E of Farkh?r, Afghanistan",4.1,70.4125,36.4904,210.153,2023-03-11 23:41:33.217
"8 km NW of Rust?q, Afghanistan",4.7,69.7616,37.1822,14.621,2023-03-11 18:24:49.232
"65 km SE of Farkh?r, Afghanistan",4.2,70.4377,36.2146,100.94,2023-03-10 10:04:22.284
"50 km E of Farkh?r, Afghanistan",4.1,70.4159,36.5038,201.292,2023-03-10 01:16:14.845
"39 km SSE of Khorugh, Tajikistan",4.1,71.796,37.1949,156.752,2023-03-09 17:31:40.878
"28 km ESE of Khorugh, Tajikistan",4.2,71.8399,37.3831,130.641,2023-03-08 10:42:54.732
"44 km WNW of Khand?d, Afghanistan",4.0,71.8957,37.164,152.986,2023-03-07 14:37:11.491
"180 km N of Bamboo Flat, India",4.9,92.4291,13.3077,10.0,2023-03-07 11:11:46.454
"Nicobar Islands, India region",5.1,91.7592,7.6244,10.0,2023-03-05 23:37:11.420
"17 km WNW of Ashk?sham, Afghanistan",4.2,71.3667,36.7649,179.856,2023-03-05 01:26:27.302
"157 km NNE of Shi Yomi, India",4.2,94.9521,29.8612,10.0,2023-03-03 01:13:47.387
"162 km WSW of Pathein, Myanmar",4.5,93.3461,16.1726,10.0,2023-03-02 15:04:26.543
"64 km NE of Lobuche, Nepal",4.0,87.3045,28.3307,10.0,2023-03-02 08:12:56.235
"45 km S of Jurm, Afghanistan",4.3,70.8632,36.4588,183.185,2023-03-01 01:26:39.071
"43 km S of Jurm, Afghanistan",4.1,70.7789,36.4747,202.552,2023-02-28 18:17:05.853
"84 km WSW of Murghob, Tajikistan",4.4,73.042,37.9433,10.0,2023-02-28 00:01:54.072
"57 km SSW of Jurm, Afghanistan",4.1,70.6141,36.3774,180.148,2023-02-27 22:35:23.020
"77 km S of Jurm, Afghanistan",4.3,70.7199,36.1711,115.224,2023-02-26 09:59:16.507
Nepal,4.3,81.127,29.7352,10.0,2023-02-26 07:06:04.699
"25 km NE of Tura, India",4.3,90.4081,25.6554,10.0,2023-02-26 04:19:53.486
"29 km NE of Tekn?f, Bangladesh",4.2,92.5067,21.0328,10.0,2023-02-25 10:39:46.063
"208 km S of Port Blair, India",4.3,92.6004,9.7878,35.0,2023-02-24 07:03:16.393
"27 km E of Sanjwal, Pakistan",4.1,72.7349,33.7601,10.0,2023-02-24 01:06:31.718
"46 km WSW of Murghob, Tajikistan",4.6,73.5144,37.9445,11.959,2023-02-23 02:07:42.566
"71 km SW of Murghob, Tajikistan",4.1,73.3229,37.7803,10.0,2023-02-23 02:02:28.074
"70 km SSW of Murghob, Tajikistan",4.1,73.6046,37.603,11.082,2023-02-23 01:18:19.422
"87 km WSW of Murghob, Tajikistan",4.4,73.0303,37.9117,11.951,2023-02-23 00:50:38.746
"296 km SSE of Port Blair, India",4.5,93.945,9.2648,11.02,2023-02-22 09:31:56.373
"70 km WNW of Jumla, Nepal",4.8,81.5737,29.6254,20.937,2023-02-22 08:00:22.588
"144 km ENE of Nagqu, China",4.5,93.5414,31.7809,16.796,2023-02-21 17:05:11.551
"43 km SSE of Farkh?r, Afghanistan",4.1,70.0083,36.201,171.083,2023-02-21 11:35:18.592
"120 km SSE of Pyapon, Myanmar",4.1,96.1335,15.2852,13.027,2023-02-21 04:40:49.223
"34 km ESE of Khorugh, Tajikistan",4.1,71.9128,37.372,138.466,2023-02-20 09:45:22.861
"31 km E of Farkh?r, Afghanistan",4.1,70.2087,36.5342,207.364,2023-02-19 07:21:55.890
"37 km S of Jurm, Afghanistan",4.2,70.8332,36.527,179.846,2023-02-18 07:39:19.120
"21 km NNW of Fayzabad, Afghanistan",4.6,70.5188,37.3017,56.154,2023-02-16 18:17:20.564
"18 km SE of Cherrapunji, India",4.3,91.8394,25.1917,57.099,2023-02-16 03:56:28.218
"25 km SE of Jurm, Afghanistan",4.2,71.02,36.6928,218.501,2023-02-14 15:37:30.155
"47 km E of Farkh?r, Afghanistan",4.0,70.3753,36.4994,202.811,2023-02-13 02:59:47.109
"33 km WSW of Ashk?sham, Afghanistan",4.1,71.2129,36.5303,97.28,2023-02-13 01:17:53.573
"68 km S of Mawlaik, Myanmar",4.3,94.5227,23.0353,104.754,2023-02-12 23:01:18.050
"73 km NW of Mangan, India",4.0,88.0003,27.986,60.903,2023-02-12 22:45:05.505
"31 km SSE of Tezpur, India",4.2,92.9259,26.3749,10.0,2023-02-12 10:48:14.855
"51 km WSW of Kulachi, Pakistan",4.2,69.9963,31.682,10.0,2023-02-12 09:01:06.922
"29 km ESE of Jurm, Afghanistan",4.2,71.1258,36.7449,210.571,2023-02-10 04:40:52.049
"97 km ENE of Nagqu, China",4.0,92.9392,31.927,15.284,2023-02-09 16:06:33.824
Eastern Xizang,4.2,93.6523,31.7237,10.0,2023-02-07 05:08:59.651
"41 km E of Farkh?r, Afghanistan",4.1,70.3144,36.5065,194.34,2023-02-06 11:04:07.452
"27 km SSW of Khorugh, Tajikistan",4.2,71.4678,37.2483,113.734,2023-02-04 21:24:56.576
"63 km NNE of Khand?d, Afghanistan",4.7,72.6877,37.4442,58.958,2023-02-04 12:23:26.321
"Hindu Kush region, Afghanistan",4.1,70.9881,36.4381,153.041,2023-02-04 10:47:31.711
"29 km NE of Shwebo, Myanmar",4.2,95.9238,22.7357,10.0,2023-02-04 07:34:41.429
"30 km W of Ashk?sham, Afghanistan",4.1,71.2009,36.6455,221.972,2023-02-04 03:37:21.314
"50 km S of Jurm, Afghanistan",4.3,70.7814,36.4094,205.818,2023-02-03 21:22:53.059
"northern Qinghai, China",5.0,96.9059,37.0695,10.0,2023-02-03 12:14:40.692
"northern Qinghai, China",5.0,96.9,37.0348,10.0,2023-02-03 12:04:19.601
"75 km WSW of Minbu, Myanmar",4.4,94.2003,19.9292,36.678,2023-02-02 01:04:52.791
"Hindu Kush region, Afghanistan",4.0,68.7661,36.2121,69.431,2023-02-01 14:29:54.469
"40 km E of W?ngjing, India",4.6,94.459,24.5866,69.006,2023-01-31 04:49:06.032
"105 km ENE of Port Blair, India",5.0,93.5873,12.1363,107.401,2023-01-30 18:45:37.506
"152 km S of Hotan, China",5.0,79.8867,35.7367,10.0,2023-01-30 17:07:44.514
"14 km W of Rawalpindi, Pakistan",4.4,72.8907,33.5931,30.793,2023-01-29 07:54:47.532
"144 km S of Hotan, China",4.3,80.0799,35.811,15.071,2023-01-28 23:18:22.828
"27 km SW of Ashk?sham, Afghanistan",4.3,71.3233,36.4986,92.65,2023-01-28 01:08:04.554
"Nicobar Islands, India region",4.4,93.1089,7.7778,70.612,2023-01-27 15:34:13.818
"33 km NE of Tura, India",4.0,90.4362,25.7328,36.679,2023-01-26 01:59:58.723
"66 km SE of Farkh?r, Afghanistan",4.1,70.2975,36.0944,123.331,2023-01-26 01:41:56.836
"60 km N of Khand?d, Afghanistan",4.0,72.2706,37.4946,189.559,2023-01-25 21:53:05.320
"157 km S of Hotan, China",4.4,80.0682,35.6956,10.0,2023-01-25 16:10:48.554
"152 km S of Hotan, China",5.0,79.8502,35.7331,10.0,2023-01-25 16:02:10.186
"60 km NW of Jumla, Nepal",5.4,81.6638,29.5825,33.11,2023-01-24 08:58:33.123
"12 km NE of Lakhipur, India",5.1,93.079,24.8836,10.0,2023-01-23 13:42:02.771
"30 km S of Jurm, Afghanistan",4.4,70.8744,36.5949,214.022,2023-01-22 21:22:37.602
"30 km ESE of Khorugh, Tajikistan",4.3,71.8601,37.3661,140.956,2023-01-22 05:40:19.471
"39 km ESE of Farkh?r, Afghanistan",4.1,70.2902,36.4969,202.922,2023-01-22 03:34:41.423
western Xizang,4.3,81.8588,33.6574,10.0,2023-01-20 16:43:23.840
Xinjiang-Xizang border region,4.3,80.4047,35.4553,10.0,2023-01-20 01:20:11.002
"Andaman Islands, India region",4.8,93.5847,10.0936,10.0,2023-01-19 11:34:03.747
"45 km ENE of P?r?n, Afghanistan",5.1,71.3961,35.5464,104.372,2023-01-19 11:30:42.960
"194 km ENE of Port Blair, India",4.4,94.4701,12.1121,10.0,2023-01-19 01:17:56.519
"24 km WSW of Farkh?r, Afghanistan",4.2,69.6013,36.492,10.0,2023-01-18 14:09:34.227
"Andaman Islands, India region",4.4,95.1809,11.5023,10.0,2023-01-18 01:46:55.643
India-Bangladesh border region,4.1,92.4156,23.5913,10.0,2023-01-16 20:20:12.456
"157 km S of Hotan, China",4.2,80.2659,35.7132,10.0,2023-01-16 11:44:59.459
"150 km S of Hotan, China",4.3,80.0339,35.7538,10.0,2023-01-16 11:29:41.721
"7 km WSW of Mandalay, Myanmar",4.3,96.0213,21.9399,10.0,2023-01-15 04:03:06.634
"170 km NNE of Nagqu, China",4.3,92.4784,32.9751,10.0,2023-01-14 08:02:29.331
"44 km SW of Ashk?sham, Afghanistan",4.1,71.1482,36.4328,231.547,2023-01-12 16:18:38.280
western Xizang,4.2,82.9741,31.6045,10.0,2023-01-12 09:58:36.471
"107 km WSW of Bamboo Flat, India",4.1,91.8207,11.2892,20.942,2023-01-10 23:00:07.145
"60 km NNW of Sarupathar, India",4.6,96.5576,26.705,10.0,2023-01-10 01:42:57.492
"38 km SSE of Jurm, Afghanistan",4.0,70.9571,36.5315,193.763,2023-01-09 04:48:16.893
"41 km NNW of Ishqoshim, Tajikistan",4.6,71.3902,37.058,117.646,2023-01-08 22:33:21.160
"25 km N of Bamboo Flat, India",4.2,92.6851,11.9253,40.216,2023-01-07 21:18:36.723
"31 km SSW of Kunduz, Afghanistan",4.3,68.7722,36.4511,10.0,2023-01-05 22:45:21.345
"44 km S of Jurm, Afghanistan",6.0,70.7455,36.4738,203.0,2023-01-05 14:25:53.019
"139 km W of Bhamo, Myanmar",4.5,95.8673,24.1249,10.751,2023-01-05 05:51:24.614
"1 km SSW of Shekhupura, Pakistan",4.2,73.979,31.7032,10.0,2023-01-04 10:04:28.046
western Xizang,4.1,87.073,33.2233,10.0,2023-01-04 05:02:03.636
"274 km ESE of Port Blair, India",4.3,95.0957,10.7847,10.0,2023-01-03 01:05:36.386
"Andaman Islands, India region",4.1,95.1111,10.8475,10.0,2023-01-03 00:22:01.686
"157 km SW of Bamboo Flat, India",4.4,91.5945,10.8119,10.0,2023-01-02 20:11:27.547
"22 km WNW of Trongsa, Bhutan",4.4,90.3069,27.5974,35.0,2023-01-02 04:21:34.794
"25 km NW of Dajal, Pakistan",4.3,70.1934,29.7295,10.0,2023-01-01 21:24:15.849
Kashmir-Xinjiang border region,4.3,76.9958,36.691,98.403,2023-01-01 13:02:57.452
"36 km S of Jurm, Afghanistan",4.8,70.9078,36.5374,187.282,2023-01-01 06:39:45.016
"157 km WNW of Pathein, Myanmar",4.7,93.4248,17.4535,39.85,2023-01-01 05:27:09.979
"Haryana, India",4.1,76.6286,28.7191,10.0,2022-12-31 19:49:41.613
"72 km WSW of Monywa, Myanmar",4.2,94.4673,21.917,99.728,2022-12-30 08:13:20.446
"11 km W of Ashk?sham, Afghanistan",4.2,71.4086,36.6977,181.299,2022-12-30 01:45:16.195
"34 km SSE of Jurm, Afghanistan",4.0,70.9592,36.5728,202.082,2022-12-28 22:50:11.288
"54 km SSW of Mawlaik, Myanmar",4.5,94.14,23.2161,51.119,2022-12-28 04:18:04.774
"48 km WNW of B?glung, Nepal",4.6,83.1553,28.4898,18.597,2022-12-27 20:22:03.128
"55 km N of Chitre, Nepal",4.0,83.6137,28.926,24.596,2022-12-27 19:38:12.218
"246 km E of Port Blair, India",4.1,95.0,11.4848,10.0,2022-12-27 02:29:38.069
"Nicobar Islands, India region",4.3,93.8779,9.0067,10.011,2022-12-26 22:50:52.340
western Xizang,4.3,81.816,33.5442,10.0,2022-12-26 10:39:15.175
"38 km S of Jurm, Afghanistan",4.4,70.8007,36.5225,177.945,2022-12-26 02:57:03.782
Nepal,4.5,83.1015,28.4999,10.0,2022-12-23 01:31:21.071
"58 km WNW of B?glung, Nepal",4.2,83.0809,28.5471,10.0,2022-12-23 01:30:55.904
"26 km SE of Jurm, Afghanistan",4.2,71.0735,36.7182,221.368,2022-12-21 19:33:15.412
"36 km S of Jurm, Afghanistan",4.0,70.8832,36.5404,185.215,2022-12-21 06:27:42.596
"19 km SW of Ashk?sham, Afghanistan",4.4,71.4099,36.5417,116.948,2022-12-21 02:27:01.824
Myanmar,4.3,96.154,24.5341,10.157,2022-12-20 21:21:15.970
"48 km SSW of Zangguy, China",4.3,78.6195,36.861,10.0,2022-12-20 09:54:36.748
"209 km E of Nagqu, China",4.4,94.2256,31.8349,10.0,2022-12-20 02:12:04.202
"39 km NNW of Nay Pyi Taw, Myanmar",4.5,95.9786,20.0744,10.0,2022-12-19 17:31:17.786
western Xizang,4.4,84.4438,33.5804,10.0,2022-12-18 16:07:43.536
western Xizang,4.7,82.5664,34.4629,10.0,2022-12-18 13:29:08.283
"21 km ESE of Hakha, Myanmar",4.2,93.7959,22.5559,39.483,2022-12-18 07:20:42.058
"70 km NNE of Mawlaik, Myanmar",4.2,94.7294,24.2087,98.089,2022-12-17 16:05:42.099
"89 km WNW of Zangguy, China",4.5,77.8226,37.562,10.0,2022-12-17 14:24:07.684
"11 km SW of Sagaing, Myanmar",4.6,95.8905,21.8211,23.982,2022-12-16 07:58:32.398
"106 km E of Yairipok, India",4.4,95.0837,24.8414,101.752,2022-12-15 17:12:53.035
"60 km SW of Ashk?sham, Afghanistan",4.3,71.0118,36.3421,104.319,2022-12-15 17:07:39.851
"10 km WSW of Sagaing, Myanmar",4.8,95.8778,21.8573,10.0,2022-12-14 20:46:31.402
Afghanistan-Tajikistan border region,4.0,71.9181,37.3076,153.663,2022-12-13 20:16:14.898
"244 km W of Sabang, Indonesia",4.9,93.1176,6.0908,19.266,2022-12-13 08:38:58.807
"32 km NNE of Nahr?n, Afghanistan",4.3,69.2784,36.3305,12.274,2022-12-13 02:05:12.632
"91 km WSW of Qamdo, China",4.3,96.3491,30.7282,10.0,2022-12-12 14:41:36.662
"151 km NE of Bamboo Flat, India",4.5,93.633,12.736,85.927,2022-12-12 07:18:46.401
"36 km SSE of Jurm, Afghanistan",4.4,71.0032,36.5658,219.279,2022-12-12 02:11:07.931
"28 km ESE of Jurm, Afghanistan",4.6,71.1267,36.7551,95.589,2022-12-11 09:53:38.335
"29 km SE of Jurm, Afghanistan",4.5,71.0593,36.6716,243.953,2022-12-11 03:13:53.784
"20 km NE of Kabul, Afghanistan",4.3,69.3476,34.6418,25.69,2022-12-11 01:52:46.957
"44 km NNW of Khand?d, Afghanistan",4.0,72.1979,37.3421,218.043,2022-12-10 23:12:25.473
Afghanistan-Tajikistan border region,4.0,71.9174,37.8698,99.634,2022-12-10 01:22:06.580
Myanmar-India border region,4.5,95.3931,26.0254,99.202,2022-12-09 15:40:44.925
"34 km SW of Ashk?sham, Afghanistan",4.0,71.2461,36.4811,120.961,2022-12-08 20:01:41.565
"95 km NE of Khorugh, Tajikistan",4.3,72.44,37.9806,129.034,2022-12-05 12:07:37.113
Bay of Bengal,4.9,89.8755,19.1042,45.293,2022-12-05 03:02:58.006
"51 km E of Pyapon, Myanmar",4.0,96.1565,16.2075,10.0,2022-12-04 11:33:49.125
"Hindu Kush region, Afghanistan",4.2,70.4886,36.5299,206.272,2022-12-03 15:54:11.766
western Xizang,4.6,85.1572,34.3699,10.0,2022-12-03 06:24:03.902
"12 km SSW of Ashk?sham, Afghanistan",4.5,71.4785,36.5846,90.921,2022-12-03 02:59:37.987
"8 km ESE of P?r?n, Afghanistan",4.3,71.0115,35.4013,97.436,2022-12-03 01:21:40.640
"41 km WNW of Khand?d, Afghanistan",4.1,71.8873,37.0987,183.542,2022-12-02 14:06:13.752
"29 km NW of Pakokku, Myanmar",4.0,94.8626,21.5043,146.092,2022-12-01 00:34:02.012
"156 km ENE of Port Blair, India",4.0,93.9585,12.4347,135.727,2022-11-30 14:39:32.589
"54 km SSW of Jurm, Afghanistan",4.1,70.6357,36.3986,140.832,2022-11-29 20:21:06.444
"132 km N of Qamdo, China",4.0,97.2068,32.3249,10.0,2022-11-29 11:26:25.241
"10 km NE of Farkh?r, Afghanistan",4.6,69.948,36.6376,41.538,2022-11-29 05:33:53.060
"26 km SE of Jurm, Afghanistan",4.1,71.0338,36.6873,230.981,2022-11-25 16:49:28.073
"43 km SSW of Jurm, Afghanistan",4.5,70.6088,36.5152,200.696,2022-11-23 08:45:18.130
"27 km W of Ashk?sham, Afghanistan",4.0,71.2267,36.6778,216.267,2022-11-23 04:07:01.135
"57 km SSW of Jurm, Afghanistan",4.2,70.6926,36.3563,102.269,2022-11-22 14:39:41.427
"148 km SW of Zangguy, China",4.5,77.8163,36.186,85.634,2022-11-22 04:35:48.715
"28 km WSW of Ashk?sham, Afghanistan",4.2,71.2504,36.556,100.444,2022-11-21 15:02:06.961
"111 km WSW of Murghob, Tajikistan",4.5,72.7253,37.9622,148.252,2022-11-21 05:36:59.269
"27 km N of Farkh?r, Afghanistan",4.2,69.8367,36.8229,10.0,2022-11-20 22:42:09.227
"33 km W of Ashk?sham, Afghanistan",4.2,71.1539,36.6665,207.291,2022-11-20 02:03:23.223
"15 km WSW of Ashk?sham, Afghanistan",4.4,71.3665,36.6359,223.813,2022-11-19 08:41:06.777
"32 km ESE of Harnai, Pakistan",4.2,68.2441,29.9755,36.082,2022-11-19 01:21:06.892
"29 km NNE of Jal?l?b?d, Afghanistan",4.0,70.5727,34.6684,10.0,2022-11-18 22:26:52.838
western Xizang,4.5,81.7097,33.4826,10.0,2022-11-18 06:13:18.603
western Xizang,4.1,88.0892,33.4034,10.778,2022-11-17 23:45:15.877
"227 km NW of Sabang, Indonesia",4.3,94.0431,7.5065,57.048,2022-11-17 15:38:38.137
"59 km S of Jurm, Afghanistan",4.3,70.9558,36.3373,108.455,2022-11-17 10:37:58.751
"12 km NE of Jand, Pakistan",4.4,72.1278,33.5036,25.92,2022-11-17 08:35:45.861
"13 km WSW of Kulu, India",4.4,76.9792,31.8986,10.0,2022-11-16 16:02:53.870
"71 km WNW of Zangguy, China",4.6,78.0488,37.5723,10.0,2022-11-15 10:53:41.317
"46 km SSE of Jurm, Afghanistan",4.0,71.002,36.469,153.469,2022-11-14 07:41:29.999
"178 km N of Nagqu, China",4.0,92.051,33.0877,10.0,2022-11-14 04:29:12.554
"13 km SSE of Chiniot, Pakistan",4.4,73.0214,31.6076,10.0,2022-11-13 22:12:16.150
western Xizang,4.1,82.0467,33.6266,10.0,2022-11-13 15:44:46.024
"25 km ENE of Dipayal, Nepal",5.2,81.1777,29.3523,10.0,2022-11-12 14:27:05.131
"36 km WSW of Ashk?sham, Afghanistan",4.6,71.1766,36.5158,83.718,2022-11-12 07:08:11.149
"45 km ENE of Falam, Myanmar",4.2,94.1073,23.0257,42.858,2022-11-11 01:32:19.091
"16 km SSE of Shi Yomi, India",5.5,94.4118,28.3835,15.0,2022-11-10 05:01:05.611
Nepal,4.3,81.1564,29.352,10.0,2022-11-09 23:28:02.358
"Nicobar Islands, India region",4.7,94.2277,7.3617,9.31,2022-11-09 20:59:12.045
"26 km WNW of Dh?rchula, India",4.4,80.2903,29.9803,22.974,2022-11-09 00:57:14.321
Nepal,5.7,81.1593,29.2917,11.0,2022-11-08 20:27:22.316
"26 km ENE of Dipayal, Nepal",4.7,81.1922,29.3448,10.0,2022-11-08 15:22:35.973
"64 km S of Mawlaik, Myanmar",4.7,94.5122,23.0649,105.393,2022-11-08 06:27:02.122
"108 km N of Lobujya, Nepal",4.2,86.6701,28.9207,10.0,2022-11-07 23:07:22.073
Afghanistan-Tajikistan border region,5.1,71.0964,37.0086,75.937,2022-11-07 03:25:21.832
"59 km NNW of Mangan, India",4.0,88.2153,27.9764,10.0,2022-11-06 16:28:40.298
"50 km SSW of Jurm, Afghanistan",4.4,70.5744,36.4624,202.019,2022-11-06 07:05:25.732
"Uttaranchal, India",4.6,78.5669,30.7102,22.322,2022-11-06 03:03:03.944
"47 km E of Farkh?r, Afghanistan",4.3,70.3789,36.5149,196.417,2022-11-05 17:51:42.527
"29 km S of Jurm, Afghanistan",4.3,70.8899,36.6048,215.868,2022-11-03 23:04:04.862
Afghanistan-Tajikistan border region,4.2,71.6794,37.2656,114.894,2022-11-03 21:32:32.626
"39 km SSW of Ashk?sham, Afghanistan",4.1,71.307,36.3763,100.585,2022-11-02 03:07:58.893
"190 km N of Nagqu, China",5.0,92.0137,33.1963,10.0,2022-11-01 22:06:54.963
western Xizang,4.9,86.7743,32.9696,10.0,2022-11-01 13:48:21.193
"64 km SSW of Minbu, Myanmar",4.6,94.5597,19.6848,68.26,2022-11-01 13:09:49.581
"13 km SE of Barela, India",4.3,80.1303,23.0012,10.0,2022-11-01 03:13:53.303
"13 km SW of Ashk?sham, Afghanistan",4.3,71.4367,36.5904,112.713,2022-10-31 19:44:57.958
"53 km NNW of Sarupathar, India",4.6,96.5205,26.6099,10.0,2022-10-31 00:45:56.922
"264 km NE of Bamboo Flat, India",4.5,94.2712,13.5414,10.0,2022-10-30 23:02:28.181
"31 km NNW of Kar?mganj, India",4.2,92.205,25.1215,10.0,2022-10-30 14:45:06.392
"27 km SW of Ashk?sham, Afghanistan",4.1,71.3103,36.5144,93.169,2022-10-30 14:41:03.782
"36 km NNE of Dipayal, Nepal",4.5,81.0921,29.5573,10.0,2022-10-30 03:41:50.868
"29 km SW of Ashk?sham, Afghanistan",4.1,71.2745,36.5219,130.931,2022-10-29 15:41:08.165
Myanmar,4.4,94.4944,23.7023,96.454,2022-10-29 05:38:20.787
"87 km SE of Shache, China",4.2,77.8729,37.8092,10.0,2022-10-26 15:06:09.333
"northern Qinghai, China",4.5,92.2723,37.6993,10.0,2022-10-25 21:08:11.088
"49 km W of Minbu, Myanmar",4.4,94.4057,20.1966,64.331,2022-10-25 11:09:34.944
"80 km WNW of Zangguy, China",4.2,77.8972,37.5077,18.977,2022-10-23 22:58:10.608
"86 km WNW of Zangguy, China",4.4,77.9462,37.7085,10.0,2022-10-23 15:13:42.587
"90 km WNW of Zangguy, China",5.1,77.8359,37.6318,10.0,2022-10-23 15:06:57.462
"85 km WNW of Zangguy, China",4.7,77.8671,37.564,10.0,2022-10-23 14:53:19.355
"86 km ENE of Sabang, Indonesia",4.3,96.0106,6.2459,232.808,2022-10-21 20:36:30.564
"64 km NNE of Mawlaik, Myanmar",4.5,94.6086,24.1894,89.761,2022-10-21 16:00:43.782
"34 km SE of Jurm, Afghanistan",4.1,71.1062,36.6385,203.205,2022-10-21 04:07:10.974
"18 km NNW of Farkh?r, Afghanistan",4.2,69.793,36.7349,300.149,2022-10-20 08:33:44.360
"45 km E of Port Blair, India",5.1,93.1518,11.5884,90.086,2022-10-20 06:46:55.511
"54 km SSW of Ashk?sham, Afghanistan",4.3,71.2038,36.2664,99.091,2022-10-19 20:35:22.038
"16 km SSE of Kod?ri??, Nepal",4.2,86.0362,27.8248,22.2,2022-10-19 10:08:35.308
"10 km SE of Kod?ri??, Nepal",4.9,86.0386,27.894,23.943,2022-10-19 09:22:40.123
"northern Qinghai, China",5.3,92.2724,37.7231,29.683,2022-10-19 04:35:38.166
"125 km NE of Sar?han, India",4.5,78.6637,32.3641,10.0,2022-10-18 12:09:45.297
western Xizang,4.7,81.8588,33.5679,10.0,2022-10-17 08:48:23.111
"41 km NE of Shwebo, Myanmar",4.6,95.9272,22.8755,10.0,2022-10-16 00:52:13.602
"Nicobar Islands, India region",4.5,94.0138,9.1283,10.0,2022-10-14 13:19:13.983
"17 km NW of Baikunthpur, India",4.9,82.4336,23.3661,10.0,2022-10-13 23:58:22.572
"northern Qinghai, China",4.7,95.7811,36.9227,10.0,2022-10-12 10:02:13.658
Myanmar,4.1,94.6638,19.6388,72.46,2022-10-11 04:51:00.817
"25 km SSE of Jurm, Afghanistan",4.0,70.8961,36.6384,219.825,2022-10-11 02:41:02.161
"227 km SE of Port Blair, India",4.1,93.911,9.9577,10.0,2022-10-11 01:35:49.776
"36 km NNW of Ishqoshim, Tajikistan",5.0,71.4559,37.0307,106.571,2022-10-10 23:23:05.801
"57 km S of Jurm, Afghanistan",4.0,70.7118,36.359,135.869,2022-10-10 03:20:07.448
"42 km ESE of Farkh?r, Afghanistan",4.0,70.3221,36.4985,220.12,2022-10-08 04:39:29.974
"193 km NNW of Sabang, Indonesia",4.9,94.3936,7.3762,10.0,2022-10-07 11:29:46.857
"Nicobar Islands, India region",4.1,91.1987,8.3607,10.0,2022-10-03 15:44:49.369
"79 km N of P?r?n, Afghanistan",4.4,70.7686,36.1294,91.572,2022-10-02 23:28:25.589
"201 km N of Nagqu, China",4.2,92.3768,33.2718,10.0,2022-10-02 21:12:09.972
"81 km NW of Zangguy, China",4.5,78.0566,37.7503,10.0,2022-10-02 14:15:21.409
"27 km ENE of Rust?q, Afghanistan",4.3,70.0931,37.2556,11.835,2022-10-02 13:24:09.895
"72 km NW of Zangguy, China",4.2,78.1831,37.7411,10.0,2022-10-02 12:41:39.570
"89 km E of Yairipok, India",4.6,94.9256,24.7823,10.0,2022-09-30 02:23:15.751
"78 km SE of Mawlaik, Myanmar",5.6,94.8968,23.1002,150.0,2022-09-29 22:22:36.730
"89 km WNW of Zangguy, China",4.2,77.8283,37.5813,18.405,2022-09-29 09:30:45.704
"Andaman Islands, India region",4.6,92.9479,14.4837,10.0,2022-09-28 12:13:36.124
"75 km SSE of Khand?d, Afghanistan",4.4,72.6568,36.3288,58.337,2022-09-28 05:41:16.561
"15 km WSW of Jhelum, Pakistan",4.3,73.58,32.8847,10.0,2022-09-27 01:04:58.038
"60 km NNW of P?r?n, Afghanistan",4.2,70.6052,35.9041,101.245,2022-09-26 15:07:53.838
"99 km W of Myanaung, Myanmar",4.4,94.3829,18.2251,22.461,2022-09-25 12:02:48.675
"33 km NE of Khand?d, Afghanistan",4.4,72.5349,37.2019,8.499,2022-09-24 09:47:40.971
"40 km SSE of Jurm, Afghanistan",4.0,71.0249,36.5316,199.179,2022-09-23 23:33:08.970
western Xizang,4.4,81.9355,33.6845,10.0,2022-09-23 14:32:28.661
"75 km NNW of P?r?n, Afghanistan",4.5,70.6615,36.0685,107.646,2022-09-22 23:52:59.626
"38 km NW of Zangguy, China",4.6,78.4905,37.552,10.0,2022-09-21 12:16:25.413
"237 km N of Burang, China",4.2,81.4719,32.4185,10.0,2022-09-20 14:08:44.334
Tajikistan,4.4,72.3078,37.9795,121.348,2022-09-20 12:57:22.046
"Hindu Kush region, Afghanistan",4.4,70.603,34.7011,10.0,2022-09-20 04:18:30.861
Afghanistan-Tajikistan-Pakistan region,4.3,71.173,36.4285,207.395,2022-09-19 22:36:13.138
"19 km WNW of Ashk?sham, Afghanistan",4.1,71.3253,36.7216,183.637,2022-09-19 20:44:55.316
"241 km ENE of Leh, India",4.3,80.1396,34.6823,10.0,2022-09-19 19:37:15.598
"244 km ENE of Leh, India",4.7,80.1671,34.6729,10.0,2022-09-19 16:28:27.802
"63 km WNW of Skardu, Pakistan",4.6,74.9896,35.5275,10.0,2022-09-19 04:00:00.077
"184 km ENE of Burang, China",4.1,82.7913,31.2049,16.108,2022-09-19 00:39:26.290
"26 km W of Pakokku, Myanmar",4.5,94.8301,21.3093,128.051,2022-09-18 21:34:13.981
"151 km NE of Thang, India",4.1,77.9225,35.9282,10.0,2022-09-18 15:06:41.302
Afghanistan-Tajikistan-Pakistan region,4.3,71.2341,36.9732,104.279,2022-09-18 14:46:35.427
"105 km NNE of P?sigh?t, India",4.5,95.861,28.8975,10.0,2022-09-18 12:57:55.916
"27 km NW of Sarupathar, India",4.3,96.6018,26.368,122.703,2022-09-17 23:33:29.809
near the south coast of Myanmar,4.3,95.7575,16.6177,10.0,2022-09-17 18:01:48.028
"Nicobar Islands, India region",4.5,91.4602,7.7191,10.0,2022-09-17 02:15:17.988
"139 km NE of Thang, India",4.9,77.7506,35.907,10.0,2022-09-15 22:49:37.729
"71 km SE of Khonsa, India",4.4,96.133,26.6232,10.0,2022-09-13 21:35:13.787
"40 km SSE of Jurm, Afghanistan",4.4,71.0865,36.5582,200.937,2022-09-09 07:33:42.898
western Xizang,4.5,81.911,33.5248,10.0,2022-09-09 03:08:38.655
"142 km NE of Thang, India",4.0,77.7205,35.9625,10.0,2022-09-08 18:56:51.416
"41 km NNW of Ishqoshim, Tajikistan",4.4,71.5176,37.0889,115.673,2022-09-08 08:20:37.535
"143 km NE of Thang, India",4.4,77.8306,35.9009,10.0,2022-09-08 01:50:50.946
Afghanistan-Tajikistan-Pakistan region,4.2,71.2004,36.6965,197.819,2022-09-07 13:22:07.091
"26 km ENE of Jal?l?b?d, Afghanistan",4.6,70.7074,34.5449,10.0,2022-09-07 08:09:13.956
"34 km WSW of Ashk?sham, Afghanistan",4.1,71.1671,36.5732,209.002,2022-09-07 01:02:40.387
"57 km NNE of Falam, Myanmar",4.2,93.8588,23.4002,60.682,2022-09-06 19:20:57.093
western Xizang,4.3,81.9599,33.6179,10.0,2022-09-06 17:21:09.751
"31 km SSW of Jurm, Afghanistan",4.8,70.6462,36.6227,69.06,2022-09-06 07:04:42.759
"34 km ENE of Khorugh, Tajikistan",4.2,71.9369,37.5546,9.803,2022-09-05 15:34:22.993
"22 km NNE of Jal?l?b?d, Afghanistan",4.6,70.5807,34.5991,10.0,2022-09-05 11:57:01.033
"80 km ENE of Nagqu, China",4.4,92.8086,31.8067,10.0,2022-09-05 07:00:02.000
"80 km ENE of Nagqu, China",4.5,92.7896,31.8483,10.0,2022-09-05 05:38:06.906
western Xizang,4.2,88.8317,33.6729,12.679,2022-09-05 00:48:40.985
"35 km NE of Jal?l?b?d, Afghanistan",5.1,70.7117,34.6636,10.0,2022-09-04 21:57:35.743
"14 km ENE of Baghl?n, Afghanistan",4.9,68.863,36.1725,35.0,2022-09-02 17:00:14.416
"Andaman Islands, India region",5.0,93.6367,13.9359,55.814,2022-09-02 07:13:05.499
western Xizang,4.5,82.0102,33.5925,10.0,2022-08-31 09:13:10.583
Afghanistan-Tajikistan-Pakistan region,4.2,71.1575,36.4496,137.894,2022-08-30 08:45:29.038
"113 km NNW of Hayuliang, India",4.2,96.1153,29.024,10.0,2022-08-29 12:54:02.976
Xinjiang-Xizang border region,4.3,81.2853,35.0258,10.0,2022-08-29 12:04:35.708
"185 km SE of Port Blair, India",4.6,93.8489,10.3923,10.0,2022-08-28 03:16:16.963
"103 km SE of Phek, India",4.6,95.2338,25.0099,91.384,2022-08-26 04:52:25.244
"56 km N of P?r?n, Afghanistan",4.4,70.9051,35.928,94.985,2022-08-25 21:25:39.860
"18 km NE of Mawlaik, Myanmar",5.0,94.5482,23.7516,96.15,2022-08-24 21:48:11.227
"16 km E of Doda, India",4.2,75.7219,33.1509,10.0,2022-08-24 17:34:21.884
"283 km SSW of Laojunmiao, China",4.1,96.5515,37.452,10.0,2022-08-24 04:12:10.121
"11 km SE of Kishtw?r, India",4.0,75.8439,33.2367,10.0,2022-08-22 20:50:28.977
"47 km SW of Kh?st, Afghanistan",4.6,69.508,33.0822,35.13,2022-08-22 13:53:55.885
"33 km S of Jurm, Afghanistan",4.1,70.8175,36.561,203.258,2022-08-21 21:00:29.847
"287 km NNW of Sabang, Indonesia",4.5,94.1633,8.2238,10.0,2022-08-21 18:29:48.155
"12 km NE of Dhaurahra, India",4.9,81.1968,28.0619,10.0,2022-08-19 19:42:42.048
"241 km NW of Nagqu, China",4.1,90.2706,33.0358,10.0,2022-08-16 02:22:57.072
"237 km NW of Nagqu, China",4.5,90.4421,33.1189,10.0,2022-08-15 13:05:06.456
"northern Qinghai, China",5.0,93.6677,37.8597,10.0,2022-08-14 21:10:35.090
"184 km NNE of Nagqu, China",4.2,92.8321,33.0004,10.0,2022-08-14 08:24:33.414
"194 km NNE of Nagqu, China",5.7,92.7977,33.1157,5.0,2022-08-14 08:20:00.340
"49 km SSW of Ashk?sham, Afghanistan",4.0,71.2298,36.3121,102.123,2022-08-13 14:58:17.076
"46 km SW of Khorugh, Tajikistan",4.1,71.2229,37.1641,80.839,2022-08-13 00:25:01.044
"44 km WSW of Ashk?sham, Afghanistan",4.6,71.0949,36.5038,143.445,2022-08-12 08:09:47.048
western Xizang,4.1,83.4054,32.6407,10.0,2022-08-10 17:48:16.672
western Xizang,4.0,81.8439,33.6101,10.0,2022-08-10 08:23:38.648
western Xizang,4.4,81.7365,33.581,10.0,2022-08-10 08:15:32.355
"23 km WSW of Ashk?sham, Afghanistan",4.0,71.2897,36.5995,110.101,2022-08-08 04:30:10.945
"193 km SE of Port Blair, India",4.6,93.8306,10.2856,10.349,2022-08-07 15:44:30.673
"26 km W of Ashk?sham, Afghanistan",4.2,71.2334,36.6671,228.415,2022-08-06 15:21:34.383
"31 km WNW of Kirtipur, Nepal",4.4,84.9833,27.7936,10.0,2022-08-05 23:41:04.059
"41 km SW of Ashk?sham, Afghanistan",3.9,71.1844,36.4332,143.347,2022-08-05 03:21:05.826
Afghanistan-Tajikistan-Pakistan region,4.6,71.3235,36.4812,98.864,2022-08-04 19:08:10.347
"56 km NW of Wana, Pakistan",4.3,69.0816,32.5867,10.0,2022-08-02 13:42:24.461
"26 km W of Bhojpur, Nepal",5.1,86.7827,27.1316,10.0,2022-07-31 02:28:08.777
"27 km NE of Shibganj, Bangladesh",4.0,89.5344,25.1564,10.0,2022-07-30 20:00:00.283
"14 km NNW of Baikunthpur, India",4.7,82.5056,23.3819,9.957,2022-07-28 19:26:46.105
"53 km SSW of Jurm, Afghanistan",4.9,70.591,36.4291,216.706,2022-07-26 20:37:18.652
"25 km NE of Khawhai, India",4.6,93.2709,23.5693,42.7,2022-07-26 15:13:43.440
"247 km ENE of Leh, India",4.2,80.2097,34.644,10.0,2022-07-26 03:12:07.119
"20 km NNE of Nagarkot, Nepal",4.3,85.5825,27.8961,10.0,2022-07-25 00:22:09.402
"5 km NW of Uttark?shi, India",4.0,78.396,30.7594,20.888,2022-07-24 07:06:54.744
"18 km ESE of Mawlaik, Myanmar",4.3,94.5663,23.559,110.324,2022-07-19 21:38:16.700
"53 km W of Miran Shah, Pakistan",4.1,69.5038,32.9587,10.0,2022-07-19 01:09:59.630
"55 km SW of Kh?st, Afghanistan",4.3,69.4451,33.0329,10.0,2022-07-18 19:23:14.084
"33 km SSE of Jurm, Afghanistan",4.9,70.9833,36.5911,208.72,2022-07-18 14:38:21.481
"50 km SW of Kh?st, Afghanistan",5.2,69.4864,33.0608,10.0,2022-07-18 12:22:44.372
"26 km SE of Jurm, Afghanistan",4.3,71.0468,36.6953,211.03,2022-07-18 11:34:30.969
"58 km SE of Kakching, India",4.5,94.4481,24.1883,76.459,2022-07-16 18:12:48.028
"31 km ESE of Kabul, Afghanistan",4.3,69.4929,34.4397,48.584,2022-07-16 11:35:02.161
"37 km S of Tag?b, Afghanistan",4.7,69.6798,34.5144,35.746,2022-07-16 11:27:35.315
"16 km W of Kyaukse, Myanmar",4.3,95.9779,21.5808,12.791,2022-07-16 10:01:31.028
"62 km NW of Shwebo, Myanmar",4.4,95.3111,23.0067,10.197,2022-07-15 23:48:49.478
"34 km E of Dera Bugti, Pakistan",4.6,69.5091,29.0575,10.0,2022-07-15 22:22:12.994
"217 km SE of Port Blair, India",4.4,94.1785,10.3022,10.0,2022-07-14 01:36:40.836
Bay of Bengal,4.8,85.9923,7.0288,10.0,2022-07-13 07:48:10.883
"72 km NNW of P?r?n, Afghanistan",4.2,70.7605,36.0582,110.08,2022-07-12 05:12:04.111
"31 km WSW of Ashk?sham, Afghanistan",4.2,71.2331,36.5302,204.14,2022-07-12 04:35:19.618
"15 km NNW of Baikunthpur, India",4.6,82.4802,23.3845,10.0,2022-07-11 02:40:01.281
"37 km SE of D?rchul?, Nepal",4.2,80.8736,29.6405,10.0,2022-07-10 14:04:39.640
"Karnataka, India",4.5,75.7188,16.9254,10.0,2022-07-09 00:52:02.519
"215 km SE of Port Blair, India",4.5,94.1649,10.3187,10.0,2022-07-08 21:34:33.544
"Nicobar Islands, India region",4.1,94.2657,9.921,10.0,2022-07-08 21:23:56.176
"Andaman Islands, India region",5.2,94.1885,10.4818,10.0,2022-07-08 21:04:40.152
"204 km SE of Port Blair, India",4.2,94.0642,10.3507,10.0,2022-07-08 19:36:45.401
"213 km SE of Port Blair, India",4.8,94.2296,10.4109,10.0,2022-07-08 19:16:14.912
"213 km SE of Port Blair, India",4.5,94.1827,10.3602,10.0,2022-07-08 19:15:46.921
"49 km SSE of Jurm, Afghanistan",4.0,71.0547,36.4514,134.96,2022-07-08 11:51:00.494
"41 km NE of Ziro, India",4.3,94.1134,27.8815,10.0,2022-07-08 04:30:25.912
"40 km ENE of Pyu, Myanmar",4.6,96.782,18.6394,10.0,2022-07-07 21:01:15.773
"43 km SW of Ashk?sham, Afghanistan",4.2,71.1755,36.4242,89.0,2022-07-07 17:41:26.999
"41 km NNE of B?z?rak, Afghanistan",4.3,69.7582,35.6261,88.86,2022-07-07 05:09:20.056
"198 km SE of Port Blair, India",4.3,94.0481,10.4157,10.0,2022-07-07 01:02:12.039
"220 km SE of Port Blair, India",4.6,94.2494,10.3391,10.0,2022-07-06 19:51:51.066
"203 km SE of Port Blair, India",4.5,94.1129,10.4174,10.0,2022-07-06 18:31:23.829
"226 km SE of Port Blair, India",4.5,94.3816,10.4009,10.0,2022-07-06 17:52:00.412
"202 km SE of Port Blair, India",4.5,94.0749,10.3877,10.0,2022-07-06 15:16:27.036
"215 km SE of Port Blair, India",4.9,94.2181,10.368,10.0,2022-07-06 08:01:06.482
"Andaman Islands, India region",4.0,94.1081,10.3261,10.0,2022-07-06 00:32:44.303
"199 km SE of Port Blair, India",4.9,94.1034,10.4628,10.0,2022-07-06 00:26:14.626
"63 km SW of Pyay, Myanmar",4.1,94.7462,18.4692,49.73,2022-07-05 16:29:50.146
"197 km SE of Port Blair, India",4.9,94.1619,10.553,10.0,2022-07-05 14:50:19.975
"207 km SE of Port Blair, India",4.2,94.1516,10.3995,10.0,2022-07-05 13:16:44.407
"Andaman Islands, India region",4.0,94.2379,10.3821,10.0,2022-07-05 11:12:51.217
"205 km SE of Port Blair, India",4.2,94.1424,10.4254,10.0,2022-07-05 10:24:13.165
"230 km SE of Port Blair, India",4.7,94.3324,10.2992,10.0,2022-07-05 09:44:02.616
"204 km SE of Port Blair, India",4.3,94.0983,10.3821,10.0,2022-07-05 08:19:07.720
"218 km SE of Port Blair, India",4.8,94.1562,10.2608,10.0,2022-07-05 07:48:33.145
"217 km SE of Port Blair, India",4.3,94.1991,10.3286,10.0,2022-07-05 06:46:45.203
"228 km SE of Port Blair, India",5.0,94.2833,10.2666,10.0,2022-07-05 06:06:13.690
"182 km SE of Port Blair, India",4.3,93.87,10.4449,10.0,2022-07-05 03:21:57.190
"206 km SE of Port Blair, India",4.9,94.0598,10.3288,10.0,2022-07-05 02:34:57.675
"213 km SE of Port Blair, India",4.2,94.0501,10.2316,10.0,2022-07-05 01:10:46.372
"Andaman Islands, India region",5.4,94.2534,10.3277,10.0,2022-07-05 00:26:56.477
"194 km SE of Port Blair, India",4.5,93.8421,10.2778,10.0,2022-07-05 00:10:04.562
"200 km SE of Port Blair, India",4.5,94.0743,10.4198,10.0,2022-07-04 23:38:46.553
"227 km SE of Port Blair, India",4.6,94.2382,10.2329,10.0,2022-07-04 23:15:13.225
"206 km SE of Port Blair, India",4.2,94.1965,10.4627,10.0,2022-07-04 21:59:01.988
"214 km SE of Port Blair, India",4.9,94.1408,10.3032,10.0,2022-07-04 21:24:41.456
"216 km SE of Port Blair, India",4.4,94.2584,10.4048,10.0,2022-07-04 21:18:26.125
"219 km SE of Port Blair, India",4.9,94.2481,10.3526,10.0,2022-07-04 21:03:56.176
"Andaman Islands, India region",4.9,94.2649,10.4204,10.0,2022-07-04 20:43:48.593
"Andaman Islands, India region",4.9,94.1795,10.5545,10.0,2022-07-04 20:18:13.150
"Andaman Islands, India region",4.5,94.0024,10.2384,10.0,2022-07-04 20:02:48.649
"229 km SE of Port Blair, India",4.6,94.4605,10.4646,10.0,2022-07-04 20:00:39.497
"201 km SE of Port Blair, India",5.0,93.9224,10.2638,10.0,2022-07-04 19:36:57.000
"176 km SE of Port Blair, India",4.6,93.6866,10.3725,10.0,2022-07-04 19:16:36.014
"222 km SE of Port Blair, India",4.2,94.1024,10.1636,10.0,2022-07-04 18:33:26.316
"213 km SE of Port Blair, India",4.7,94.2287,10.4137,10.0,2022-07-04 18:07:44.228
"Andaman Islands, India region",4.8,94.1027,10.2429,10.0,2022-07-04 18:04:26.023
"214 km SE of Port Blair, India",4.1,94.2442,10.4139,10.0,2022-07-04 18:03:50.250
"213 km SE of Port Blair, India",4.9,94.2504,10.4304,10.0,2022-07-04 17:31:21.363
"217 km SE of Port Blair, India",4.2,94.244,10.3736,10.0,2022-07-04 15:13:07.749
"212 km SE of Port Blair, India",4.4,94.1286,10.3123,10.0,2022-07-04 15:03:43.220
"242 km SE of Port Blair, India",4.5,94.1363,9.9627,10.0,2022-07-04 14:19:39.150
"Andaman Islands, India region",4.5,94.0109,10.3479,10.0,2022-07-04 14:16:07.734
"Andaman Islands, India region",4.2,94.1421,10.3415,10.0,2022-07-04 13:48:36.387
"207 km SE of Port Blair, India",4.3,94.1791,10.4368,10.0,2022-07-04 12:56:53.028
"226 km SE of Port Blair, India",4.5,94.2256,10.2341,10.0,2022-07-04 12:51:33.584
"234 km SE of Port Blair, India",4.6,94.2325,10.1412,10.0,2022-07-04 12:20:35.476
"219 km SE of Port Blair, India",5.0,94.2851,10.3944,10.0,2022-07-04 11:48:11.309
"215 km SE of Port Blair, India",4.1,94.2815,10.4407,10.0,2022-07-04 11:15:37.887
"southern Xinjiang, China",4.5,83.3899,36.5046,10.0,2022-07-04 10:37:16.873
"Andaman Islands, India region",4.5,94.1822,10.4709,10.0,2022-07-04 10:09:05.632
"Andaman Islands, India region",5.0,94.1964,10.3591,10.0,2022-07-04 09:55:18.979
"212 km SE of Port Blair, India",4.5,94.2342,10.4254,10.0,2022-07-04 09:46:49.717
"212 km SE of Port Blair, India",4.7,94.1744,10.3642,10.0,2022-07-04 09:32:33.341
"197 km SE of Port Blair, India",4.3,93.8591,10.2576,10.0,2022-07-04 09:11:06.457
"214 km SE of Port Blair, India",5.0,94.1437,10.3072,10.0,2022-07-04 09:07:03.697
"183 km SE of Port Blair, India",4.2,93.9883,10.5491,10.0,2022-07-04 08:54:19.874
"202 km SE of Port Blair, India",4.3,94.0101,10.3254,10.0,2022-07-04 08:53:26.096
"218 km SE of Port Blair, India",4.3,94.0655,10.1855,10.0,2022-07-04 08:46:51.549
"214 km SE of Port Blair, India",4.1,94.1393,10.298,10.0,2022-07-04 08:40:50.995
"204 km SE of Port Blair, India",5.1,94.1413,10.4305,10.0,2022-07-04 08:36:19.007
"210 km SE of Port Blair, India",4.5,94.1035,10.3129,10.0,2022-07-04 08:31:12.958
"220 km SE of Port Blair, India",4.4,94.2046,10.2936,10.0,2022-07-04 08:25:27.023
"204 km SE of Port Blair, India",4.8,94.033,10.3181,10.0,2022-07-04 08:02:38.928
"197 km SE of Port Blair, India",4.2,93.9764,10.3636,10.0,2022-07-04 08:01:24.837
"202 km SE of Port Blair, India",4.3,94.1576,10.4776,10.0,2022-07-04 07:29:30.021
"209 km SE of Port Blair, India",4.3,94.175,10.4084,10.0,2022-07-04 07:21:12.801
"231 km ESE of Port Blair, India",4.2,94.5486,10.5715,10.0,2022-07-04 06:17:45.344
"Andaman Islands, India region",4.3,94.0759,10.266,10.0,2022-07-04 05:59:26.188
"204 km SE of Port Blair, India",4.7,94.0742,10.3658,10.0,2022-07-04 05:35:51.743
"203 km SE of Port Blair, India",4.1,94.071,10.3683,10.0,2022-07-04 05:04:49.855
"33 km ESE of Khorugh, Tajikistan",4.0,71.873,37.3368,166.86,2022-07-03 09:43:15.098
"43 km WNW of Myaydo, Myanmar",5.1,94.8605,19.5636,10.0,2022-07-03 02:26:12.521
"142 km NW of Sabang, Indonesia",4.2,94.4839,6.8777,107.84,2022-07-02 01:50:04.047
"20 km N of Samtse, Bhutan",4.2,89.0981,27.0855,10.0,2022-07-01 21:23:45.408
"24 km NNW of Zangguy, China",5.0,78.6539,37.4844,10.0,2022-07-01 20:13:12.424
"22 km NNW of Daphu, Bhutan",4.2,89.2837,27.1505,10.0,2022-07-01 18:29:53.402
"46 km SSE of Mawlaik, Myanmar",4.6,94.5018,23.2297,95.51,2022-06-29 18:01:58.223
"49 km S of Jurm, Afghanistan",4.8,70.7633,36.4184,209.373,2022-06-29 04:30:31.097
"11 km SE of Rohtak, India",3.7,76.6692,28.8231,10.0,2022-06-27 22:49:50.675
"Hindu Kush region, Afghanistan",3.5,70.8165,36.4865,145.65,2022-06-25 21:12:01.215
"54 km NW of Chauk, Myanmar",4.0,94.481,21.2769,103.07,2022-06-25 00:47:29.977
"49 km W of Miran Shah, Pakistan",4.2,69.5438,33.0083,10.0,2022-06-24 01:43:29.039
"48 km SW of Jurm, Afghanistan",4.3,70.5109,36.5151,220.16,2022-06-23 03:56:52.409
"44 km SSW of Jurm, Afghanistan",4.2,70.729,36.4687,214.33,2022-06-23 01:48:58.334
"14 km ESE of Chitre, Nepal",4.6,83.8247,28.3742,10.0,2022-06-22 22:11:46.712
"172 km SW of Port Blair, India",4.6,91.6122,10.5852,10.0,2022-06-22 14:25:32.357
"52 km W of Miran Shah, Pakistan",4.5,69.5099,32.9999,10.0,2022-06-21 21:50:24.948
"55 km SW of Kh?st, Afghanistan",6.0,69.4639,33.0203,4.0,2022-06-21 20:54:34.410
"175 km SW of Port Blair, India",4.2,91.58,10.576,10.0,2022-06-21 01:45:48.714
"49 km S of Jurm, Afghanistan",4.1,70.8008,36.4196,116.41,2022-06-21 00:49:18.013
"51 km SW of Ashk?sham, Afghanistan",4.8,71.1179,36.3681,89.766,2022-06-17 12:25:14.704
"39 km WSW of Ashk?sham, Afghanistan",5.1,71.1541,36.5049,220.21,2022-06-17 09:22:58.499
"35 km SSE of Jurm, Afghanistan",3.9,71.0265,36.5803,219.13,2022-06-14 14:48:27.431
"39 km SW of Ashk?sham, Afghanistan",4.9,71.1703,36.4814,208.81,2022-06-14 07:35:44.604
"35 km S of Jurm, Afghanistan",4.2,70.8475,36.5427,201.87,2022-06-13 17:56:04.463
"72 km S of Mawlaik, Myanmar",4.3,94.531,22.9945,100.41,2022-06-13 15:44:41.452
"114 km ESE of Murghob, Tajikistan",4.3,75.1955,37.8328,61.33,2022-06-13 15:06:54.108
western Xizang,4.1,85.3048,34.4072,10.0,2022-06-13 06:19:03.031
"47 km S of Jurm, Afghanistan",4.3,70.7682,36.4393,207.83,2022-06-13 05:34:35.715
"37 km SSW of Khorugh, Tajikistan",4.2,71.3287,37.2025,113.04,2022-06-13 00:57:42.633
Xinjiang-Xizang border region,4.2,84.0547,35.5307,20.52,2022-06-12 22:31:03.964
"69 km ESE of Farkh?r, Afghanistan",4.2,70.5255,36.2613,93.46,2022-06-12 15:49:07.165
Afghanistan-Tajikistan-Pakistan region,3.8,71.1786,36.6728,218.52,2022-06-10 23:09:21.293
"5 km NE of Madhyapur Thimi, Nepal",3.6,85.4181,27.7199,15.03,2022-06-10 20:51:21.586
"6 km ENE of Khorugh, Tajikistan",4.2,71.6239,37.5127,107.61,2022-06-09 00:22:47.413
"51 km E of Khorugh, Tajikistan",4.1,72.1372,37.4467,210.06,2022-06-08 21:22:52.362
"156 km NE of Thang, India",4.4,77.9967,35.9367,10.0,2022-06-08 09:25:29.205
Kashmir-Xinjiang border region,4.9,77.8975,35.9196,10.0,2022-06-08 06:52:24.266
"36 km SSE of Jurm, Afghanistan",4.5,71.01,36.563,190.17,2022-06-07 16:57:24.471
"11 km SE of Jurm, Afghanistan",4.1,70.9227,36.7838,68.33,2022-06-06 14:09:28.249
"Nicobar Islands, India region",5.0,93.6949,8.9674,73.24,2022-06-05 09:11:46.078
"45 km SSW of Jurm, Afghanistan",4.7,70.6659,36.4806,199.29,2022-06-04 13:59:05.096
"68 km NW of Mogok, Myanmar",4.2,95.957,23.2613,10.0,2022-06-02 22:40:29.049
"19 km WSW of Ashk?sham, Afghanistan",4.2,71.3306,36.6304,228.18,2022-06-02 13:45:51.466
"73 km S of Jurm, Afghanistan",4.2,70.9262,36.2021,91.96,2022-06-02 04:18:04.591
"96 km NNW of Pathein, Myanmar",4.3,94.253,17.5218,10.0,2022-06-02 03:25:38.465
"90 km NW of Pathein, Myanmar",5.2,94.2503,17.4476,26.0,2022-06-01 16:43:15.623
"43 km N of Khand?d, Afghanistan",4.4,72.235,37.3399,201.27,2022-06-01 03:35:56.256
"33 km WNW of Khand?d, Afghanistan",4.6,71.9542,37.0407,154.11,2022-05-31 04:40:26.266
"68 km SE of Mon, India",4.3,95.6051,26.3635,95.69,2022-05-31 04:39:39.616
"99 km N of Nagqu, China",4.0,91.863,32.3573,10.0,2022-05-31 04:15:12.926
"Nicobar Islands, India region",4.3,91.7514,7.7406,10.0,2022-05-29 10:52:56.176
"53 km SW of Ashk?sham, Afghanistan",4.1,71.1718,36.2961,108.76,2022-05-27 12:42:36.032
"159 km NNE of Bamboo Flat, India",4.5,93.4548,12.9434,77.17,2022-05-27 02:20:15.367
"92 km N of Nagqu, China",4.3,91.9309,32.3026,10.0,2022-05-26 12:43:20.234
"82 km NNW of Nagqu, China",4.8,91.8806,32.2082,10.0,2022-05-26 07:48:48.465
"6 km SSE of Farkh?r, Afghanistan",4.1,69.8883,36.5161,152.1,2022-05-24 08:23:30.473
"62 km SE of Farkh?r, Afghanistan",4.9,70.2878,36.1297,109.66,2022-05-24 07:11:22.103
"Southern Qinghai, China",4.1,96.66,34.415,10.0,2022-05-24 02:04:37.266
"Southern Qinghai, China",4.1,96.5312,34.5812,12.75,2022-05-23 19:11:04.022
"44 km ESE of Falam, Myanmar",4.4,94.0827,22.7741,13.98,2022-05-23 03:56:45.915
"34 km E of Farkh?r, Afghanistan",4.4,70.2417,36.531,211.85,2022-05-22 09:37:42.209
"21 km WSW of Falam, Myanmar",4.5,93.4891,22.8336,47.2,2022-05-21 03:14:07.365
"43 km NE of Kod?ri??, Nepal",4.2,86.2888,28.2186,70.83,2022-05-21 02:45:09.223
"20 km W of Farkh?r, Afghanistan",4.5,69.6313,36.5642,45.5,2022-05-20 21:42:23.258
"113 km WSW of Myitkyina, Myanmar",4.3,96.3401,25.0186,10.0,2022-05-20 18:39:16.682
"29 km SE of Khorugh, Tajikistan",4.1,71.8184,37.3352,196.89,2022-05-20 02:24:17.413
"26 km ENE of Jurm, Afghanistan",4.7,71.1286,36.9172,77.39,2022-05-18 07:46:56.302
"55 km N of Khand?d, Afghanistan",4.1,72.2624,37.4476,197.41,2022-05-17 05:20:07.518
"191 km NNW of Sabang, Indonesia",4.4,94.4289,7.3781,10.0,2022-05-16 03:29:06.717
"9 km NNE of Morigaon, India",4.1,92.3725,26.3342,10.0,2022-05-15 16:17:04.821
Afghanistan-Tajikistan border region,4.0,71.7777,37.5197,114.27,2022-05-15 08:24:52.338
"32 km SE of Jurm, Afghanistan",4.3,71.1161,36.6811,209.14,2022-05-13 22:18:14.299
Myanmar,4.3,96.717,25.6457,10.0,2022-05-13 12:26:04.558
"54 km S of Sarupathar, India",4.4,96.8176,25.7111,10.0,2022-05-13 07:09:28.657
"56 km S of Sarupathar, India",4.3,96.8329,25.6938,10.0,2022-05-13 06:13:55.734
"20 km NNE of Chamba, India",4.6,76.2415,32.7165,10.0,2022-05-13 02:16:42.668
western Xizang,4.2,87.7981,33.9546,10.0,2022-05-12 13:27:23.896
"37 km S of Jurm, Afghanistan",4.0,70.8281,36.5242,188.85,2022-05-11 14:34:52.462
"37 km SSE of Jurm, Afghanistan",3.9,71.0477,36.5754,204.41,2022-05-11 09:43:13.280
"16 km NW of Dh?rchula, India",4.9,80.4219,29.9682,33.06,2022-05-11 04:33:11.628
"34 km SSE of Jurm, Afghanistan",3.9,71.0161,36.5925,219.45,2022-05-11 02:29:00.454
"34 km SSE of Jurm, Afghanistan",4.2,70.9769,36.5749,214.05,2022-05-10 13:44:31.496
"203 km SE of Port Blair, India",4.6,93.8413,10.179,10.0,2022-05-09 22:08:05.153
"232 km SSE of Port Blair, India",4.5,93.498,9.7019,10.0,2022-05-09 22:06:30.273
"245 km NE of Bamboo Flat, India",4.2,94.0795,13.4647,10.0,2022-05-09 17:16:16.683
"210 km SE of Port Blair, India",4.3,94.152,10.3663,10.0,2022-05-09 16:10:23.667
"188 km NW of Sabang, Indonesia",4.7,94.1029,7.0812,70.45,2022-05-08 19:41:38.114
"42 km SW of Ashk?sham, Afghanistan",4.3,71.1694,36.4392,142.19,2022-05-05 16:59:55.459
"45 km ESE of Farkh?r, Afghanistan",4.2,70.3496,36.4617,200.14,2022-05-05 11:54:31.816
"14 km E of Khorugh, Tajikistan",5.0,71.7198,37.4966,108.39,2022-05-05 00:05:42.889
"149 km SSW of Port Blair, India",4.6,92.4602,10.3401,30.51,2022-05-04 20:36:17.083
"36 km SSE of Jurm, Afghanistan",4.2,70.9706,36.5505,206.04,2022-05-01 19:06:43.287
"64 km ESE of Falam, Myanmar",5.0,94.2561,22.6784,90.81,2022-05-01 15:15:39.093
"149 km NE of Thang, India",4.4,77.9188,35.9168,10.0,2022-05-01 13:52:59.667
"166 km NNE of Bamboo Flat, India",4.5,93.0378,13.1672,42.04,2022-04-30 17:34:05.382
"29 km SE of Khorugh, Tajikistan",4.0,71.7429,37.2689,127.0,2022-04-26 14:38:04.261
"69 km ESE of Farkh?r, Afghanistan",4.2,70.5074,36.2389,143.19,2022-04-25 19:15:26.215
"44 km SW of Ashk?sham, Afghanistan",4.1,71.2166,36.3713,131.74,2022-04-25 10:11:20.587
"244 km NE of Burang, China",4.3,83.1271,31.7278,10.0,2022-04-24 09:56:45.185
"181 km WSW of Zangguy, China",4.3,76.8247,36.7806,94.87,2022-04-24 09:23:41.724
"205 km NNW of Sabang, Indonesia",4.6,94.3067,7.4454,10.0,2022-04-23 04:19:29.630
"167 km WSW of Zangguy, China",4.3,77.0189,36.7229,110.9,2022-04-22 13:20:17.112
"203 km NW of Sabang, Indonesia",4.4,94.2504,7.3858,10.0,2022-04-22 13:00:50.469
"44 km SSW of Jurm, Afghanistan",4.0,70.7099,36.4763,145.68,2022-04-22 11:05:37.991
"255 km N of Bamboo Flat, India",4.9,92.9511,13.9992,10.0,2022-04-22 03:51:27.747
"44 km SE of Mawlaik, Myanmar",4.1,94.7118,23.3586,111.13,2022-04-18 02:57:52.081
"92 km WSW of Sarupathar, India",4.3,95.9133,25.9974,79.64,2022-04-17 22:31:39.157
Myanmar-India border region,4.1,94.8228,25.3875,74.41,2022-04-16 23:51:26.153
"79 km N of P?r?n, Afghanistan",4.3,70.7954,36.1336,107.78,2022-04-15 12:04:04.325
"33 km SE of Jurm, Afghanistan",3.9,71.0771,36.635,207.4,2022-04-15 02:41:17.591
"180 km NNW of Sabang, Indonesia",4.7,94.4596,7.2769,10.0,2022-04-13 16:53:45.278
"198 km NW of Sabang, Indonesia",4.3,94.2948,7.3693,10.0,2022-04-12 14:35:47.003
"20 km E of Farkh?r, Afghanistan",4.2,70.0785,36.5387,169.33,2022-04-12 11:20:15.526
"22 km SW of Doaba, Pakistan",4.8,70.5607,33.2832,41.19,2022-04-11 01:41:41.895
"16 km WSW of Ashk?sham, Afghanistan",4.3,71.3624,36.6348,98.32,2022-04-11 01:29:34.599
"188 km NNW of Sabang, Indonesia",5.1,94.48,7.3744,10.0,2022-04-10 14:17:30.805
"186 km NNW of Sabang, Indonesia",5.2,94.4315,7.3212,8.33,2022-04-10 13:34:28.143
"183 km NW of Sabang, Indonesia",4.4,94.1818,7.1064,10.0,2022-04-10 11:28:42.542
"180 km NNW of Sabang, Indonesia",5.1,94.4884,7.2942,10.0,2022-04-10 10:43:25.439
"188 km NW of Sabang, Indonesia",4.5,94.3033,7.256,10.0,2022-04-10 10:20:16.659
"187 km NNW of Sabang, Indonesia",4.4,94.3791,7.3055,10.0,2022-04-10 04:32:56.838
"195 km NNW of Sabang, Indonesia",4.6,94.3376,7.3661,10.0,2022-04-10 01:55:15.706
"189 km NNW of Sabang, Indonesia",5.4,94.4408,7.3666,6.21,2022-04-10 01:32:23.491
"51 km SW of Ashk?sham, Afghanistan",4.1,71.133,36.3452,103.25,2022-04-09 21:16:58.222
"99 km NNW of Lobujya, Nepal",4.2,86.5315,28.8085,10.0,2022-04-09 18:38:37.466
"16 km N of Barkot, India",4.3,78.2383,30.9544,10.0,2022-04-09 11:22:33.744
"45 km ESE of Khorugh, Tajikistan",4.5,72.0117,37.3015,165.09,2022-04-07 07:10:04.415
"178 km NW of Sabang, Indonesia",4.4,94.3492,7.1856,10.0,2022-04-06 12:37:17.305
"196 km NNW of Sabang, Indonesia",4.8,94.4187,7.4278,10.0,2022-04-06 06:07:11.759
"202 km NNW of Sabang, Indonesia",5.5,94.3078,7.423,10.0,2022-04-06 05:29:43.954
"142 km SW of Shache, China",4.2,75.9554,37.6329,115.8,2022-04-06 04:54:03.783
"30 km SSE of Jurm, Afghanistan",4.1,70.9879,36.6154,212.07,2022-04-04 17:43:24.653
"169 km NW of Sabang, Indonesia",4.4,94.192,6.9324,10.0,2022-04-04 07:23:41.944
"35 km SSE of Jurm, Afghanistan",4.6,70.9955,36.577,202.7,2022-04-03 22:58:41.923
"63 km E of Nahr?n, Afghanistan",4.2,69.8291,36.0018,101.15,2022-04-03 15:00:03.555
"21 km W of Hulbuk, Tajikistan",4.2,69.4042,37.7902,10.0,2022-04-03 07:48:16.739
"156 km SSW of Zangguy, China",4.5,77.9318,36.0451,10.0,2022-04-02 17:53:47.510
"60 km SE of Gilgit, Pakistan",4.4,74.8138,35.5596,66.44,2022-03-31 07:22:11.235
"58 km ENE of Falam, Myanmar",4.0,94.1874,23.1411,47.16,2022-03-31 01:18:26.345
"156 km NE of Thang, India",4.3,78.0076,35.9287,10.0,2022-03-30 10:14:41.835
"154 km NE of Thang, India",4.3,77.9296,35.9605,10.0,2022-03-29 01:59:33.433
"Andaman Islands, India region",4.7,93.0229,14.6269,10.0,2022-03-28 21:22:33.266
"133 km NNE of Bamboo Flat, India",4.2,92.9804,12.8771,26.21,2022-03-25 17:58:26.461
"59 km NW of Skardu, Pakistan",4.0,75.2199,35.7092,10.0,2022-03-23 01:29:17.462
northwestern Kashmir,4.1,74.9006,35.6142,46.47,2022-03-22 20:11:39.450
"10 km W of Farkh?r, Afghanistan",4.2,69.7435,36.5693,170.8,2022-03-22 18:14:34.649
"76 km SW of Ashk?sham, Afghanistan",4.2,70.9778,36.1622,92.2,2022-03-22 14:23:44.906
"49 km WSW of Ashk?sham, Afghanistan",4.2,71.0645,36.4529,119.6,2022-03-22 05:22:33.846
"58 km E of Khorugh, Tajikistan",4.4,72.2188,37.503,183.49,2022-03-21 15:20:27.807
"63 km NW of Skardu, Pakistan",4.2,75.0961,35.661,10.0,2022-03-21 13:43:56.499
"61 km SE of W?ngjing, India",4.5,94.4865,24.1944,82.38,2022-03-21 06:36:03.776
"Andaman Islands, India region",4.1,93.0222,14.5923,10.0,2022-03-20 21:54:49.023
"68 km WNW of Skardu, Pakistan",4.5,74.9652,35.5881,10.0,2022-03-20 13:06:56.543
western Xizang,4.3,87.6878,34.389,10.0,2022-03-20 04:36:33.979
"69 km E of Khorugh, Tajikistan",4.2,72.3275,37.593,193.55,2022-03-19 06:22:21.782
"31 km SSE of Khorugh, Tajikistan",4.0,71.74,37.2502,128.69,2022-03-18 12:54:05.902
"30 km WNW of Imph?l, India",4.4,93.6502,24.8691,40.97,2022-03-18 05:40:18.475
"9 km SW of B?rew?la, Pakistan",4.3,72.5726,30.1073,10.0,2022-03-18 02:54:09.608
"153 km NE of Thang, India",4.1,77.9458,35.9368,10.0,2022-03-17 17:35:00.416
"156 km NE of Thang, India",5.1,77.9099,35.9998,10.0,2022-03-17 13:41:18.468
"54 km NNW of Skardu, Pakistan",4.1,75.3139,35.7142,10.0,2022-03-16 16:10:46.275
"65 km ESE of Gilgit, Pakistan",5.1,74.9251,35.5965,10.0,2022-03-16 13:35:23.288
"155 km NE of Thang, India",4.3,77.9888,35.9335,10.0,2022-03-16 06:10:12.001
"151 km NE of Thang, India",4.1,77.9477,35.9093,10.0,2022-03-16 03:41:25.723
"176 km NNE of Shi Yomi, India",4.1,95.07,29.9999,35.0,2022-03-15 02:51:06.411
"40 km NW of Khand?d, Afghanistan",4.1,71.9679,37.1836,148.48,2022-03-15 02:07:05.869
"46 km NNE of Falam, Myanmar",4.1,93.9006,23.2811,10.0,2022-03-15 00:25:52.672
"112 km N of Thang, India",4.2,76.8204,35.9455,10.0,2022-03-14 06:46:59.632
Afghanistan-Tajikistan border region,4.3,69.9017,37.1373,10.0,2022-03-13 14:39:34.674
"42 km WNW of Khand?d, Afghanistan",4.3,71.8578,37.0643,156.47,2022-03-13 13:12:34.068
"211 km SW of Pathein, Myanmar",4.3,93.5518,15.2481,10.0,2022-03-13 03:28:16.992
"90 km ESE of Falam, Myanmar",4.5,94.5412,22.7307,101.22,2022-03-13 01:11:03.000
"35 km ESE of Khorugh, Tajikistan",4.6,71.9394,37.4076,135.11,2022-03-11 20:52:18.664
"140 km NE of Thang, India",4.5,77.8078,35.8865,10.0,2022-03-10 19:28:51.759
"76 km SE of Farkh?r, Afghanistan",4.1,70.4466,36.0746,105.46,2022-03-08 14:22:15.105
"65 km SW of Ashk?sham, Afghanistan",4.2,71.1034,36.2025,98.22,2022-03-07 15:58:38.291
"38 km ESE of Farkh?r, Afghanistan",4.3,70.2667,36.4567,205.91,2022-03-06 21:30:58.594
western Xizang,4.6,81.891,33.636,10.0,2022-03-04 04:07:51.771
"79 km SE of Farkh?r, Afghanistan",4.8,70.573,36.1554,86.62,2022-03-03 14:13:13.485
"164 km NNE of Shi Yomi, India",4.4,95.0011,29.9082,10.0,2022-03-03 08:47:06.403
"164 km NNE of Shi Yomi, India",4.1,94.9732,29.9171,10.0,2022-03-03 08:19:05.856
"34 km NE of B?z?rak, Afghanistan",5.2,69.7845,35.5378,91.19,2022-03-02 09:58:27.468
"Southern Qinghai, China",4.8,95.7805,35.8038,10.0,2022-03-02 00:18:48.927
"45 km ESE of Monywa, Myanmar",4.2,95.541,21.9422,10.0,2022-02-28 07:54:41.204
"73 km NNE of P?r?n, Afghanistan",4.2,71.0861,36.071,97.05,2022-02-26 05:50:45.822
"17 km NNE of Dharamsala, India",3.6,76.3939,32.3654,10.0,2022-02-25 07:29:03.263
"49 km ESE of Farkh?r, Afghanistan",4.5,70.4004,36.4695,201.34,2022-02-25 00:11:56.596
"9 km SE of Sar?han, India",4.2,77.8709,31.4596,10.0,2022-02-23 04:28:24.354
"12 km NW of Baghl?n, Afghanistan",4.0,68.6023,36.1973,44.93,2022-02-22 14:59:30.901
"64 km WNW of Skardu, Pakistan",4.4,75.0229,35.6023,10.0,2022-02-22 03:05:23.758
"32 km ESE of Farkh?r, Afghanistan",4.2,70.2034,36.4875,216.15,2022-02-21 20:27:44.295
"36 km S of Jurm, Afghanistan",4.0,70.8793,36.538,201.38,2022-02-21 16:24:33.784
"22 km W of Hakha, Myanmar",4.6,93.3976,22.6801,48.71,2022-02-21 15:23:43.852
"9 km W of Ashk?sham, Afghanistan",4.2,71.4306,36.6922,178.84,2022-02-21 05:47:49.574
"107 km WSW of Qamdo, China",4.5,96.1421,30.7466,10.0,2022-02-20 23:09:50.841
"248 km ESE of Port Blair, India",4.3,94.8857,10.8986,10.0,2022-02-20 11:43:42.215
"44 km SSW of Jurm, Afghanistan",4.3,70.6836,36.4782,198.87,2022-02-20 11:27:00.420
"34 km WNW of Khand?d, Afghanistan",4.2,71.9409,37.0376,169.92,2022-02-20 11:04:15.307
"24 km ESE of Farkh?r, Afghanistan",4.3,70.1123,36.5001,214.65,2022-02-20 09:37:25.833
"17 km N of Baffa, Pakistan",4.2,73.2217,34.5993,10.0,2022-02-19 23:03:43.106
"39 km ESE of Khorugh, Tajikistan",4.1,71.9459,37.3132,196.07,2022-02-19 03:32:14.558
"38 km ENE of Jurm, Afghanistan",4.4,71.2421,36.9881,120.0,2022-02-17 09:14:38.110
"Nicobar Islands, India region",4.7,91.9122,8.0859,10.0,2022-02-16 19:16:24.141
"49 km W of Gahkuch, Pakistan",4.4,73.2176,36.2366,62.14,2022-02-16 05:38:15.249
"189 km NW of Sabang, Indonesia",4.5,94.292,7.259,10.0,2022-02-13 16:14:36.350
"29 km W of P?r?n, Afghanistan",4.6,70.5963,35.4588,83.92,2022-02-12 18:04:49.886
"39 km SW of Ashk?sham, Afghanistan",4.2,71.2769,36.3882,120.21,2022-02-12 10:50:23.937
"34 km WSW of Sarupathar, India",4.8,96.4951,26.0883,10.0,2022-02-11 19:16:50.015
"44 km ENE of Jurm, Afghanistan",4.0,71.2637,37.0637,111.8,2022-02-10 07:14:41.056
"99 km S of Port Blair, India",4.5,92.8626,10.7745,33.09,2022-02-08 07:49:43.255
western Xizang,4.0,84.6249,32.9589,10.0,2022-02-07 21:37:39.880
"100 km W of Qamdo, China",4.4,96.1288,31.0285,10.0,2022-02-06 17:29:15.811
"25 km NNW of Ishqoshim, Tajikistan",4.4,71.455,36.9207,105.96,2022-02-06 10:40:12.843
"24 km E of Sar?han, India",4.2,78.0555,31.5122,10.0,2022-02-06 05:57:32.293
"39 km SSE of Jurm, Afghanistan",4.0,70.9294,36.5184,200.87,2022-02-06 02:46:38.086
"12 km SE of Ashk?sham, Afghanistan",4.2,71.6299,36.6024,105.06,2022-02-05 18:16:42.905
"45 km SW of Ashk?sham, Afghanistan",5.8,71.126,36.4307,212.0,2022-02-05 04:16:01.236
"50 km SW of Jurm, Afghanistan",4.9,70.4391,36.5399,205.03,2022-02-03 19:31:29.080
"Southern Qinghai, China",4.6,95.0293,33.3086,10.0,2022-02-01 23:13:12.958
"47 km SW of Kohlu, Pakistan",4.1,68.9004,29.5941,10.0,2022-01-31 17:03:53.352
"20 km ENE of Jurm, Afghanistan",4.2,71.0291,36.959,109.87,2022-01-30 08:48:00.284
"210 km SE of Port Blair, India",4.4,94.3334,10.5863,10.0,2022-01-29 23:46:31.813
"67 km NW of Skardu, Pakistan",4.1,75.0156,35.6406,10.0,2022-01-29 06:40:34.547
"72 km SE of Farkh?r, Afghanistan",4.4,70.4209,36.1005,124.33,2022-01-28 16:49:10.545
"37 km SSE of Jurm, Afghanistan",4.1,70.9321,36.5388,198.05,2022-01-27 17:26:40.375
"292 km NW of Sabang, Indonesia",4.6,93.2518,7.5449,35.0,2022-01-26 02:10:34.895
"Xizang, China",4.0,82.0597,33.7922,27.84,2022-01-25 02:32:33.552
"21 km NW of Dh?rchula, India",4.0,80.3548,29.9803,10.0,2022-01-24 19:38:59.306
"2 km ENE of Nahr?n, Afghanistan",5.0,69.1575,36.0702,10.0,2022-01-24 01:20:50.412
"129 km WSW of Myitkyina, Myanmar",4.4,96.1665,25.0405,10.0,2022-01-23 15:52:50.262
"169 km SW of Bamboo Flat, India",4.6,91.4855,10.7625,10.0,2022-01-23 15:50:16.399
"173 km SW of Bamboo Flat, India",4.5,91.5003,10.6973,10.0,2022-01-23 15:21:50.341
"59 km SSW of Mawlaik, Myanmar",4.1,94.2434,23.1302,76.07,2022-01-22 17:22:18.579
"132 km SE of Narasannapeta, India",4.2,84.9267,17.562,10.0,2022-01-22 08:46:23.113
"16 km SE of Kishtw?r, India",4.1,75.9072,33.2225,10.0,2022-01-21 21:23:38.467
"23 km NE of Falam, Myanmar",5.4,93.8172,23.0871,58.96,2022-01-21 10:12:31.865
"35 km SSE of Jurm, Afghanistan",4.5,70.925,36.5511,205.32,2022-01-20 05:55:21.002
"92 km ENE of Nagqu, China",4.4,92.9243,31.8613,10.0,2022-01-19 00:19:44.860
"70 km SSW of Ashk?sham, Afghanistan",4.4,71.1441,36.133,93.26,2022-01-18 22:46:21.531
"36 km SSW of Chur?ch?ndpur, India",4.5,93.5196,24.0361,60.79,2022-01-18 02:22:15.803
"22 km SE of Sanjwal, Pakistan",4.3,72.5708,33.5946,41.1,2022-01-18 00:30:14.220
"86 km NNW of Shi Yomi, India",5.1,94.1513,29.2819,10.0,2022-01-17 22:59:23.843
"49 km N of Imph?l, India",4.6,93.8695,25.2468,10.0,2022-01-16 21:09:22.262
"31 km NNE of Mawlaik, Myanmar",4.2,94.5597,23.8937,73.01,2022-01-16 10:50:58.840
"9 km SW of Ashk?sham, Afghanistan",4.3,71.4625,36.6171,100.88,2022-01-15 11:22:09.834
"40 km S of Jurm, Afghanistan",4.2,70.9073,36.5064,198.38,2022-01-15 05:57:57.657
"51 km SW of Jurm, Afghanistan",4.3,70.5044,36.4859,207.77,2022-01-14 19:09:54.298
"16 km SSW of Ashk?sham, Afghanistan",5.3,71.4945,36.5418,106.99,2022-01-14 16:13:03.550
"Sagaing, Myanmar",4.2,94.6403,24.3313,89.01,2022-01-14 08:29:05.776
"91 km SE of Phek, India",4.1,95.0765,25.0326,94.89,2022-01-13 19:03:30.121
"37 km ESE of Farkh?r, Afghanistan",4.1,70.2604,36.4719,221.46,2022-01-13 17:36:52.352
"Southern Qinghai, China",4.5,97.9393,34.6373,10.0,2022-01-13 13:32:46.671
"126 km WSW of Rikaze, China",4.1,87.6854,28.8094,10.0,2022-01-13 03:13:54.822
"48 km NNE of Imph?l, India",4.5,94.1077,25.22,13.28,2022-01-12 20:46:57.971
"60 km SSE of Mawlaik, Myanmar",4.6,94.6845,23.1568,98.81,2022-01-12 06:17:33.221
"51 km SSW of Jurm, Afghanistan",4.9,70.5248,36.474,79.01,2022-01-12 05:26:44.602
"191 km NW of Sabang, Indonesia",4.6,94.2638,7.2609,112.14,2022-01-11 10:07:22.297
"132 km NW of Sabang, Indonesia",4.4,94.632,6.8783,110.04,2022-01-09 03:55:39.835
"87 km SE of Port Blair, India",4.3,93.2253,11.0371,88.26,2022-01-08 05:42:01.889
"62 km N of Khand?d, Afghanistan",4.1,72.2934,37.5127,184.72,2022-01-06 21:28:36.897
"38 km NNE of Pachperwa, India",4.4,82.8074,27.8305,10.0,2022-01-06 18:29:13.484
"11 km ESE of Samtse, Bhutan",4.2,89.2113,26.8706,10.0,2022-01-06 14:46:09.394
Kashmir-India border region,4.3,76.074,33.0339,40.06,2022-01-04 17:15:52.331
"97 km ENE of Port Blair, India",4.6,93.6061,11.9077,131.6,2022-01-04 15:02:42.007
"155 km NNE of Bamboo Flat, India",4.7,93.0237,13.0711,35.0,2022-01-04 01:14:27.164
western Xizang,4.5,88.3531,33.9519,10.0,2022-01-03 00:28:04.263
"20 km SW of Ashk?sham, Afghanistan",4.2,71.3585,36.5701,218.64,2022-01-02 08:59:59.686
"Badakhshan, Afghanistan",5.2,71.1783,36.59,231.91,2022-01-01 13:15:25.380
"59 km N of Khand?d, Afghanistan",4.1,72.2407,37.4846,189.59,2021-12-31 21:54:32.154
"32 km WSW of Ashk?sham, Afghanistan",4.6,71.1823,36.6252,223.29,2021-12-31 07:56:48.332
"69 km SE of Gilgit, Pakistan",4.1,74.9167,35.5329,10.0,2021-12-30 12:24:43.735
"northern Qinghai, China",5.0,94.6585,36.9982,10.0,2021-12-29 21:30:22.185
"18 km WNW of Dh?rchula, India",4.5,80.3449,29.9056,10.0,2021-12-29 19:08:19.232
"31 km E of Barkhan, Pakistan",4.4,69.8504,29.8879,10.0,2021-12-29 04:55:19.027
"213 km SSE of Port Blair, India",5.0,93.4354,9.8601,92.37,2021-12-29 00:01:00.663
"54 km SSW of Jurm, Afghanistan",4.2,70.6265,36.3998,213.65,2021-12-28 13:16:30.068
"Hindu Kush region, Afghanistan",4.1,70.7233,36.419,207.09,2021-12-28 12:31:47.144
"Nicobar Islands, India region",4.7,93.9416,8.3999,32.62,2021-12-28 07:06:17.904
"50 km E of Falam, Myanmar",4.7,94.1653,22.9337,40.41,2021-12-27 20:13:18.353
"64 km SE of Gilgit, Pakistan",4.4,74.8743,35.5564,51.7,2021-12-27 19:40:58.392
"34 km SE of Jurm, Afghanistan",4.4,71.0497,36.6104,200.63,2021-12-27 18:52:46.933
"68 km WNW of Skardu, Pakistan",4.8,74.9802,35.6073,10.0,2021-12-27 13:37:24.003
"60 km SE of Gilgit, Pakistan",5.2,74.8205,35.5592,10.0,2021-12-27 13:31:04.395
"214 km NW of Sabang, Indonesia",4.3,93.7676,7.064,44.6,2021-12-27 04:30:28.474
"11 km SE of Battagram, Pakistan",4.5,73.1273,34.6134,28.13,2021-12-24 17:58:56.965
"17 km W of Pyu, Myanmar",4.2,96.2729,18.4813,14.42,2021-12-24 12:47:30.331
"27 km SSE of Jurm, Afghanistan",4.4,70.9849,36.646,224.48,2021-12-24 07:00:00.870
"Nicobar Islands, India region",4.9,92.5432,7.1248,10.0,2021-12-23 22:39:06.686
"24 km WSW of Markaz-e Woluswal?-ye ?ch?n, Afghanistan",4.4,70.4751,34.0215,51.3,2021-12-23 13:02:54.518
"65 km NNE of Sabang, Indonesia",4.3,95.4471,6.466,224.2,2021-12-23 08:56:14.856
"Andaman Islands, India region",5.0,94.0416,10.2993,10.0,2021-12-21 21:08:33.831
"61 km SE of Hayuliang, India",4.5,96.9853,27.6752,43.61,2021-12-21 05:04:14.782
"75 km N of P?r?n, Afghanistan",4.4,70.9302,36.0988,92.4,2021-12-20 20:35:32.010
"Hindu Kush region, Afghanistan",4.1,69.4107,36.3532,10.0,2021-12-20 08:13:40.008
"225 km N of Bamboo Flat, India",5.1,92.7495,13.7358,10.0,2021-12-19 03:19:46.151
"99 km NE of Lobujya, Nepal",4.0,87.5592,28.5625,10.0,2021-12-18 00:29:25.240
"44 km SE of Khorugh, Tajikistan",4.1,71.967,37.2698,174.34,2021-12-17 23:39:44.191
western Xizang,4.5,82.8305,34.3557,10.0,2021-12-17 01:51:47.869
"31 km NE of Falam, Myanmar",4.5,93.8775,23.1346,65.95,2021-12-16 20:13:20.741
"22 km ESE of Chubek, Tajikistan",4.8,69.9415,37.5281,10.0,2021-12-14 22:17:14.779
"38 km SSE of Farkh?r, Afghanistan",4.0,70.0532,36.2602,122.57,2021-12-14 02:00:29.735
"42 km ESE of Barkhan, Pakistan",4.1,69.9288,29.7501,10.0,2021-12-12 13:26:13.997
"34 km E of Mawlaik, Myanmar",4.5,94.7467,23.6643,119.01,2021-12-12 12:08:25.375
"10 km SE of Kakad Wari Dir Upper, Pakistan",4.2,72.1372,34.9192,67.32,2021-12-11 23:38:32.213
"11 km WSW of Farkh?r, Afghanistan",4.0,69.7473,36.5179,212.37,2021-12-11 20:38:33.809
"98 km E of Phek, India",4.2,95.4612,25.5067,65.73,2021-12-10 04:14:54.431
"121 km NE of Lobujya, Nepal",4.2,87.5826,28.8093,41.26,2021-12-08 04:23:25.024
"11 km W of Ashk?sham, Afghanistan",4.0,71.401,36.6747,182.13,2021-12-07 07:24:40.607
"11 km WSW of Ashk?sham, Afghanistan",4.1,71.4082,36.6529,220.32,2021-12-06 10:49:12.255
"71 km NW of Mogok, Myanmar",5.0,96.1089,23.4414,10.0,2021-12-06 00:25:39.792
"13 km W of Ashk?sham, Afghanistan",4.3,71.3856,36.6853,177.51,2021-12-05 17:42:14.358
"247 km N of Bamboo Flat, India",4.3,92.4294,13.9216,10.0,2021-12-05 13:39:30.450
"southern Xinjiang, China",4.4,89.2743,37.1614,10.0,2021-12-05 01:48:06.302
"southern Xinjiang, China",4.3,89.449,37.1424,10.0,2021-12-05 01:43:09.702
"31 km ESE of Farkh?r, Afghanistan",4.0,70.1915,36.4917,221.49,2021-12-04 18:09:35.684
"25 km WSW of Ashk?sham, Afghanistan",4.3,71.2851,36.5787,222.74,2021-12-03 13:10:50.536
"25 km NW of Baghl?n, Afghanistan",4.0,68.4836,36.2637,62.9,2021-12-02 17:57:08.923
"37 km SW of Ashk?sham, Afghanistan",4.1,71.1951,36.4846,142.22,2021-12-02 16:39:51.343
"271 km NNW of Rikaze, China",4.3,87.8006,31.5121,10.0,2021-12-01 08:30:49.521
"44 km S of Jurm, Afghanistan",4.2,70.7382,36.4727,196.6,2021-11-30 18:02:56.185
"289 km NNW of Rikaze, China",5.5,87.9296,31.723,6.77,2021-11-30 13:53:41.109
"83 km W of Yenangyaung, Myanmar",4.2,94.0737,20.5401,62.35,2021-11-29 21:22:06.678
"24 km NW of Hakha, Myanmar",4.4,93.4533,22.8125,55.11,2021-11-29 13:24:26.617
"25 km ESE of Farkh?r, Afghanistan",4.1,70.1384,36.5215,224.51,2021-11-29 03:24:36.000
"65 km SE of W?ngjing, India",4.4,94.5821,24.2296,71.92,2021-11-28 17:21:20.764
"89 km ESE of Margherita, India",4.4,96.5311,27.0354,10.0,2021-11-28 17:02:20.837
"35 km WSW of Mawlaik, Myanmar",4.3,94.0667,23.5533,69.24,2021-11-28 02:18:54.724
"68 km ESE of Margherita, India",4.6,96.3025,27.0398,10.0,2021-11-28 01:32:51.010
"25 km WSW of Falam, Myanmar",4.4,93.4368,22.8532,58.3,2021-11-27 09:47:16.620
"32 km ESE of Farkh?r, Afghanistan",4.1,70.2067,36.4955,216.32,2021-11-27 02:37:45.383
"20 km WSW of Falam, Myanmar",6.2,93.5061,22.8232,43.0,2021-11-25 23:45:41.752
"206 km NW of Sabang, Indonesia",4.7,94.0102,7.2224,52.55,2021-11-24 03:15:10.719
"9 km NNE of Seoni, India",4.3,77.1736,31.3163,10.0,2021-11-23 16:31:58.690
"50 km WSW of Wana, Pakistan",4.0,69.0845,32.1077,42.75,2021-11-20 14:03:46.610
"107 km E of W?ngjing, India",4.6,95.1196,24.637,128.95,2021-11-20 11:12:18.811
"21 km SSW of Pal?sb?ri, India",4.2,91.4838,25.9374,10.0,2021-11-20 07:42:09.082
"35 km S of Farkh?r, Afghanistan",4.2,69.8673,36.2551,131.56,2021-11-20 06:28:54.230
"20 km SSW of Jalor, India",4.4,72.5323,25.1721,10.0,2021-11-19 20:56:16.978
"30 km ENE of A?bak, Afghanistan",4.2,68.3175,36.3825,10.0,2021-11-19 10:39:47.357
"36 km SE of Jurm, Afghanistan",4.2,71.0725,36.6001,202.35,2021-11-17 00:52:23.608
"204 km NW of Nagqu, China",4.0,90.3621,32.621,10.0,2021-11-15 01:21:44.026
"207 km WSW of Pathein, Myanmar",4.8,93.0067,15.9095,10.0,2021-11-14 10:30:11.352
"73 km W of Wana, Pakistan",4.7,68.7997,32.202,10.0,2021-11-13 21:42:04.636
Myanmar,4.3,96.6407,25.4248,19.56,2021-11-12 17:48:17.033
"104 km SSE of Shache, China",4.5,77.5353,37.5069,10.0,2021-11-11 13:06:44.061
"49 km ESE of Farkh?r, Afghanistan",4.0,70.3913,36.4703,203.24,2021-11-10 06:46:50.354
"12 km NW of Ashk?sham, Afghanistan",4.1,71.4232,36.7565,171.12,2021-11-10 06:14:32.698
"34 km W of Ashk?sham, Afghanistan",4.4,71.1487,36.6409,202.59,2021-11-09 14:25:42.611
"89 km NE of Sar?han, India",4.6,78.5517,31.9939,10.0,2021-11-09 10:57:27.886
"55 km SE of Phek, India",4.2,94.9456,25.3783,76.61,2021-11-09 04:17:23.043
"112 km E of W?ngjing, India",4.5,95.1714,24.7068,120.86,2021-11-08 02:18:33.714
"223 km SSE of Port Blair, India",4.9,93.6735,9.8651,10.0,2021-11-07 23:58:24.676
"17 km ESE of Gangtok, India",4.6,88.7826,27.271,10.0,2021-11-07 16:20:46.399
"52 km NNW of P?r?n, Afghanistan",4.2,70.7367,35.8697,93.18,2021-11-07 05:03:02.318
Myanmar-India border region,4.3,94.7771,24.1594,108.83,2021-11-06 13:09:16.435
"115 km NNE of Lobujya, Nepal",5.0,87.4455,28.8267,10.0,2021-11-05 01:48:32.008
"22 km SE of Jati, Pakistan",4.9,68.4329,24.2251,10.0,2021-11-04 09:45:40.485
"9 km WSW of Rang?p?ra, India",4.4,92.5824,26.7969,10.0,2021-11-04 04:49:04.009
"40 km NE of Jurm, Afghanistan",4.3,71.2002,37.0738,113.57,2021-11-03 04:29:45.514
"48 km N of Sarupathar, India",4.8,96.7986,26.6453,10.0,2021-11-02 13:29:31.927
western Xizang,4.6,84.6179,33.5483,10.0,2021-11-02 04:01:11.655
"130 km SW of Port Blair, India",4.4,91.8348,10.9014,10.0,2021-10-31 07:38:04.425
"40 km SW of Ashk?sham, Afghanistan",4.2,71.1601,36.4812,239.04,2021-10-31 05:28:47.835
"27 km SSW of Padam, India",4.2,76.7582,33.2438,10.0,2021-10-30 16:29:09.837
"20 km WSW of Ashk?sham, Afghanistan",4.2,71.3255,36.6045,131.07,2021-10-28 15:26:26.430
"29 km SSW of Padam, India",4.6,76.8049,33.2123,10.0,2021-10-26 00:32:08.893
"39 km ESE of Farkh?r, Afghanistan",4.0,70.2839,36.4917,218.65,2021-10-25 14:05:33.281
"34 km SSE of Gilgit, Pakistan",4.1,74.504,35.6507,60.94,2021-10-24 05:59:14.353
"137 km N of Bamboo Flat, India",4.3,92.488,12.9223,10.0,2021-10-24 05:48:39.663
"75 km S of Jurm, Afghanistan",4.2,70.9024,36.1878,93.17,2021-10-22 04:14:28.112
"28 km S of Farkh?r, Afghanistan",4.3,69.808,36.3213,129.91,2021-10-20 09:31:36.768
"19 km W of Saiha, India",4.8,92.7906,22.5257,35.0,2021-10-19 00:44:09.237
"95 km NNE of Lobujya, Nepal",4.7,87.2852,28.7052,10.0,2021-10-18 10:32:14.377
"24 km NE of Nagarkot, Nepal",4.2,85.7193,27.8507,10.0,2021-10-18 08:11:56.258
"16 km WSW of Kod?ri??, Nepal",4.3,85.8004,27.901,10.0,2021-10-18 08:01:37.426
"68 km ENE of Khorugh, Tajikistan",4.3,72.259,37.7497,124.92,2021-10-18 07:21:22.776
"35 km SW of Duki, Pakistan",4.3,68.2934,29.9492,21.97,2021-10-17 21:56:32.298
"81 km S of Jurm, Afghanistan",4.4,70.7219,36.1384,91.09,2021-10-17 20:11:58.599
"17 km E of Chur?ch?ndpur, India",4.0,93.8462,24.3171,45.78,2021-10-16 01:46:25.233
"124 km WSW of Rikaze, China",4.1,87.6528,28.9582,10.0,2021-10-15 10:35:42.737
"258 km N of Nagqu, China",4.3,91.9404,33.8069,10.0,2021-10-14 00:04:19.798
"210 km N of Shi Yomi, India",4.6,94.6879,30.405,10.0,2021-10-12 00:31:54.076
"7 km ENE of Sh?h?b?d, India",4.3,77.0051,17.1543,10.0,2021-10-11 16:24:38.865
"209 km N of Shi Yomi, India",4.7,94.7873,30.3872,10.0,2021-10-10 16:29:40.747
"38 km S of Jurm, Afghanistan",4.3,70.8503,36.5138,193.76,2021-10-10 11:39:34.566
"214 km NNE of Shi Yomi, India",4.7,94.8392,30.4182,10.0,2021-10-10 01:48:54.750
"211 km NNE of Shi Yomi, India",4.9,94.8221,30.3972,10.0,2021-10-09 05:36:53.906
"277 km SE of Hotan, China",4.3,82.4066,35.6088,10.0,2021-10-08 23:53:31.795
"44 km WNW of Monywa, Myanmar",5.5,94.7676,22.3124,110.0,2021-10-07 18:28:03.669
"9 km ESE of Harnai, Pakistan",4.6,68.0339,30.0779,10.0,2021-10-07 00:00:57.061
"207 km NNE of Shi Yomi, India",4.4,94.804,30.367,31.38,2021-10-05 23:27:58.849
"203 km N of Shi Yomi, India",4.7,94.7625,30.3349,34.15,2021-10-05 02:38:20.956
"252 km NNE of Bamboo Flat, India",4.9,93.7206,13.7634,62.81,2021-10-05 01:12:16.228
"30 km SW of Ashk?sham, Afghanistan",4.4,71.3025,36.479,125.79,2021-10-05 00:20:10.360
"22 km SE of Rust?q, Afghanistan",4.4,69.996,36.9747,10.0,2021-10-04 21:45:30.189
"208 km N of Shi Yomi, India",3.9,94.6529,30.3929,34.32,2021-10-04 04:48:00.517
"203 km NNE of Shi Yomi, India",4.8,94.8038,30.3231,35.16,2021-10-04 03:24:23.509
"165 km NNE of Nagqu, China",4.4,92.9442,32.7632,10.0,2021-10-03 18:44:01.039
"112 km WSW of Myitkyina, Myanmar",4.2,96.3949,24.9285,10.0,2021-10-02 22:01:42.717
"207 km N of Shi Yomi, India",4.1,94.5447,30.3949,34.42,2021-10-02 05:36:42.142
"207 km NNE of Shi Yomi, India",4.8,94.8618,30.351,35.41,2021-10-02 04:45:25.042
"205 km NNE of Shi Yomi, India",4.5,94.7981,30.3464,30.01,2021-10-01 13:02:01.112
"33 km SSE of Kod?ri??, Nepal",4.5,86.111,27.694,10.0,2021-10-01 07:09:27.899
"83 km ESE of Phek, India",4.4,95.3035,25.4614,102.96,2021-10-01 04:57:33.206
"203 km NNE of Shi Yomi, India",5.0,94.8247,30.3214,31.64,2021-10-01 03:49:28.961
"12 km SSW of Khorugh, Tajikistan",4.2,71.4796,37.3893,101.29,2021-09-30 17:13:03.590
"277 km E of Port Blair, India",4.4,95.2935,11.7507,24.04,2021-09-30 13:05:36.409
"32 km SE of Jurm, Afghanistan",4.8,71.0771,36.6494,213.77,2021-09-30 13:04:13.421
"42 km SW of Ashk?sham, Afghanistan",4.5,71.2316,36.3856,130.59,2021-09-30 10:36:37.162
western Xizang,4.2,89.5296,33.7644,11.02,2021-09-29 03:33:58.103
"73 km WSW of Taunsa, Pakistan",4.3,69.9279,30.4798,10.0,2021-09-28 15:11:47.221
"34 km SE of Jurm, Afghanistan",4.3,71.1186,36.6582,209.77,2021-09-27 04:41:28.232
"44 km NNE of Falam, Myanmar",4.2,93.8375,23.2858,10.0,2021-09-26 11:26:40.035
"37 km E of Khawhai, India",4.2,93.4982,23.4064,9.31,2021-09-26 06:28:43.349
"196 km NNE of Shi Yomi, India",4.4,94.8136,30.2615,34.18,2021-09-25 09:24:34.850
"206 km N of Shi Yomi, India",5.0,94.7747,30.3557,31.65,2021-09-25 04:41:07.930
"Nicobar Islands, India region",5.4,94.1834,8.6251,10.0,2021-09-24 15:04:15.273
"235 km SSE of Port Blair, India",4.7,93.6952,9.7592,32.78,2021-09-21 18:14:55.220
"62 km SE of Phek, India",5.0,94.8803,25.2256,80.05,2021-09-19 19:24:04.697
"74 km N of Hayuliang, India",4.7,96.4223,28.7353,10.0,2021-09-19 09:36:30.254
"26 km N of Kohlu, Pakistan",4.7,69.282,30.1325,30.71,2021-09-17 19:12:03.060
"13 km E of Mawlaik, Myanmar",4.4,94.5361,23.6577,93.27,2021-09-16 04:49:42.856
"29 km ENE of Khawhai, India",4.6,93.4042,23.4599,10.0,2021-09-15 13:29:41.879
"66 km SSW of Jurm, Afghanistan",4.3,70.6059,36.2949,120.76,2021-09-15 00:41:12.624
"146 km SSE of Port Blair, India",4.4,93.2806,10.4507,87.8,2021-09-14 18:47:12.873
"9 km NW of Pindi Gheb, Pakistan",4.7,72.1846,33.2902,32.06,2021-09-14 10:40:08.838
"44 km E of Mawlaik, Myanmar",4.3,94.8405,23.5962,108.35,2021-09-14 10:40:07.639
"299 km WSW of Dawei, Myanmar",4.5,95.722,12.8565,10.0,2021-09-13 16:30:44.158
"22 km S of Khorugh, Tajikistan",4.3,71.5039,37.2868,104.53,2021-09-13 15:59:34.190
"52 km NW of Padam, India",4.3,76.4233,33.7409,10.0,2021-09-13 03:46:47.551
"47 km ESE of Dhulikhel, Nepal",4.4,85.9978,27.4834,10.0,2021-09-12 14:56:15.922
"70 km SE of Farkh?r, Afghanistan",4.4,70.4992,36.2135,87.36,2021-09-12 06:10:00.932
"267 km N of Bamboo Flat, India",5.2,92.9896,14.1061,10.0,2021-09-11 03:20:17.235
"65 km E of Khorugh, Tajikistan",4.0,72.2862,37.5649,188.37,2021-09-11 01:34:06.106
"15 km WNW of P?palkoti, India",4.7,79.282,30.4791,10.0,2021-09-11 00:28:30.709
"Hindu Kush region, Afghanistan",4.4,70.86,36.5486,194.2,2021-09-10 05:22:40.994
"51 km S of Zangguy, China",5.0,78.7332,36.8193,10.0,2021-09-09 23:48:23.618
"30 km SE of Jurm, Afghanistan",4.5,71.0931,36.6814,214.33,2021-09-09 23:43:15.564
"183 km SE of Port Blair, India",4.5,93.729,10.3157,10.0,2021-09-09 03:52:36.295
"188 km SE of Port Blair, India",4.8,93.728,10.263,10.0,2021-09-09 03:44:28.824
"205 km SE of Port Blair, India",4.7,93.8015,10.1311,10.0,2021-09-09 03:02:19.261
"56 km NE of Khorugh, Tajikistan",4.0,72.0602,37.8062,123.53,2021-09-05 07:48:01.229
"92 km NW of Zangguy, China",4.5,77.9175,37.7689,10.0,2021-09-04 17:55:25.615
"88 km WNW of Zangguy, China",4.6,77.9281,37.7135,10.0,2021-09-04 17:52:06.665
"47 km E of Khorugh, Tajikistan",4.1,72.0872,37.5315,145.51,2021-09-04 14:16:45.999
"218 km SW of Port Blair, India",4.4,91.5131,10.1164,10.0,2021-09-04 12:53:31.787
"222 km SW of Port Blair, India",4.2,91.4548,10.1169,10.0,2021-09-04 12:10:24.174
"42 km NW of Sarupathar, India",4.5,96.5587,26.5115,97.98,2021-09-04 12:05:15.767
"233 km NNE of Bamboo Flat, India",4.2,93.5461,13.6444,35.0,2021-09-04 10:07:22.328
"89 km WNW of Zangguy, China",4.8,77.9238,37.7236,10.0,2021-09-04 01:54:08.756
"89 km WNW of Zangguy, China",4.5,77.9128,37.7198,10.0,2021-09-04 01:39:06.654
"79 km WNW of Zangguy, China",4.6,77.9615,37.6047,10.0,2021-09-04 01:28:02.881
"91 km NW of Zangguy, China",4.3,78.1123,37.9196,10.0,2021-09-04 01:21:12.707
"86 km NW of Zangguy, China",3.9,77.967,37.7349,10.0,2021-09-03 15:48:32.733
"56 km E of Chubek, Tajikistan",5.0,70.3436,37.6012,10.0,2021-09-02 04:50:06.310
"199 km SE of Port Blair, India",4.2,93.9046,10.2773,10.0,2021-09-02 03:21:59.692
"154 km SW of Bamboo Flat, India",4.3,91.5518,10.9134,10.0,2021-08-31 16:05:14.317
"193 km SSE of Port Blair, India",4.6,93.6781,10.1828,10.0,2021-08-30 18:54:41.219
"30 km S of Khanabad, Afghanistan",4.7,69.1128,36.4122,49.45,2021-08-30 18:23:33.691
"32 km S of Jurm, Afghanistan",4.2,70.8459,36.5684,203.32,2021-08-30 08:18:59.610
"40 km NE of Barkhan, Pakistan",4.8,69.7587,30.1983,10.0,2021-08-28 22:36:04.517
western Xizang,4.3,89.2934,35.3951,10.0,2021-08-28 15:21:30.565
"33 km SSE of Jurm, Afghanistan",4.2,70.9104,36.57,193.53,2021-08-28 12:24:01.478
"38 km SW of Ashk?sham, Afghanistan",4.1,71.2047,36.4658,204.24,2021-08-28 00:22:48.762
"34 km S of Jurm, Afghanistan",4.3,70.8751,36.5563,187.15,2021-08-27 18:52:06.317
"18 km NW of Taunggyi, Myanmar",4.4,96.9,20.8876,10.0,2021-08-25 06:06:11.507
"112 km ENE of Sar?han, India",4.7,78.7955,32.0551,10.0,2021-08-24 16:48:13.463
"257 km SSE of R?zole, India",5.1,83.0456,14.4654,10.0,2021-08-24 07:05:53.043
"119 km WSW of Myitkyina, Myanmar",4.6,96.2561,25.094,10.0,2021-08-24 02:15:10.282
"136 km SSW of Port Blair, India",4.7,92.1981,10.5565,10.0,2021-08-23 05:16:52.648
"51 km WNW of Monywa, Myanmar",4.6,94.6702,22.2644,121.52,2021-08-22 12:22:03.864
"209 km ESE of Port Blair, India",4.1,94.4328,10.7582,10.0,2021-08-22 07:57:01.741
"103 km ENE of Khorugh, Tajikistan",4.3,72.5613,37.9649,131.97,2021-08-21 02:03:05.354
"262 km N of Bamboo Flat, India",4.6,92.8419,14.0695,10.0,2021-08-20 00:27:34.875
"34 km SSW of Taloqan, Afghanistan",4.4,69.4116,36.4394,173.45,2021-08-19 05:52:41.816
"46 km SW of Jurm, Afghanistan",4.2,70.5385,36.5239,197.77,2021-08-18 09:31:46.104
"90 km ENE of Nagqu, China",4.6,92.8722,31.9037,10.0,2021-08-17 20:20:11.928
"39 km E of W?ngjing, India",4.9,94.4519,24.6509,63.33,2021-08-17 15:32:24.925
"34 km SE of Jurm, Afghanistan",4.1,71.112,36.6446,204.76,2021-08-17 08:44:16.276
"35 km W of Ashk?sham, Afghanistan",4.5,71.1422,36.6677,241.45,2021-08-17 00:38:37.816
"13 km SSE of ?uk?mat? Dahanah-ye Gh?r?, Afghanistan",4.4,68.5348,35.7887,33.68,2021-08-16 07:31:10.679
"40 km ESE of Chubek, Tajikistan",5.2,70.1356,37.4907,8.68,2021-08-15 10:41:11.379
"259 km ENE of Port Blair, India",4.7,95.038,12.3093,10.0,2021-08-14 19:50:17.185
"16 km E of Khorugh, Tajikistan",4.3,71.7358,37.5054,106.9,2021-08-14 10:29:16.239
"27 km ENE of Khorugh, Tajikistan",4.6,71.828,37.596,111.54,2021-08-13 13:18:47.021
"Southern Qinghai, China",5.4,97.4227,34.5936,14.49,2021-08-13 04:21:38.757
"3 km W of Ashk?sham, Afghanistan",4.1,71.489,36.6818,171.37,2021-08-10 16:25:07.626
"12 km S of Jurm, Afghanistan",4.1,70.8377,36.7508,265.94,2021-08-10 15:45:38.323
"3 km SSE of R?ipur, India",3.6,78.1005,30.2767,10.0,2021-08-10 08:12:46.310
near the south coast of Myanmar,4.1,94.1222,16.4467,15.42,2021-08-10 05:50:16.593
"25 km ESE of Shwebo, Myanmar",4.8,95.9084,22.4535,10.0,2021-08-10 03:18:12.096
"Nicobar Islands, India region",4.3,93.9675,8.7263,10.0,2021-08-10 01:34:00.703
"45 km S of Tekn?f, Bangladesh",4.2,92.3214,20.4478,10.0,2021-08-09 15:48:30.416
"138 km N of Shi Yomi, India",4.2,94.5571,29.7653,10.0,2021-08-09 13:06:44.772
"45 km WSW of Ashk?sham, Afghanistan",4.6,71.1077,36.4613,113.75,2021-08-07 09:34:37.584
"40 km SE of Jurm, Afghanistan",4.0,71.0882,36.5628,206.47,2021-08-07 06:44:05.798
"36 km WNW of Pakokku, Myanmar",4.5,94.7377,21.4095,110.48,2021-08-06 20:16:07.390
"63 km ESE of Hakha, Myanmar",4.4,94.2094,22.5189,39.54,2021-08-06 18:49:56.874
"120 km NW of Sabang, Indonesia",4.2,94.4967,6.6032,10.0,2021-08-06 15:58:47.503
"54 km SSW of Mawlaik, Myanmar",4.4,94.1338,23.2137,101.68,2021-08-06 12:47:47.624
"Nicobar Islands, India region",4.1,93.7196,8.6882,10.0,2021-08-06 09:20:42.643
"Nicobar Islands, India region",5.1,93.9557,8.7641,10.0,2021-08-06 08:19:04.794
"Nicobar Islands, India region",4.6,94.1059,8.8991,10.0,2021-08-06 03:49:24.434
"Nicobar Islands, India region",4.4,93.9754,8.7361,10.0,2021-08-05 13:43:19.813
"Nicobar Islands, India region",5.1,94.0044,8.814,20.27,2021-08-05 12:46:01.077
"Nicobar Islands, India region",4.5,94.0674,8.6993,11.44,2021-08-05 11:14:09.038
"26 km ENE of Khorugh, Tajikistan",4.5,71.831,37.5703,118.16,2021-08-05 04:18:11.298
"6 km SSE of Jurm, Afghanistan",4.4,70.8558,36.8044,68.58,2021-08-05 01:56:16.852
"76 km SE of Phek, India",4.4,94.9275,25.0993,99.59,2021-08-04 22:10:02.477
"Nicobar Islands, India region",4.6,94.1924,8.8466,10.0,2021-08-04 18:00:53.188
"Nicobar Islands, India region",5.5,94.0775,8.7966,8.82,2021-08-04 17:57:39.892
"28 km S of Farkh?r, Afghanistan",4.9,69.858,36.3149,145.6,2021-08-04 10:32:27.066
"Nicobar Islands, India region",4.6,93.2725,8.726,10.0,2021-08-04 04:09:22.378
"Nicobar Islands, India region",4.4,94.2481,9.0695,10.0,2021-08-04 01:56:10.241
"Nicobar Islands, India region",4.6,94.0364,8.864,10.0,2021-08-04 01:04:47.616
"Nicobar Islands, India region",4.3,94.0466,8.9911,10.0,2021-08-03 08:30:02.583
"Nicobar Islands, India region",4.7,93.9133,9.0302,10.0,2021-08-03 07:39:35.407
"Nicobar Islands, India region",4.6,93.8915,8.5437,10.0,2021-08-03 04:16:30.055
"Nicobar Islands, India region",4.3,94.1539,8.9515,10.0,2021-08-03 03:54:54.102
"Nicobar Islands, India region",5.8,94.158,9.0017,10.0,2021-08-03 03:43:53.638
"Nicobar Islands, India region",6.1,94.0192,8.8809,10.0,2021-08-03 03:42:38.345
"Nicobar Islands, India region",5.3,94.0564,8.8628,10.0,2021-08-03 03:42:07.890
"Nicobar Islands, India region",5.3,94.1198,9.0127,10.0,2021-08-03 01:51:14.508
"Nicobar Islands, India region",4.6,94.1347,8.6742,10.0,2021-08-03 00:57:10.938
"36 km NW of Ishqoshim, Tajikistan",4.6,71.3805,36.9911,102.43,2021-08-01 09:16:26.634
"41 km ENE of Dera Bugti, Pakistan",4.5,69.5135,29.2414,19.48,2021-07-31 18:32:35.052
"165 km NW of Sabang, Indonesia",4.3,94.1346,6.8041,65.06,2021-07-29 16:02:25.747
"44 km NE of Shwebo, Myanmar",5.5,95.9967,22.8638,10.0,2021-07-29 08:39:27.722
"47 km S of Jurm, Afghanistan",4.0,70.7609,36.4427,191.98,2021-07-29 00:51:21.716
"Southern Qinghai, China",4.4,91.0351,34.9229,10.69,2021-07-28 19:24:03.873
"30 km SSW of Khorugh, Tajikistan",4.3,71.4116,37.2397,94.85,2021-07-28 08:32:29.881
"112 km W of Murghob, Tajikistan",4.3,72.7109,37.9836,147.85,2021-07-27 10:41:31.555
"10 km SSW of Ashk?sham, Afghanistan",4.2,71.5091,36.5941,97.78,2021-07-26 08:49:08.945
"38 km E of W?ngjing, India",4.9,94.4421,24.5824,66.82,2021-07-26 05:03:30.783
"7 km NE of Gyalshing, India",4.5,88.3092,27.3429,10.0,2021-07-25 15:09:21.630
"21 km ESE of Khorugh, Tajikistan",4.4,71.7817,37.4372,110.48,2021-07-24 23:11:22.321
"34 km WSW of Khorugh, Tajikistan",4.4,71.1862,37.3843,92.16,2021-07-24 11:21:11.076
"32 km S of Jurm, Afghanistan",4.3,70.8556,36.5757,207.17,2021-07-23 20:12:53.276
"30 km W of Dera Ghazi Khan, Pakistan",4.5,70.3286,30.06,10.0,2021-07-22 02:12:24.995
"31 km NNW of Ashk?sham, Afghanistan",4.1,71.3484,36.9233,126.71,2021-07-21 04:42:30.449
"79 km E of Leh, India",4.3,78.4395,34.0777,10.0,2021-07-21 04:01:45.956
"36 km NW of Rajanpur, Pakistan",5.2,70.0487,29.3258,10.0,2021-07-20 23:54:26.196
"32 km NW of Rajanpur, Pakistan",4.2,70.1331,29.3394,10.0,2021-07-20 17:49:28.185
"58 km S of Farkh?r, Afghanistan",4.2,69.8996,36.0468,122.41,2021-07-16 11:39:34.809
"25 km WNW of Ashk?sham, Afghanistan",4.2,71.2632,36.745,188.48,2021-07-15 00:18:34.074
"38 km ESE of Mawlaik, Myanmar",4.5,94.7567,23.5272,102.41,2021-07-14 20:34:51.343
"59 km ESE of Hakha, Myanmar",4.2,94.1567,22.4613,39.36,2021-07-14 20:10:53.149
"34 km S of Jurm, Afghanistan",4.3,70.8497,36.5531,195.39,2021-07-14 08:17:47.519
"31 km SSE of Jurm, Afghanistan",4.0,70.9321,36.595,201.21,2021-07-14 05:47:26.468
"65 km ESE of Hakha, Myanmar",4.5,94.2123,22.4445,41.95,2021-07-13 23:40:50.917
"35 km S of Jurm, Afghanistan",4.5,70.8861,36.5519,188.82,2021-07-13 21:10:34.383
"220 km N of Bamboo Flat, India",4.6,92.7449,13.6942,24.67,2021-07-12 20:14:51.023
"11 km ESE of Lakhipur, India",4.3,90.3995,25.9749,10.0,2021-07-09 07:46:23.848
"45 km WNW of Khand?d, Afghanistan",4.4,71.8664,37.1361,154.78,2021-07-09 01:38:35.275
"101 km SE of Phek, India",4.6,95.2274,25.0311,102.19,2021-07-09 00:26:26.477
"Southern Qinghai, China",5.1,97.9158,34.6768,10.0,2021-07-08 13:23:25.624
Afghanistan-Tajikistan-Pakistan region,4.9,71.4147,36.6626,183.1,2021-07-08 08:20:56.649
"35 km E of Khorugh, Tajikistan",4.1,71.951,37.5045,133.39,2021-07-07 22:52:10.882
"101 km SE of Port Blair, India",4.2,93.4623,11.0785,96.69,2021-07-07 20:21:09.465
"8 km SSE of Lakhipur, India",5.3,90.3499,25.9603,10.0,2021-07-07 03:15:24.246
"39 km N of Khand?d, Afghanistan",4.5,72.2847,37.3025,49.65,2021-07-06 14:17:59.298
"12 km SSW of Orzu, Tajikistan",4.2,68.7567,37.458,10.0,2021-07-06 09:40:41.714
"7 km WNW of Kharkhauda, India",3.9,76.839,28.9016,10.0,2021-07-05 17:06:55.336
"52 km NNW of Sarupathar, India",4.6,96.5397,26.608,10.0,2021-07-04 16:57:10.269
"68 km NNE of Leh, India",3.7,77.9908,34.6873,10.0,2021-06-29 19:24:35.052
"60 km ENE of Leh, India",4.8,78.2208,34.2781,10.0,2021-06-28 00:40:35.259
"56 km SW of Ashk?sham, Afghanistan",4.1,71.1488,36.2779,98.61,2021-06-27 09:07:22.760
"18 km SSE of Taloqan, Afghanistan",4.1,69.6458,36.5979,181.47,2021-06-25 09:11:28.648
"39 km WNW of Khand?d, Afghanistan",4.2,71.9392,37.1333,164.55,2021-06-25 03:56:34.524
"34 km SSE of Jurm, Afghanistan",4.1,70.9718,36.573,207.4,2021-06-25 01:11:18.543
"10 km SW of Charikar, Afghanistan",5.1,69.0848,34.9509,16.2,2021-06-24 23:04:44.289
"56 km N of P?r?n, Afghanistan",4.4,70.963,35.93,91.24,2021-06-24 04:58:58.588
"12 km ESE of Kohat, Pakistan",4.7,71.5687,33.5317,33.21,2021-06-23 01:09:13.906
"56 km NNE of Tawang, India",4.6,92.2097,28.0137,65.76,2021-06-22 16:44:36.534
"38 km SW of Kunduz, Afghanistan",4.2,68.5431,36.4852,82.64,2021-06-22 07:08:12.310
"Southern Qinghai, China",4.3,97.6714,35.1357,10.0,2021-06-22 01:36:39.712
"150 km NNE of Lobujya, Nepal",4.3,87.124,29.2822,10.0,2021-06-21 10:06:50.953
"33 km SE of Wana, Pakistan",4.5,69.8552,32.1089,51.42,2021-06-19 13:59:17.264
"4 km NNW of Dhekiajuli, India",4.5,92.4583,26.7357,42.09,2021-06-18 19:37:32.258
"147 km NNW of Bamboo Flat, India",4.6,92.3504,12.9872,10.0,2021-06-18 11:42:45.117
"8 km WSW of Dhekiajuli, India",4.5,92.3948,26.6776,43.65,2021-06-17 20:34:41.304
"17 km ENE of Battagram, Pakistan",5.0,73.2047,34.7242,10.0,2021-06-17 14:19:36.145
Bay of Bengal,4.6,85.0001,6.592,10.0,2021-06-17 11:14:32.564
"16 km NNW of Jal?l?b?d, Afghanistan",4.4,70.3727,34.5637,34.73,2021-06-15 21:52:16.471
"53 km NNE of Sarupathar, India",4.8,97.0854,26.6187,36.12,2021-06-15 14:46:08.092
"Southern Qinghai, China",4.4,97.3911,34.787,15.28,2021-06-15 04:00:16.700
"79 km SE of Farkh?r, Afghanistan",4.0,70.5849,36.1591,88.01,2021-06-14 16:40:40.428
"183 km NNW of Sabang, Indonesia",4.2,94.4207,7.2816,10.0,2021-06-13 09:41:46.884
"30 km SSW of Ashk?sham, Afghanistan",4.3,71.4384,36.4239,98.93,2021-06-13 07:28:08.559
"17 km WNW of T?lcher, India",3.9,85.0848,21.0204,10.0,2021-06-12 18:31:28.860
"Southern Qinghai, China",4.1,97.4775,34.9007,10.0,2021-06-12 12:48:22.213
"68 km SE of Myitkyina, Myanmar",4.9,97.8861,24.9597,10.0,2021-06-12 10:00:48.450
"38 km SSW of Jurm, Afghanistan",4.3,70.7326,36.5303,227.04,2021-06-12 01:44:42.946
"35 km SSE of Jurm, Afghanistan",4.0,70.946,36.5607,209.63,2021-06-10 06:42:12.687
"56 km NNE of Zhob, Pakistan",4.5,69.7581,31.7774,28.11,2021-06-09 11:35:23.904
"68 km S of Jurm, Afghanistan",4.1,70.8875,36.248,104.52,2021-06-08 19:28:39.196
western Xizang,4.3,81.7049,34.3128,10.0,2021-06-08 13:26:41.870
"60 km N of Khand?d, Afghanistan",4.1,72.381,37.4974,202.03,2021-06-07 23:12:19.546
"28 km SSE of Khorugh, Tajikistan",4.5,71.6898,37.2556,116.46,2021-06-06 15:56:42.818
"296 km NNW of Sabang, Indonesia",4.5,94.2512,8.3468,10.0,2021-06-04 10:44:54.599
"Southern Qinghai, China",5.0,97.8048,34.6927,10.0,2021-06-03 05:55:18.480
"47 km SSE of Shahritus, Tajikistan",4.2,68.3333,36.866,10.0,2021-06-02 20:47:45.178
"199 km SW of Port Blair, India",4.6,91.567,10.2844,10.0,2021-06-02 19:45:34.358
"36 km SSE of Shahritus, Tajikistan",4.1,68.2486,36.947,10.0,2021-06-02 17:56:57.673
"38 km SSW of Shahritus, Tajikistan",4.4,68.0422,36.9211,10.0,2021-06-02 09:40:28.423
"45 km SSE of Shahritus, Tajikistan",4.4,68.2466,36.8618,10.0,2021-06-02 09:31:38.634
"7 km WNW of Ashk?sham, Afghanistan",4.1,71.4554,36.6997,181.48,2021-06-01 10:35:29.216
"41 km S of Khorugh, Tajikistan",4.5,71.4946,37.1177,10.0,2021-06-01 01:26:25.280
"138 km NNE of Bamboo Flat, India",4.5,93.3096,12.8061,49.57,2021-06-01 01:09:21.812
"53 km SSE of Mawlaik, Myanmar",4.4,94.6949,23.2381,111.49,2021-05-31 19:49:34.458
"17 km WNW of Dhekiajuli, India",4.2,92.3186,26.7632,34.13,2021-05-31 04:20:49.211
"16 km WSW of Dhekiajuli, India",4.4,92.326,26.6343,52.85,2021-05-30 08:53:07.964
"68 km NW of Monywa, Myanmar",4.5,94.7171,22.5949,113.94,2021-05-28 16:51:21.738
"25 km ESE of Farkh?r, Afghanistan",5.0,70.1352,36.5239,209.8,2021-05-28 07:24:16.071
"217 km WNW of Qamdo, China",4.4,95.0989,31.9486,13.72,2021-05-28 00:51:27.010
"171 km SW of Bamboo Flat, India",4.4,91.5096,10.7126,10.0,2021-05-27 13:00:46.741
"118 km ESE of Saga, China",4.5,86.3755,28.9684,10.0,2021-05-25 20:46:06.127
"19 km ESE of Mawlaik, Myanmar",4.1,94.5857,23.593,99.63,2021-05-25 19:23:07.539
"167 km N of Bamboo Flat, India",4.5,92.8437,13.2087,10.0,2021-05-25 14:14:37.433
"Southern Qinghai, China",4.3,97.6507,34.7832,10.0,2021-05-25 04:46:26.105
"Southern Qinghai, China",4.6,97.9925,34.7361,10.0,2021-05-24 23:00:22.210
"Southern Qinghai, China",4.4,97.4879,34.823,10.0,2021-05-24 08:31:30.046
"232 km E of Port Blair, India",4.5,94.876,11.7799,10.0,2021-05-24 03:49:09.973
"45 km NW of Josh?math, India",4.5,79.2707,30.8764,10.0,2021-05-23 19:01:39.963
"78 km SSE of Mawlaik, Myanmar",4.3,94.5814,22.9496,95.83,2021-05-23 15:41:03.473
"105 km E of W?ngjing, India",4.4,95.0955,24.7351,103.92,2021-05-23 01:26:40.871
"Southern Qinghai, China",4.3,97.5197,34.7559,10.0,2021-05-22 09:39:36.651
"Southern Qinghai, China",4.2,97.7378,34.8584,10.0,2021-05-22 09:20:25.918
"Southern Qinghai, China",4.5,97.8634,34.7046,10.0,2021-05-22 03:16:13.062
"Southern Qinghai, China",5.1,97.4695,34.9495,10.0,2021-05-22 02:29:37.091
"26 km ENE of Taungdwingyi, Myanmar",4.4,95.7789,20.0893,10.0,2021-05-22 00:38:31.888
"Southern Qinghai, China",4.0,97.8683,34.7527,10.0,2021-05-21 21:14:02.022
"Southern Qinghai, China",4.6,97.7166,34.6655,10.0,2021-05-21 19:49:14.886
"Southern Qinghai, China",4.5,97.8033,34.8004,10.0,2021-05-21 19:09:18.399
"23 km S of Khorugh, Tajikistan",4.1,71.5065,37.2841,123.28,2021-05-20 08:09:23.119
"41 km E of Pokhara, Nepal",4.5,84.3876,28.2544,10.0,2021-05-19 16:54:29.784
"150 km NNW of Sabang, Indonesia",4.0,94.6894,7.0967,218.53,2021-05-19 13:20:04.731
"11 km SW of Tag?b, Afghanistan",4.6,69.5705,34.776,14.82,2021-05-19 09:19:13.065
"33 km E of Pokhara, Nepal",4.9,84.3042,28.3088,10.0,2021-05-19 02:41:38.847
"36 km E of Pokhara, Nepal",5.3,84.3373,28.2785,10.0,2021-05-18 23:57:58.646
"6 km SW of Dhekiajuli, India",4.4,92.4258,26.6713,49.81,2021-05-18 12:03:01.251
"115 km NW of Sabang, Indonesia",5.0,94.5648,6.6176,10.0,2021-05-18 05:49:21.978
"261 km SW of Mawlamyinegyunn, Myanmar",4.1,93.7329,14.5393,25.9,2021-05-17 22:54:34.366
Eastern Xizang,4.3,92.926,31.9601,10.0,2021-05-17 04:37:25.741
"59 km SW of Ashk?sham, Afghanistan",4.1,71.1316,36.255,100.48,2021-05-17 04:11:52.943
"41 km S of R?jula, India",4.1,71.4793,20.6607,10.0,2021-05-16 22:07:22.008
"5 km N of Dhekiajuli, India",4.4,92.4736,26.753,43.8,2021-05-15 03:03:56.663
"56 km SE of Mon, India",4.2,95.5047,26.418,85.91,2021-05-14 23:39:52.005
"99 km SE of Phek, India",4.5,95.1088,24.9625,111.38,2021-05-14 16:42:04.988
"30 km SW of Farkh?r, Afghanistan",4.5,69.5932,36.4008,42.65,2021-05-14 09:57:25.837
"23 km S of Taloqan, Afghanistan",4.6,69.4966,36.5242,31.91,2021-05-14 01:02:21.662
"southern Xinjiang, China",4.5,85.0799,37.1378,10.0,2021-05-12 14:37:07.631
"299 km SSW of Port Blair, India",4.6,92.2062,9.0163,10.0,2021-05-12 03:58:23.483
"43 km WSW of Ashk?sham, Afghanistan",4.3,71.1117,36.4912,126.19,2021-05-10 08:04:24.462
"7 km N of Dhekiajuli, India",3.8,92.4738,26.774,10.0,2021-05-09 18:41:23.049
Afghanistan-Tajikistan border region,4.4,71.6884,37.2371,117.17,2021-05-09 01:53:36.483
"24 km SE of Jurm, Afghanistan",4.1,71.0116,36.6988,222.0,2021-05-07 11:21:16.940
"35 km SSE of Jurm, Afghanistan",4.1,70.9579,36.5596,188.16,2021-05-07 08:16:41.007
"12 km S of Dhekiajuli, India",4.2,92.4813,26.5945,48.29,2021-05-06 05:00:15.741
"1 km S of Udalguri, India",4.0,92.0993,26.7384,47.0,2021-05-05 13:52:12.421
"Nicobar Islands, India region",4.9,94.1922,8.6376,10.0,2021-05-04 22:31:15.831
"47 km S of Jurm, Afghanistan",4.0,70.9143,36.4422,143.16,2021-05-04 11:28:33.106
"northern Qinghai, China",4.6,94.1354,36.696,10.0,2021-05-03 11:42:39.847
"36 km S of Sarupathar, India",4.2,96.7988,25.8803,55.36,2021-05-03 10:41:09.136
"45 km NE of Jurm, Afghanistan",4.2,71.2027,37.1542,38.66,2021-05-01 00:46:57.064
"39 km SSW of Loikaw, Myanmar",4.4,97.1038,19.3381,15.0,2021-04-30 20:47:33.896
"59 km SE of W?ngjing, India",4.3,94.513,24.2389,95.31,2021-04-30 13:40:06.220
"30 km SSE of Jurm, Afghanistan",4.7,70.9548,36.61,72.99,2021-04-29 20:06:02.744
"64 km SW of Ashk?sham, Afghanistan",4.1,71.089,36.2283,102.29,2021-04-29 05:57:44.026
"4 km N of Dhekiajuli, India",4.8,92.4849,26.7477,38.21,2021-04-28 19:50:53.770
"7 km NNE of Dhekiajuli, India",4.2,92.5133,26.7662,35.0,2021-04-28 10:33:27.953
"13 km W of Rang?p?ra, India",4.4,92.5371,26.8262,35.0,2021-04-28 02:43:20.811
"6 km NE of Dhekiajuli, India",5.0,92.5136,26.7489,35.0,2021-04-28 02:33:01.489
"8 km NNW of Dhekiajuli, India",6.0,92.4565,26.7813,34.0,2021-04-28 02:21:26.212
western Xizang,4.6,89.5874,35.5232,10.0,2021-04-27 11:43:16.922
"161 km NNE of Barishal, Pakistan",4.5,75.6654,37.5511,99.38,2021-04-27 05:16:59.056
"32 km N of Baghl?n, Afghanistan",4.5,68.663,36.4255,56.85,2021-04-24 16:56:58.971
"35 km SSE of Jurm, Afghanistan",4.4,70.9212,36.5522,194.6,2021-04-23 07:50:34.321
"47 km S of Jurm, Afghanistan",4.1,70.7896,36.44,203.27,2021-04-22 21:07:39.299
"207 km NW of Rikaze, China",4.1,87.1751,30.3858,10.0,2021-04-22 03:08:52.099
"44 km WNW of Kunduz, Afghanistan",4.1,68.3921,36.8844,10.0,2021-04-21 23:26:36.607
"178 km SE of Port Blair, India",4.3,93.8204,10.4547,10.0,2021-04-21 19:45:11.093
"197 km SSE of Port Blair, India",4.4,93.1765,9.9295,8.01,2021-04-21 19:39:01.812
"201 km SE of Port Blair, India",4.6,94.2339,10.5902,26.06,2021-04-21 19:34:42.963
"92 km W of Dêqên, China",4.7,89.7629,30.0036,10.0,2021-04-21 13:28:26.409
"27 km SW of Ashk?sham, Afghanistan",4.4,71.329,36.4941,218.31,2021-04-19 12:56:02.323
"61 km ESE of Hakha, Myanmar",5.1,94.1955,22.5129,24.67,2021-04-18 13:24:32.776
"140 km NE of Sar?han, India",4.6,78.7499,32.4789,10.0,2021-04-15 22:26:24.010
"158 km SW of Bamboo Flat, India",4.1,91.5252,10.8839,10.0,2021-04-14 16:45:09.044
"65 km ESE of Farkh?r, Afghanistan",4.3,70.5082,36.3109,144.24,2021-04-14 09:44:38.095
"38 km S of Jurm, Afghanistan",4.1,70.837,36.5179,195.98,2021-04-14 07:24:48.118
"18 km SSW of Mehtar L?m, Afghanistan",4.1,70.126,34.5245,38.74,2021-04-13 23:41:17.827
"33 km NNW of Dera Ghazi Khan, Pakistan",4.2,70.5179,30.3274,10.0,2021-04-13 10:44:23.754
"41 km S of Jurm, Afghanistan",4.6,70.8628,36.4947,183.7,2021-04-13 05:42:49.761
"16 km SSE of A?bak, Afghanistan",4.4,68.0527,36.1157,38.87,2021-04-13 04:28:07.122
Eastern Xizang,4.7,90.6416,31.6849,10.0,2021-04-10 18:21:48.309
"108 km ENE of Nagqu, China",4.3,93.059,31.9489,10.0,2021-04-06 22:00:59.617
"100 km ENE of Nagqu, China",4.7,92.9564,31.9628,10.0,2021-04-06 21:55:47.956
"92 km ENE of Nagqu, China",5.0,92.9137,31.8686,10.0,2021-04-06 21:48:35.301
"87 km W of Monywa, Myanmar",4.0,94.3005,21.9881,51.39,2021-04-06 02:04:03.736
"15 km E of Odl?b?ri, India",3.9,88.7828,26.8176,10.0,2021-04-06 01:36:55.618
"35 km NNW of Samtse, Bhutan",5.2,88.9412,27.1863,10.0,2021-04-05 15:19:57.976
"105 km ENE of Barishal, Pakistan",4.2,75.7308,36.7677,74.65,2021-04-04 20:09:52.991
"58 km ESE of Nahr?n, Afghanistan",4.5,69.7657,35.9507,96.12,2021-04-04 06:16:28.552
western Xizang,4.3,87.6043,34.4826,10.0,2021-04-02 08:58:38.418
western Xizang,4.7,89.3989,35.6454,10.0,2021-04-02 07:55:53.605
"22 km SE of Jurm, Afghanistan",4.2,70.9939,36.7131,221.65,2021-04-01 16:51:09.258
"46 km NNW of Fayzabad, Afghanistan",4.4,70.3956,37.5087,11.91,2021-04-01 12:04:49.892
"36 km S of Jurm, Afghanistan",4.1,70.8651,36.5397,188.36,2021-03-31 12:24:14.987
"211 km WNW of Sabang, Indonesia",4.9,93.4713,6.3788,25.52,2021-03-30 16:08:21.488
"Nicobar Islands, India region",4.5,92.1365,6.7972,10.0,2021-03-30 04:45:32.047
western Xizang,5.5,87.6921,34.3549,8.0,2021-03-29 17:27:23.269
"132 km SW of Bamboo Flat, India",4.6,91.7787,10.9343,10.0,2021-03-29 08:24:59.963
western Xizang,4.5,89.4991,35.5062,51.67,2021-03-27 17:24:15.166
"47 km NNE of Bomdila, India",5.0,92.6692,27.6289,29.81,2021-03-26 19:02:07.885
"58 km SSW of Jurm, Afghanistan",4.0,70.6382,36.3655,131.32,2021-03-26 19:00:43.837
"32 km S of Jurm, Afghanistan",4.2,70.8919,36.5762,199.0,2021-03-26 10:37:17.546
"Southern Qinghai, China",4.3,91.1933,35.4265,10.0,2021-03-26 00:18:33.215
"119 km NNW of Pathein, Myanmar",4.3,94.1714,17.7099,10.0,2021-03-25 00:28:53.494
Afghanistan-Tajikistan-Pakistan region,4.2,71.5277,36.721,168.05,2021-03-23 19:36:10.206
"27 km N of A?bak, Afghanistan",4.2,68.0699,36.5077,41.21,2021-03-23 18:56:46.351
"97 km ENE of Nagqu, China",5.0,92.9084,31.9664,10.0,2021-03-22 17:23:35.795
"63 km WSW of Shi Yomi, India",4.6,93.7808,28.2935,10.0,2021-03-22 15:40:44.570
"245 km N of Saga, China",4.5,84.831,31.5079,10.0,2021-03-22 14:51:51.354
"37 km SW of Ashk?sham, Afghanistan",4.6,71.2033,36.4722,122.81,2021-03-21 14:18:03.406
"10 km SSE of Dhekiajuli, India",4.2,92.5148,26.6195,10.0,2021-03-21 12:22:37.682
"Nicobar Islands, India region",4.2,92.3578,6.9626,10.0,2021-03-21 09:31:31.443
western Xizang,5.2,83.4724,34.7094,15.11,2021-03-20 15:30:22.366
"36 km NNW of Ashk?sham, Afghanistan",4.5,71.3458,36.9722,95.88,2021-03-20 07:43:06.792
"103 km ENE of Nagqu, China",4.3,93.017,31.9252,10.0,2021-03-19 18:04:10.720
"95 km ENE of Nagqu, China",5.7,92.9151,31.9246,8.0,2021-03-19 06:11:27.113
"53 km NNW of Khand?d, Afghanistan",4.4,72.1824,37.4231,196.14,2021-03-18 11:53:59.606
"143 km NE of Saga, China",4.6,86.3698,30.1485,10.0,2021-03-16 13:16:08.835
"1 km WSW of Yang? Qal‘ah, Afghanistan",4.4,69.5913,37.4577,10.0,2021-03-13 12:30:24.216
"85 km NW of Monywa, Myanmar",4.5,94.565,22.6746,103.62,2021-03-11 02:34:14.229
"43 km S of Jurm, Afghanistan",4.2,70.927,36.4818,144.15,2021-03-10 23:19:30.244
"51 km SSW of Jurm, Afghanistan",4.7,70.6937,36.4189,211.82,2021-03-09 21:06:48.613
"66 km ESE of Phek, India",4.6,95.0793,25.3809,89.49,2021-03-09 11:15:01.099
"50 km SSW of Ashk?sham, Afghanistan",4.2,71.4029,36.2447,101.53,2021-03-09 01:52:04.330
"14 km S of Ashk?sham, Afghanistan",4.0,71.5065,36.5574,134.37,2021-03-07 12:29:52.511
"44 km SW of Ashk?sham, Afghanistan",4.1,71.1581,36.4149,235.7,2021-03-06 20:26:42.574
"64 km N of Khand?d, Afghanistan",4.0,72.3385,37.5347,192.88,2021-03-06 19:26:48.305
"15 km WSW of Taloqan, Afghanistan",4.4,69.3922,36.6641,10.0,2021-03-06 13:01:00.102
"2 km SW of Nahr?n, Afghanistan",3.8,69.1101,36.0482,128.5,2021-03-05 14:10:53.344
"256 km E of Leh, India",4.7,80.3638,34.1448,10.0,2021-03-04 17:57:31.975
"33 km W of Ashk?sham, Afghanistan",4.0,71.1596,36.6831,210.93,2021-03-02 15:20:45.260
"64 km SSW of Ashk?sham, Afghanistan",4.3,71.3559,36.1232,90.64,2021-03-02 11:03:30.764
"133 km NW of Sabang, Indonesia",4.7,94.3526,6.6114,74.69,2021-03-01 18:21:52.678
"104 km NNW of Lobujya, Nepal",4.1,86.469,28.8397,15.43,2021-02-27 20:03:45.862
"30 km SSW of Ashk?sham, Afghanistan",4.1,71.46,36.4173,117.88,2021-02-26 21:35:19.754
"34 km ENE of Khorugh, Tajikistan",4.3,71.9329,37.5509,115.63,2021-02-26 09:28:18.703
"5 km WSW of Ashk?sham, Afghanistan",4.2,71.4686,36.6717,173.55,2021-02-25 08:36:40.357
"47 km NE of Shwebo, Myanmar",4.5,96.0167,22.8779,10.0,2021-02-25 07:50:20.274
"29 km SW of Shwebo, Myanmar",4.1,95.4803,22.3908,22.58,2021-02-25 04:19:58.736
"20 km NE of Shwebo, Myanmar",4.2,95.8415,22.7,20.12,2021-02-25 03:46:04.088
"39 km NE of Shwebo, Myanmar",4.9,95.9211,22.8585,10.0,2021-02-25 02:34:26.540
"33 km SSE of Khorugh, Tajikistan",4.0,71.7513,37.2288,139.66,2021-02-25 02:11:42.916
"161 km SW of Tekn?f, Bangladesh",4.5,91.0101,20.054,10.0,2021-02-24 18:16:46.453
"98 km NE of Barishal, Pakistan",4.4,75.4511,36.9713,10.0,2021-02-23 21:45:16.829
"54 km WNW of Rajanpur, Pakistan",4.4,69.7957,29.2546,10.0,2021-02-20 08:09:34.511
"24 km SSE of Khorugh, Tajikistan",4.1,71.6766,37.2953,59.67,2021-02-20 01:47:53.340
"38 km SSE of Mawlaik, Myanmar",4.1,94.5689,23.3318,95.45,2021-02-20 00:01:25.163
"10 km WNW of Baraki Barak, Afghanistan",3.7,68.8554,34.0145,10.0,2021-02-18 18:18:43.335
"23 km SSW of Jurm, Afghanistan",4.1,70.7208,36.6766,240.99,2021-02-17 17:32:34.782
"9 km ENE of Dhekiajuli, India",4.6,92.5712,26.7322,18.67,2021-02-17 12:24:46.809
"18 km W of Farkh?r, Afghanistan",4.1,69.6537,36.5513,149.77,2021-02-17 10:58:55.374
"194 km E of Port Blair, India",4.7,94.5033,11.9865,10.0,2021-02-16 20:36:52.158
"88 km NNE of Khand?d, Afghanistan",4.1,72.6166,37.7085,195.85,2021-02-16 09:57:54.153
"Nicobar Islands, India region",4.4,93.8707,9.1314,10.0,2021-02-15 13:53:17.275
"22 km E of Khorugh, Tajikistan",4.1,71.8089,37.5201,111.79,2021-02-15 12:11:16.572
"32 km SW of Khorugh, Tajikistan",4.4,71.2812,37.2941,100.05,2021-02-14 13:27:50.564
"17 km S of Danghara, Tajikistan",4.5,69.3551,37.9368,10.0,2021-02-13 06:13:09.986
"41 km ESE of Khorugh, Tajikistan",4.5,71.9641,37.3038,200.48,2021-02-11 19:34:00.305
"75 km S of Mawlaik, Myanmar",4.4,94.4802,22.9602,102.99,2021-02-11 08:04:50.599
"10 km S of Sovet, Tajikistan",4.7,69.5893,37.9531,10.0,2021-02-10 22:31:06.994
"58 km SW of Ashk?sham, Afghanistan",4.1,71.0446,36.3324,121.31,2021-02-10 19:03:22.466
"5 km SSE of Tsimasham, Bhutan",3.7,89.5665,27.0534,10.0,2021-02-10 14:43:43.254
"34 km SW of Ashk?sham, Afghanistan",4.1,71.24,36.4815,252.23,2021-02-10 14:32:28.774
"87 km NW of Mangan, India",4.3,87.8568,28.0331,35.0,2021-02-09 01:50:07.207
"185 km W of Dawei, Myanmar",4.4,96.4846,13.9209,10.0,2021-02-08 15:40:37.923
"83 km ENE of Taunggyi, Myanmar",4.7,97.8148,20.9738,10.0,2021-02-05 11:47:47.677
"181 km WSW of Zangguy, China",4.5,76.829,36.7848,93.66,2021-02-04 17:02:04.030
"104 km NNE of Lobujya, Nepal",5.1,87.3785,28.7463,10.0,2021-02-04 05:06:23.654
"54 km ESE of Farkh?r, Afghanistan",4.0,70.4477,36.4495,199.41,2021-02-03 19:30:26.126
"65 km E of Leh, India",4.5,78.2819,34.26,10.0,2021-02-03 14:29:49.946
"61 km ESE of Farkh?r, Afghanistan",4.3,70.4753,36.3364,170.03,2021-02-03 13:18:54.354
"76 km NNE of Skardu, Pakistan",4.0,75.937,35.9392,23.36,2021-02-02 17:34:06.344
"52 km NE of Chitre, Nepal",4.5,84.0135,28.8039,29.41,2021-02-02 16:14:13.363
"45 km S of Jurm, Afghanistan",4.3,70.8866,36.4604,123.1,2021-02-02 06:44:14.399
"33 km SE of Jurm, Afghanistan",4.2,71.1138,36.6672,253.75,2021-02-02 03:45:51.153
"38 km SSE of Khorugh, Tajikistan",4.1,71.7916,37.1954,141.09,2021-02-02 02:52:43.187
"110 km NNE of Lobujya, Nepal",5.0,87.362,28.8225,8.7,2021-02-02 02:31:13.845
"23 km SSW of Ashk?sham, Afghanistan",4.2,71.4502,36.4819,94.49,2021-02-02 01:16:44.701
"52 km NE of Yairipok, India",4.1,94.4749,24.9512,47.39,2021-01-31 20:04:24.547
"83 km SSE of Khonsa, India",4.2,95.7822,26.293,80.92,2021-01-27 18:56:21.382
"164 km N of Bamboo Flat, India",4.4,92.5357,13.1762,29.29,2021-01-27 02:52:29.712
"41 km S of Khorugh, Tajikistan",5.0,71.6199,37.1151,117.26,2021-01-24 19:01:22.737
"30 km SW of Ashk?sham, Afghanistan",4.4,71.3102,36.4718,97.56,2021-01-24 11:54:14.391
"48 km E of Khorugh, Tajikistan",4.0,72.1053,37.5177,139.38,2021-01-23 04:39:30.926
"98 km NE of Mawlaik, Myanmar",4.3,95.0289,24.326,117.91,2021-01-22 21:14:43.356
"42 km SSW of Jurm, Afghanistan",4.4,70.6831,36.5019,199.15,2021-01-21 15:32:10.081
"45 km ESE of Khorugh, Tajikistan",4.0,72.0322,37.3385,192.76,2021-01-20 07:27:52.217
"8 km SSE of Farkh?r, Afghanistan",4.0,69.8782,36.4976,81.72,2021-01-19 18:55:46.302
"51 km S of Jurm, Afghanistan",4.2,70.8393,36.3995,136.77,2021-01-19 11:02:40.469
"263 km NW of Sabang, Indonesia",4.3,93.5259,7.4656,43.43,2021-01-18 16:08:00.919
"174 km NNW of Sabang, Indonesia",4.7,94.717,7.3495,133.8,2021-01-18 11:43:55.496
"36 km NNW of Bhamo, Myanmar",4.3,97.108,24.5613,10.0,2021-01-17 13:42:51.924
"49 km WSW of Sarupathar, India",4.3,96.3433,26.0588,10.0,2021-01-17 06:59:48.217
"48 km NE of Khawhai, India",4.3,93.5159,23.6359,61.32,2021-01-16 20:48:12.888
"47 km SSW of Jurm, Afghanistan",5.5,70.6979,36.4494,204.0,2021-01-16 20:02:46.900
"38 km ENE of Lakhipur, India",4.2,93.3739,24.8799,10.0,2021-01-13 19:15:33.854
"89 km NNW of Monywa, Myanmar",4.1,94.6878,22.7983,108.51,2021-01-13 01:07:21.948
"35 km SSE of Jurm, Afghanistan",4.4,71.0029,36.5795,208.23,2021-01-12 04:47:17.405
"16 km W of Kishtw?r, India",5.1,75.5872,33.3042,10.0,2021-01-11 14:02:03.048
"92 km NE of Kh??db?ri??, Nepal",4.1,87.7888,28.028,35.0,2021-01-11 13:59:49.235
"13 km NNW of Kishtw?r, India",4.1,75.7158,33.4274,10.0,2021-01-11 13:59:12.570
"41 km ESE of Farkh?r, Afghanistan",4.2,70.311,36.4949,202.88,2021-01-10 21:01:36.536
"40 km S of Jurm, Afghanistan",4.5,70.8826,36.5003,178.51,2021-01-10 15:14:42.573
"35 km W of Kyelang, India",4.5,76.6552,32.521,22.64,2021-01-09 14:51:50.407
"130 km WNW of Sabang, Indonesia",5.0,94.2415,6.3819,78.43,2021-01-07 01:27:31.280
"29 km S of Khorugh, Tajikistan",4.2,71.5145,37.2266,114.79,2021-01-05 03:51:34.498
"30 km E of Khorugh, Tajikistan",4.5,71.8981,37.4846,115.29,2021-01-02 13:02:49.492
"northern Qinghai, China",4.5,94.6733,37.024,16.47,2021-01-01 20:24:36.402
"28 km SSE of Farkh?r, Afghanistan",4.1,69.9285,36.324,139.79,2021-01-01 01:50:22.753
"7 km NNW of Shingli Bala, Pakistan",5.0,72.9466,34.741,10.0,2020-12-30 05:33:43.546
"71 km SSW of Ashk?sham, Afghanistan",4.0,71.1257,36.1283,98.52,2020-12-29 16:13:54.901
"26 km SSW of Khorugh, Tajikistan",4.3,71.4109,37.2821,100.96,2020-12-28 14:45:19.401
"12 km ESE of Battagram, Pakistan",4.2,73.1544,34.6475,10.0,2020-12-27 14:29:31.526
"47 km ESE of Farkh?r, Afghanistan",4.3,70.375,36.4783,211.84,2020-12-27 12:32:47.199
"93 km SSE of Hayuliang, India",4.5,96.9396,27.3034,10.0,2020-12-26 21:48:15.074
"205 km WSW of Pathein, Myanmar",4.5,92.9758,16.0246,10.0,2020-12-26 14:19:09.417
"74 km W of Myitkyina, Myanmar",4.4,96.6657,25.4629,10.0,2020-12-24 15:13:50.935
"67 km SSW of Sarupathar, India",4.3,96.657,25.6158,10.0,2020-12-24 12:47:17.072
"64 km SSW of Sarupathar, India",4.8,96.6534,25.6397,10.0,2020-12-24 08:09:48.075
"40 km SSW of Khorugh, Tajikistan",4.5,71.3042,37.1813,91.05,2020-12-23 17:11:27.870
"89 km SSE of Hayuliang, India",4.2,97.0395,27.4003,49.94,2020-12-23 11:06:53.791
"21 km ENE of Nahr?n, Afghanistan",4.9,69.3533,36.1322,26.1,2020-12-22 01:01:33.840
"34 km SE of Jurm, Afghanistan",4.2,71.0771,36.6227,205.93,2020-12-20 00:39:54.292
"48 km W of Monywa, Myanmar",4.1,94.6654,22.0856,112.46,2020-12-19 06:22:47.064
"38 km SSE of Jurm, Afghanistan",4.2,71.0112,36.5468,194.51,2020-12-18 03:53:41.667
"5 km ENE of Deoli, India",3.8,77.2852,28.5188,10.0,2020-12-17 18:16:48.782
"86 km E of Khand?d, Afghanistan",4.3,73.284,36.8775,10.0,2020-12-16 13:56:31.088
"65 km E of Khand?d, Afghanistan",4.3,73.0583,36.9414,57.91,2020-12-16 12:57:18.539
"55 km ENE of Falam, Myanmar",4.2,94.2086,23.0317,76.92,2020-12-12 04:14:10.866
"9 km WSW of Go?lp?ra, India",4.3,90.5453,26.1291,10.0,2020-12-10 16:56:47.765
"40 km S of Khorugh, Tajikistan",4.2,71.6141,37.1274,113.96,2020-12-10 16:33:09.077
"2 km ESE of Pulwama, India",4.2,74.9266,33.866,10.0,2020-12-09 21:57:34.387
"242 km NW of Sabang, Indonesia",4.5,94.058,7.681,58.64,2020-12-09 08:17:09.184
"77 km W of Monywa, Myanmar",5.1,94.3877,22.2089,90.82,2020-12-08 05:14:35.415
"85 km SSE of Saiha, India",4.6,93.4233,21.8358,52.56,2020-12-06 14:39:13.789
"117 km NNE of Bamboo Flat, India",4.6,93.2653,12.619,62.26,2020-12-06 13:35:41.171
northwestern Kashmir,4.4,74.1378,36.5666,58.65,2020-12-03 08:09:34.952
western Xizang,4.0,88.4267,33.7022,10.0,2020-12-01 15:44:15.348
"62 km SSW of Jurm, Afghanistan",4.0,70.5662,36.343,179.58,2020-11-30 12:32:37.685
"6 km W of Ashk?sham, Afghanistan",4.1,71.4603,36.6785,172.71,2020-11-28 00:09:30.496
western Xizang,4.4,88.5012,33.713,10.0,2020-11-27 23:37:50.417
"54 km SSW of Ashk?sham, Afghanistan",3.8,71.2146,36.2615,156.81,2020-11-27 23:03:13.873
"32 km WSW of Ashk?sham, Afghanistan",4.4,71.2193,36.533,226.53,2020-11-26 17:27:36.031
"41 km SSW of Ashk?sham, Afghanistan",4.4,71.3054,36.3619,124.31,2020-11-26 10:01:46.813
"190 km SSE of Port Blair, India",4.3,93.6071,10.1668,10.0,2020-11-26 02:00:31.329
western Xizang,4.2,88.5572,33.7398,10.0,2020-11-26 01:15:32.643
"Southern Qinghai, China",4.1,91.3127,35.5509,10.0,2020-11-24 04:15:53.068
"80 km NNE of Lobujya, Nepal",4.4,87.2271,28.5808,10.0,2020-11-23 13:41:45.202
"25 km NW of Kh??db?ri??, Nepal",4.5,87.0358,27.5457,27.68,2020-11-23 13:36:04.648
"61 km SSE of Farkh?r, Afghanistan",4.2,70.1693,36.0789,142.1,2020-11-22 16:23:39.821
"5 km WNW of Tuensang, India",4.3,94.7728,26.2945,60.63,2020-11-22 03:29:20.994
"255 km N of Bamboo Flat, India",4.3,92.5614,14.0029,10.0,2020-11-22 00:00:40.464
"128 km NW of Rikaze, China",4.5,88.1002,30.1884,10.0,2020-11-21 21:49:21.520
"10 km NE of Seoni, India",4.3,79.6342,22.1407,10.0,2020-11-21 20:15:03.902
"65 km S of Jurm, Afghanistan",4.4,70.7421,36.2821,125.42,2020-11-21 15:34:52.529
"92 km SSE of Phek, India",4.5,94.9967,24.9595,10.0,2020-11-21 04:49:33.478
"38 km SSW of Jurm, Afghanistan",4.1,70.7205,36.5321,200.7,2020-11-21 02:16:08.248
"9 km SSW of Farkh?r, Afghanistan",4.4,69.8131,36.4939,157.34,2020-11-19 08:31:25.547
"30 km S of Farkh?r, Afghanistan",4.5,69.8558,36.3003,136.79,2020-11-18 10:33:47.734
"67 km NNE of Khand?d, Afghanistan",4.1,72.5748,37.5193,196.47,2020-11-17 18:57:21.455
"255 km NW of Sabang, Indonesia",4.7,93.9314,7.7441,51.17,2020-11-17 13:12:51.222
"228 km N of Bamboo Flat, India",4.3,92.4013,13.7389,10.0,2020-11-17 03:28:22.737
"22 km E of Mawlaik, Myanmar",5.0,94.6188,23.6092,103.66,2020-11-14 08:50:26.186
"34 km W of Ashk?sham, Afghanistan",4.4,71.1473,36.6585,213.73,2020-11-13 18:10:25.569
"44 km NW of Ishqoshim, Tajikistan",4.1,71.3129,37.049,106.56,2020-11-12 20:19:08.823
"42 km S of Jurm, Afghanistan",4.3,70.7722,36.4834,215.53,2020-11-12 03:20:00.164
"7 km NNE of P?r?n, Afghanistan",4.0,70.9652,35.4779,105.1,2020-11-12 02:06:11.667
"36 km SW of Ashk?sham, Afghanistan",4.2,71.2598,36.444,237.4,2020-11-11 14:49:20.054
"80 km E of Falam, Myanmar",4.5,94.4538,22.7939,104.48,2020-11-10 04:45:39.687
"68 km NE of Kh??db?ri??, Nepal",4.1,87.7713,27.7299,10.0,2020-11-08 21:44:14.394
eastern Kashmir,4.4,75.735,33.4944,10.0,2020-11-08 13:26:25.069
"37 km ESE of Khorugh, Tajikistan",4.6,71.9384,37.3589,140.65,2020-11-08 12:19:02.769
"39 km SE of Kakching, India",4.3,94.1977,24.2021,65.34,2020-11-08 09:32:42.842
"63 km NNW of Hayuliang, India",4.3,96.3987,28.6287,10.0,2020-11-08 09:12:23.801
"27 km E of Kosamba, India",3.9,73.219,21.5017,10.0,2020-11-07 10:09:22.561
"250 km N of Bamboo Flat, India",4.5,92.9836,13.9453,10.0,2020-11-07 06:19:11.529
"44 km SW of Ashk?sham, Afghanistan",4.3,71.149,36.4224,231.73,2020-11-07 00:16:52.055
"24 km N of Kishtw?r, India",4.6,75.7388,33.5339,10.0,2020-11-06 22:59:17.399
Myanmar,4.3,96.4551,25.1948,10.0,2020-11-06 03:06:45.517
"20 km S of Taloqan, Afghanistan",4.2,69.5582,36.5505,169.23,2020-11-04 02:39:45.625
"10 km NNW of Ashk?sham, Afghanistan",4.4,71.4733,36.7666,185.36,2020-11-03 01:24:55.682
"30 km NNW of Nongstoin, India",4.5,91.1728,25.7773,10.0,2020-11-02 19:43:17.105
"16 km SSW of Danghara, Tajikistan",4.6,69.282,37.9543,10.0,2020-11-01 15:58:49.662
"129 km E of Nagqu, China",4.2,93.4001,31.703,10.0,2020-10-31 18:43:10.118
"53 km E of Leh, India",4.5,78.1585,34.1948,10.0,2020-10-31 16:59:40.590
"40 km SW of Ashk?sham, Afghanistan",4.5,71.1738,36.4625,204.36,2020-10-30 15:51:35.624
"20 km NE of Khorugh, Tajikistan",4.9,71.742,37.6026,51.88,2020-10-29 09:32:43.621
"16 km NNW of Dipayal, Nepal",4.2,80.8988,29.4069,10.0,2020-10-28 18:34:26.731
"43 km SW of Ashk?sham, Afghanistan",4.3,71.1747,36.4255,120.19,2020-10-28 06:11:38.364
"8 km E of Farkhor, Tajikistan",4.2,69.5002,37.4899,10.0,2020-10-28 04:01:48.816
"8 km W of Chubek, Tajikistan",4.4,69.6041,37.6102,10.0,2020-10-28 03:58:10.129
"56 km N of Barkhan, Pakistan",4.4,69.5683,30.4031,10.0,2020-10-26 14:16:57.919
"19 km SE of Ishqoshim, Tajikistan",4.4,71.772,36.6053,94.34,2020-10-25 22:44:42.501
"12 km WNW of Hulbuk, Tajikistan",4.1,69.5057,37.8287,10.0,2020-10-25 15:00:37.064
"9 km ESE of Hulbuk, Tajikistan",4.0,69.7453,37.7696,10.0,2020-10-25 14:47:57.420
"11 km ENE of Upper Dir, Pakistan",4.4,71.9924,35.2459,68.28,2020-10-24 12:10:55.386
"29 km W of Ashk?sham, Afghanistan",4.2,71.2134,36.7325,204.15,2020-10-24 05:41:51.677
"33 km E of Khagrachhari, Bangladesh",4.4,92.2965,23.1224,44.64,2020-10-24 03:21:04.311
"32 km SW of Ashk?sham, Afghanistan",4.4,71.2824,36.4685,116.92,2020-10-23 06:24:26.911
"270 km NW of Nagqu, China",4.8,90.2627,33.384,10.0,2020-10-21 13:12:37.754
"79 km NNW of P?r?n, Afghanistan",4.5,70.6688,36.1095,104.03,2020-10-21 12:02:13.127
"38 km ESE of Farkh?r, Afghanistan",4.3,70.2653,36.4691,214.09,2020-10-20 22:58:48.092
"47 km E of Margherita, India",4.0,96.1444,27.2257,57.98,2020-10-20 19:55:49.959
"40 km SW of Khorugh, Tajikistan",4.3,71.2101,37.2473,112.32,2020-10-20 04:35:26.219
"43 km SE of Khorugh, Tajikistan",4.2,71.9535,37.2703,147.84,2020-10-19 07:06:49.739
"39 km ESE of Khorugh, Tajikistan",4.4,71.9282,37.2916,136.52,2020-10-18 06:14:37.662
"56 km WSW of Wana, Pakistan",4.3,69.074,32.022,45.61,2020-10-17 16:19:48.308
"42 km SSE of Jurm, Afghanistan",4.4,70.9964,36.5082,167.31,2020-10-17 01:16:35.942
"282 km NW of Nagqu, China",4.2,90.0814,33.3981,10.0,2020-10-16 20:32:32.922
"26 km W of Ashk?sham, Afghanistan",4.9,71.2366,36.6548,219.45,2020-10-16 10:10:53.197
"43 km ESE of Khorugh, Tajikistan",4.4,72.0162,37.3504,160.65,2020-10-15 13:34:53.966
"48 km S of Ashk?sham, Afghanistan",4.1,71.5527,36.2505,117.23,2020-10-15 05:27:23.205
"Andaman Islands, India region",4.3,95.7845,12.1851,10.0,2020-10-14 23:39:01.108
"47 km ESE of Farkh?r, Afghanistan",4.2,70.3689,36.4567,206.62,2020-10-14 04:22:37.454
"35 km N of Ishqoshim, Tajikistan",4.3,71.5964,37.0459,118.4,2020-10-13 02:25:28.557
"52 km ENE of Falam, Myanmar",4.5,94.1126,23.1644,71.72,2020-10-13 01:36:21.205
"72 km SW of Ashk?sham, Afghanistan",4.5,70.9932,36.1993,112.42,2020-10-11 13:36:34.605
"57 km WNW of Dera Ghazi Khan, Pakistan",4.2,70.0859,30.2312,10.0,2020-10-11 06:02:51.900
"33 km WNW of Moir?ng, India",5.5,93.4997,24.6661,53.0,2020-10-10 17:38:00.765
"27 km W of Ashk?sham, Afghanistan",4.5,71.234,36.7205,100.29,2020-10-08 08:12:41.187
"28 km SSW of Skardu, Pakistan",4.1,75.4717,35.0808,51.43,2020-10-08 03:52:10.644
"220 km NNE of Josh?math, India",4.4,80.5666,32.3518,10.0,2020-10-07 16:18:08.290
Eastern Xizang,4.2,96.1336,30.0793,10.0,2020-10-07 13:03:15.556
"27 km E of Phek, India",4.6,94.7776,25.643,61.51,2020-10-06 22:02:54.378
"14 km N of Ishqoshim, Tajikistan",4.1,71.6121,36.8522,110.79,2020-10-06 21:25:27.921
"142 km E of Leh, India",4.7,79.1272,34.0992,10.0,2020-10-06 06:13:39.363
"150 km E of Leh, India",5.0,79.2141,34.1788,10.0,2020-10-05 23:43:20.846
"10 km SSE of Mawlaik, Myanmar",4.1,94.4335,23.5477,74.11,2020-10-05 12:08:40.009
"51 km WSW of Chauk, Myanmar",4.3,94.4032,20.6448,78.19,2020-10-04 16:00:02.846
"46 km SW of Ashk?sham, Afghanistan",4.5,71.1322,36.4226,110.24,2020-10-03 17:15:18.840
"21 km WSW of H?jo, India",4.2,91.3108,26.2024,44.3,2020-10-03 15:36:17.754
"29 km SSW of Ashk?sham, Afghanistan",4.2,71.4174,36.4391,105.28,2020-10-02 21:15:20.673
"67 km ESE of Farkh?r, Afghanistan",3.8,70.5295,36.291,154.0,2020-10-02 17:52:58.624
"34 km S of Jurm, Afghanistan",4.3,70.87,36.5567,185.38,2020-10-02 07:16:32.198
"121 km ENE of Port Blair, India",4.4,93.7095,12.2219,75.77,2020-09-30 13:44:06.357
"13 km WNW of Charikar, Afghanistan",4.1,69.0404,35.0666,35.0,2020-09-29 11:17:27.876
"12 km SE of Kishtw?r, India",4.6,75.8586,33.229,10.0,2020-09-28 05:12:34.992
"62 km SW of Ashk?sham, Afghanistan",4.7,71.0706,36.2641,109.92,2020-09-27 19:54:50.832
"52 km E of Leh, India",5.0,78.1519,34.1448,10.0,2020-09-27 17:27:42.182
"40 km NNW of Bandipura, India",4.6,74.4055,34.7214,10.0,2020-09-26 06:32:00.651
"47 km E of Nahr?n, Afghanistan",4.5,69.6564,35.9861,112.61,2020-09-26 04:04:46.848
"56 km ESE of Leh, India",3.8,78.1669,34.0161,10.0,2020-09-25 18:14:35.455
"58 km E of Leh, India",5.3,78.2058,34.2487,10.0,2020-09-25 10:57:13.221
"36 km SSE of Jurm, Afghanistan",4.3,70.9353,36.5451,174.34,2020-09-24 00:16:18.331
"39 km ESE of Farkh?r, Afghanistan",4.2,70.2904,36.4905,210.84,2020-09-24 00:03:09.453
western Xizang,4.2,85.308,33.2201,10.0,2020-09-23 03:51:05.282
"1 km WSW of Srinagar, India",4.4,74.7947,34.0837,10.0,2020-09-22 16:10:29.177
"185 km NNW of Sabang, Indonesia",4.4,94.5426,7.3774,10.0,2020-09-22 10:43:16.291
"127 km NE of Thang, India",4.1,77.8313,35.7041,62.17,2020-09-22 03:46:51.500
"21 km W of H?jo, India",4.4,91.3167,26.2803,39.62,2020-09-21 19:58:34.584
"12 km NE of Falam, Myanmar",5.1,93.7677,22.9861,53.56,2020-09-20 01:59:05.610
"32 km SSE of Mawlaik, Myanmar",4.4,94.5477,23.3836,90.39,2020-09-18 17:53:39.631
"38 km SSE of Farkh?r, Afghanistan",4.5,70.0553,36.2659,166.78,2020-09-18 08:37:46.300
"47 km SSW of Duki, Pakistan",4.8,68.311,29.7909,24.34,2020-09-17 16:42:36.178
"Southern Qinghai, China",4.8,94.5784,35.6868,10.0,2020-09-17 06:11:35.973
"24 km SSE of Khorugh, Tajikistan",4.3,71.6576,37.2855,117.73,2020-09-16 21:31:07.106
"14 km SSW of Kod?ri??, Nepal",5.3,85.8765,27.8464,10.0,2020-09-15 23:34:03.386
"136 km ENE of Nagqu, China",4.6,93.4619,31.7318,10.0,2020-09-15 04:38:11.827
"40 km SW of Ashk?sham, Afghanistan",4.0,71.1768,36.4551,235.4,2020-09-14 04:59:50.549
"40 km NNW of Il?m, Nepal",4.4,87.7715,27.2464,10.0,2020-09-11 03:45:52.880
"11 km SW of New Mirpur, Pakistan",4.3,73.6571,33.076,10.0,2020-09-10 20:23:33.551
"62 km NE of Mawlaik, Myanmar",4.3,94.8835,23.9905,127.25,2020-09-10 16:54:55.134
"57 km N of Khand?d, Afghanistan",4.2,72.4062,37.4652,78.77,2020-09-10 01:07:21.198
"47 km ESE of Khorugh, Tajikistan",4.4,72.056,37.3502,188.0,2020-09-09 16:16:46.995
"168 km NNE of Bamboo Flat, India",4.7,93.1904,13.1472,41.16,2020-09-07 21:37:50.432
western Xizang,4.1,85.2675,33.3127,10.0,2020-09-06 21:45:00.558
"74 km SE of Shache, China",4.6,77.8901,37.9774,10.0,2020-09-06 16:51:23.648
"46 km E of Farkh?r, Afghanistan",4.3,70.3742,36.5822,207.18,2020-09-06 12:59:33.781
"264 km N of Bamboo Flat, India",4.1,93.0643,14.0641,10.0,2020-09-06 11:36:45.677
Eastern Xizang,4.4,93.406,31.6455,26.87,2020-09-06 01:59:16.921
"41 km E of Farkh?r, Afghanistan",4.1,70.3147,36.5204,216.99,2020-09-03 07:07:41.747
"124 km E of Nagqu, China",4.4,93.347,31.6784,10.0,2020-09-01 16:38:50.557
"22 km NNW of Monywa, Myanmar",4.3,95.016,22.278,76.13,2020-09-01 06:39:06.264
"53 km SW of Ashk?sham, Afghanistan",4.4,71.0837,36.3703,127.7,2020-09-01 02:56:49.557
"114 km SE of Phek, India",4.9,95.2425,24.8788,123.46,2020-08-31 21:09:33.636
"41 km WSW of Ashk?sham, Afghanistan",4.1,71.0973,36.5568,227.6,2020-08-30 22:21:55.005
"Nicobar Islands, India region",4.0,92.0497,6.8607,10.0,2020-08-30 16:10:06.882
"35 km SSE of Jurm, Afghanistan",4.2,70.9513,36.5609,195.75,2020-08-30 09:45:33.534
"27 km SW of ?uk?mat? Azrah, Afghanistan",4.0,69.4762,33.9671,10.0,2020-08-30 05:44:51.450
"33 km N of Khagrachhari, Bangladesh",4.9,92.0138,23.41,37.66,2020-08-30 01:47:38.842
"26 km W of Ashk?sham, Afghanistan",4.4,71.2391,36.6713,214.63,2020-08-29 02:59:18.339
"32 km E of Pindi Gheb, Pakistan",4.5,72.6123,33.2812,10.0,2020-08-28 07:58:49.503
"23 km WSW of Myanaung, Myanmar",4.3,95.1077,18.2351,33.21,2020-08-27 15:50:10.966
"18 km ESE of North Vanlaiphai, India",4.5,93.2324,23.0656,10.0,2020-08-27 13:17:20.608
"26 km E of North Vanlaiphai, India",5.3,93.3258,23.1636,10.0,2020-08-27 12:07:15.628
"43 km SW of Ashk?sham, Afghanistan",4.4,71.1368,36.4593,100.59,2020-08-27 03:18:07.651
"42 km SE of Khorugh, Tajikistan",4.1,71.9065,37.2346,141.53,2020-08-26 22:11:10.864
"25 km SW of Ashk?sham, Afghanistan",4.2,71.349,36.5037,228.89,2020-08-26 20:22:03.976
"26 km SSW of Ashk?sham, Afghanistan",4.5,71.416,36.4659,120.8,2020-08-26 08:00:45.899
"13 km W of Kar?mpur, India",4.0,88.4834,23.965,10.0,2020-08-26 02:24:03.662
"272 km SE of Hotan, China",4.5,82.3729,35.6366,10.0,2020-08-26 00:48:50.563
"32 km N of Dipayal, Nepal",4.3,80.9299,29.556,10.0,2020-08-25 15:24:34.342
"24 km ESE of Myitkyina, Myanmar",4.3,97.6027,25.2722,10.0,2020-08-24 13:05:49.672
"183 km NW of Rikaze, China",4.5,87.5035,30.3934,10.0,2020-08-23 17:07:43.232
"78 km ESE of Tuensang, India",4.6,95.5832,26.0998,86.9,2020-08-23 13:18:15.229
"51 km E of Farkh?r, Afghanistan",4.2,70.4215,36.4992,198.14,2020-08-23 03:34:28.001
"81 km NW of Monywa, Myanmar",4.2,94.5465,22.5997,102.78,2020-08-22 22:56:36.497
"43 km SSE of Jurm, Afghanistan",4.2,71.0531,36.5158,163.0,2020-08-20 09:38:37.536
"241 km SSE of Port Blair, India",4.9,93.3607,9.5672,71.13,2020-08-19 20:53:04.563
"27 km WSW of Ashk?sham, Afghanistan",4.0,71.2735,36.5594,129.73,2020-08-19 02:19:21.230
"17 km ENE of Jurm, Afghanistan",4.5,71.0288,36.9061,103.43,2020-08-18 11:13:06.347
"209 km N of Shi Yomi, India",4.8,94.7798,30.3829,10.0,2020-08-17 16:31:52.303
western Xizang,4.8,86.6267,32.9399,10.0,2020-08-17 11:23:40.558
"206 km NNE of Shi Yomi, India",4.8,94.8125,30.3546,10.0,2020-08-16 16:40:40.467
"209 km NNE of Shi Yomi, India",4.8,94.826,30.3765,10.0,2020-08-14 12:58:40.661
"23 km E of North Vanlaiphai, India",4.2,93.2923,23.1226,10.0,2020-08-14 01:08:08.090
"201 km NNE of Shi Yomi, India",4.4,94.7804,30.3141,10.0,2020-08-13 05:22:46.641
"211 km N of Shi Yomi, India",4.9,94.7198,30.4144,10.0,2020-08-13 04:27:59.201
"169 km NNE of Shi Yomi, India",4.8,95.1615,29.8985,10.0,2020-08-12 15:58:08.257
"39 km ESE of Khorugh, Tajikistan",4.0,71.9448,37.3272,176.24,2020-08-12 14:07:34.435
"210 km NNE of Shi Yomi, India",4.1,94.8111,30.388,10.0,2020-08-11 22:48:31.686
"203 km NNE of Shi Yomi, India",4.4,94.7921,30.3255,10.0,2020-08-11 21:27:28.697
"205 km N of Shi Yomi, India",4.9,94.742,30.3544,10.0,2020-08-11 18:14:16.424
"273 km NW of Sabang, Indonesia",4.3,93.3176,7.3494,40.31,2020-08-11 14:48:44.768
"31 km ESE of Chur?ch?ndpur, India",4.3,93.9507,24.2129,59.16,2020-08-11 13:57:53.226
"219 km NNE of Shi Yomi, India",4.9,94.9345,30.4464,10.0,2020-08-09 17:13:33.298
"206 km N of Shi Yomi, India",4.8,94.7737,30.3605,10.0,2020-08-09 08:50:13.554
"212 km N of Shi Yomi, India",4.9,94.7817,30.4109,10.0,2020-08-08 08:44:00.894
"80 km E of W?ngjing, India",4.3,94.8553,24.5305,103.06,2020-08-07 17:36:20.411
"227 km NNW of Saga, China",4.1,84.1935,31.1693,10.0,2020-08-06 22:27:54.218
"166 km WNW of Nagqu, China",4.0,90.3738,31.9185,10.0,2020-08-05 11:18:49.616
"2 km E of Nahr?n, Afghanistan",4.4,69.1574,36.0648,46.44,2020-08-04 17:59:18.872
western Xizang,4.6,86.8848,33.0351,10.0,2020-08-04 02:59:45.849
"52 km S of Jurm, Afghanistan",4.1,70.8982,36.397,155.82,2020-08-03 11:24:11.900
"8 km ENE of B?z?rak, Afghanistan",4.5,69.604,35.3465,10.0,2020-08-01 06:31:40.399
western Xizang,4.1,81.8958,34.4822,10.0,2020-08-01 05:33:55.492
"46 km NNW of Ishqoshim, Tajikistan",4.2,71.3662,37.093,112.67,2020-08-01 00:11:03.998
"206 km N of Shi Yomi, India",4.2,94.7728,30.3574,10.0,2020-07-31 18:58:48.847
"150 km ENE of Nagqu, China",4.2,93.5326,31.968,10.0,2020-07-31 17:55:33.530
"215 km NNE of Shi Yomi, India",4.9,94.841,30.4288,10.0,2020-07-31 16:45:09.922
western Xizang,4.7,86.7387,33.0674,10.0,2020-07-31 11:20:10.217
"210 km NNE of Shi Yomi, India",4.3,95.04,30.3418,10.0,2020-07-31 06:10:06.917
"208 km N of Shi Yomi, India",4.8,94.7527,30.386,10.0,2020-07-30 18:38:38.999
"165 km NNE of Shi Yomi, India",4.1,95.1399,29.8667,10.0,2020-07-30 13:35:44.774
"101 km N of Mangan, India",4.1,88.3259,28.4107,10.0,2020-07-29 20:54:26.858
"204 km NNE of Shi Yomi, India",4.9,94.7909,30.3366,10.0,2020-07-29 17:27:54.128
"208 km N of Shi Yomi, India",4.8,94.7738,30.3811,10.0,2020-07-29 11:07:12.675
"25 km ESE of Khawhai, India",4.8,93.3418,23.2575,10.0,2020-07-28 14:38:49.984
western Xizang,4.3,86.8606,33.2057,10.0,2020-07-28 14:38:18.583
"34 km S of Jurm, Afghanistan",4.1,70.8783,36.5537,202.77,2020-07-28 10:07:35.274
Afghanistan-Tajikistan-Pakistan region,4.4,71.2798,36.7295,192.84,2020-07-28 09:41:07.130
"209 km N of Shi Yomi, India",4.8,94.7098,30.3956,10.0,2020-07-28 03:32:49.179
"212 km NNE of Shi Yomi, India",4.9,94.8218,30.4061,10.0,2020-07-27 05:50:20.443
"210 km NNE of Shi Yomi, India",4.7,94.806,30.389,10.0,2020-07-26 09:58:58.149
"209 km NNE of Shi Yomi, India",4.8,94.8368,30.3757,10.0,2020-07-25 15:58:37.391
"196 km NW of Rikaze, China",4.3,87.4178,30.4782,10.0,2020-07-24 19:46:04.694
"210 km NNE of Shi Yomi, India",4.9,94.8313,30.3884,10.0,2020-07-24 13:34:24.853
"42 km NW of B?z?rak, Afghanistan",4.2,69.1392,35.5442,112.9,2020-07-24 10:39:16.194
"31 km ESE of North Vanlaiphai, India",4.1,93.3699,23.069,10.0,2020-07-24 05:45:56.764
western Xizang,4.4,86.8128,33.1468,10.0,2020-07-24 03:39:40.607
western Xizang,5.1,86.8235,33.1508,10.0,2020-07-23 10:50:09.085
western Xizang,4.2,87.0518,33.2056,10.0,2020-07-23 06:48:41.845
western Xizang,4.3,86.6104,32.9435,10.0,2020-07-23 01:04:25.796
"208 km N of Shi Yomi, India",4.9,94.7159,30.3844,10.0,2020-07-23 00:47:43.907
western Xizang,4.5,86.7446,33.187,10.0,2020-07-22 22:28:33.320
western Xizang,4.4,86.8946,33.1501,10.0,2020-07-22 20:20:05.364
western Xizang,4.3,86.7663,33.1168,10.0,2020-07-22 20:17:55.276
western Xizang,5.0,86.773,33.2088,10.0,2020-07-22 20:14:44.728
western Xizang,4.2,86.8557,33.1896,10.0,2020-07-22 20:13:48.618
western Xizang,6.3,86.8637,33.1438,10.0,2020-07-22 20:07:19.194
"60 km S of Jurm, Afghanistan",4.0,70.7941,36.317,95.59,2020-07-22 19:32:05.190
"Southern Qinghai, China",4.4,90.7802,34.1959,10.0,2020-07-22 14:32:46.445
"201 km N of Shi Yomi, India",4.1,94.717,30.3195,10.0,2020-07-22 01:02:22.347
"211 km N of Shi Yomi, India",4.5,94.7716,30.404,10.0,2020-07-21 13:26:18.351
"215 km NNE of Shi Yomi, India",4.9,94.8312,30.4304,10.0,2020-07-21 06:18:48.950
"187 km NNE of Shi Yomi, India",4.4,94.7613,30.1907,10.0,2020-07-21 02:15:19.576
"290 km SE of Hotan, China",4.2,82.5463,35.5573,10.0,2020-07-21 01:33:52.896
"212 km N of Shi Yomi, India",4.0,94.779,30.4135,10.0,2020-07-21 01:17:08.217
"242 km ENE of Port Blair, India",4.5,94.9118,12.1567,10.0,2020-07-20 22:52:49.020
"213 km NNE of Shi Yomi, India",4.9,94.862,30.4051,10.0,2020-07-20 19:21:39.541
"60 km E of Khorugh, Tajikistan",4.2,72.2385,37.5111,188.15,2020-07-20 18:25:29.760
"214 km NNE of Shi Yomi, India",4.0,95.0064,30.3816,10.0,2020-07-20 15:19:53.864
"42 km ENE of Nahr?n, Afghanistan",4.2,69.5406,36.2538,172.29,2020-07-20 08:03:51.779
"49 km NW of Dera Bugti, Pakistan",4.1,68.8105,29.3621,10.0,2020-07-20 05:01:42.659
"225 km WSW of Qamdo, China",4.2,94.8878,30.6463,10.0,2020-07-20 00:36:48.338
"213 km NNE of Shi Yomi, India",4.9,94.8431,30.4109,10.0,2020-07-19 23:36:38.799
"34 km SSW of Jurm, Afghanistan",4.1,70.7276,36.5686,235.06,2020-07-19 22:21:28.971
"213 km NNE of Shi Yomi, India",5.0,94.8613,30.412,10.0,2020-07-19 10:15:47.711
"17 km WSW of P?r?n, Afghanistan",4.6,70.7366,35.3767,82.48,2020-07-18 21:14:47.316
"64 km ESE of Pyin Oo Lwin, Myanmar",4.5,97.0208,21.7851,11.66,2020-07-18 18:38:20.596
"39 km ESE of Khorugh, Tajikistan",3.9,71.931,37.3012,157.09,2020-07-18 12:45:49.200
"20 km WSW of Hail?k?ndi, India",4.3,92.3782,24.6057,39.89,2020-07-17 22:55:38.710
"11 km NW of Ashk?sham, Afghanistan",4.3,71.4318,36.7537,178.73,2020-07-17 20:51:22.063
"247 km E of Port Blair, India",5.7,94.9745,12.0979,5.07,2020-07-17 18:32:58.716
"279 km SE of Hotan, China",4.1,82.4634,35.6354,10.0,2020-07-17 17:55:01.075
"259 km E of Port Blair, India",4.8,95.1004,12.0447,10.0,2020-07-17 17:45:24.045
"25 km E of North Vanlaiphai, India",5.1,93.3092,23.1162,10.0,2020-07-17 16:33:53.474
"228 km E of Port Blair, India",5.0,94.8316,11.8485,10.0,2020-07-17 14:43:17.244
"239 km E of Port Blair, India",6.1,94.9362,11.8485,10.0,2020-07-17 14:03:40.437
"243 km E of Port Blair, India",5.1,94.9771,11.8395,10.0,2020-07-17 13:29:04.589
"32 km E of North Vanlaiphai, India",4.4,93.3785,23.1172,10.0,2020-07-17 10:26:38.892
"250 km E of Port Blair, India",4.6,95.0388,11.8654,10.0,2020-07-17 05:37:17.788
"246 km E of Port Blair, India",4.8,95.0094,11.6984,10.0,2020-07-17 05:01:13.351
"18 km WSW of Hail?k?ndi, India",4.4,92.3957,24.6068,39.62,2020-07-16 02:27:38.675
"41 km WSW of Murghob, Tajikistan",4.6,73.5538,37.9905,44.73,2020-07-16 02:25:29.761
"20 km E of R?jkot, India",4.1,70.9928,22.2558,10.0,2020-07-16 02:10:29.094
"83 km E of W?ngjing, India",4.4,94.8877,24.606,30.68,2020-07-16 01:21:55.852
"37 km NNW of Ishqoshim, Tajikistan",4.0,71.4579,37.0436,101.9,2020-07-15 17:33:54.736
"56 km SSE of Farkh?r, Afghanistan",4.2,70.1706,36.1278,104.98,2020-07-15 04:45:38.115
"southern Xinjiang, China",4.5,87.5451,37.7392,10.0,2020-07-14 13:18:13.511
"31 km SSW of Mawlaik, Myanmar",4.2,94.3314,23.3677,85.31,2020-07-14 09:27:11.984
"36 km SW of Ashk?sham, Afghanistan",4.9,71.2625,36.4387,114.53,2020-07-14 07:34:26.768
"266 km SE of Hotan, China",4.1,82.3961,35.7606,10.0,2020-07-12 22:10:44.993
"294 km N of Bamboo Flat, India",4.6,92.992,14.3503,10.0,2020-07-12 21:06:47.720
"Nicobar Islands, India region",4.4,93.9083,8.8774,10.0,2020-07-12 19:34:50.955
"55 km SSE of Jurm, Afghanistan",4.6,71.0224,36.3844,117.16,2020-07-12 02:49:27.290
"53 km SW of Jurm, Afghanistan",4.0,70.4689,36.4824,208.23,2020-07-11 04:57:35.569
"26 km SSW of Jurm, Afghanistan",4.3,70.6713,36.6604,268.39,2020-07-11 04:20:06.089
"30 km SE of Khorugh, Tajikistan",4.2,71.8379,37.3276,145.23,2020-07-10 09:33:45.926
"216 km WSW of Qamdo, China",4.1,95.0824,30.3993,10.0,2020-07-10 04:26:55.988
"31 km E of North Vanlaiphai, India",4.6,93.3665,23.0831,10.0,2020-07-09 08:58:12.692
"143 km N of Bamboo Flat, India",4.6,92.4828,12.9785,10.0,2020-07-07 23:49:28.057
"16 km NW of Jhelum, Pakistan",4.5,73.6132,33.042,10.0,2020-07-07 20:42:19.337
"16 km SW of New Mirpur, Pakistan",4.1,73.6156,33.0557,10.0,2020-07-06 19:24:27.542
"8 km E of Paghm?n, Afghanistan",4.4,69.0436,34.5903,9.82,2020-07-06 16:06:23.560
"22 km WNW of Ashk?sham, Afghanistan",4.4,71.2923,36.7373,219.73,2020-07-06 15:27:29.242
"24 km E of North Vanlaiphai, India",4.8,93.2967,23.1732,10.0,2020-07-05 11:56:34.519
"274 km SE of Hotan, China",4.6,82.4308,35.6726,10.0,2020-07-04 12:12:11.152
"72 km SSW of Jurm, Afghanistan",4.0,70.6201,36.2368,146.0,2020-07-03 14:29:44.890
"9 km NNW of B?wal, India",4.3,76.5366,28.142,30.38,2020-07-03 13:30:49.114
"27 km ESE of Khawhai, India",4.6,93.3716,23.2815,10.0,2020-07-03 09:05:43.564
"21 km E of Bhadarw?h, India",4.6,75.9509,32.998,10.0,2020-07-02 07:40:37.191
"47 km SSE of Jurm, Afghanistan",4.2,71.0585,36.4792,156.08,2020-07-02 04:23:18.491
"23 km SSE of Jurm, Afghanistan",4.1,70.9786,36.6899,217.92,2020-07-01 21:37:15.153
"36 km SE of Khorugh, Tajikistan",4.3,71.8868,37.297,198.83,2020-07-01 04:43:04.161
"21 km NE of Bhadarw?h, India",4.7,75.8744,33.1193,43.89,2020-06-30 18:02:28.856
"19 km SE of Kishtw?r, India",4.2,75.926,33.195,46.75,2020-06-30 03:26:58.130
"24 km SSW of Khorugh, Tajikistan",4.4,71.4655,37.2807,130.33,2020-06-29 12:53:23.471
"29 km ESE of Jurm, Afghanistan",4.2,71.1137,36.7252,224.36,2020-06-29 07:25:59.403
"48 km SW of Ashk?sham, Afghanistan",4.0,71.2153,36.3344,92.24,2020-06-28 13:29:06.441
"54 km E of W?ngjing, India",4.4,94.5933,24.6766,57.96,2020-06-28 05:54:36.251
"133 km N of Bamboo Flat, India",4.2,92.6873,12.9095,10.0,2020-06-28 03:26:21.339
"36 km SSE of Khorugh, Tajikistan",4.4,71.7341,37.1955,129.87,2020-06-27 11:21:31.552
"272 km SE of Hotan, China",4.3,82.4574,35.7378,10.0,2020-06-27 07:02:06.758
"12 km E of Farkh?r, Afghanistan",4.5,69.9916,36.5848,56.6,2020-06-27 04:33:53.276
"54 km W of Chauk, Myanmar",4.5,94.2917,20.8724,82.2,2020-06-26 16:05:45.280
"26 km SE of Barishal, Pakistan",4.5,74.9315,36.1755,52.11,2020-06-26 14:45:10.807
"279 km SE of Hotan, China",4.7,82.3801,35.5546,10.0,2020-06-26 01:30:58.799
"277 km SE of Hotan, China",4.3,82.4897,35.7015,10.0,2020-06-25 23:07:53.127
"278 km SE of Hotan, China",4.3,82.4316,35.6096,10.0,2020-06-25 22:51:44.316
"276 km SE of Hotan, China",5.0,82.4472,35.6685,10.0,2020-06-25 21:17:04.425
"275 km SE of Hotan, China",4.5,82.4342,35.6634,10.0,2020-06-25 21:14:36.585
"278 km SE of Hotan, China",6.3,82.4158,35.5948,10.0,2020-06-25 21:05:18.140
"277 km SE of Hotan, China",4.9,82.4619,35.6587,10.0,2020-06-25 20:29:39.466
"134 km SSE of Pyapon, Myanmar",4.3,96.2038,15.1779,10.0,2020-06-24 22:28:28.408
"23 km ENE of North Vanlaiphai, India",4.8,93.2827,23.1939,4.24,2020-06-24 19:44:43.473
"9 km S of Kohat, Pakistan",4.3,71.4493,33.4991,10.0,2020-06-24 13:49:23.892
"21 km ENE of North Vanlaiphai, India",4.5,93.2628,23.206,4.58,2020-06-24 02:32:33.683
"37 km SE of Jurm, Afghanistan",4.2,71.0934,36.6022,91.19,2020-06-23 15:49:23.771
"12 km SE of Darlawn, India",3.6,93.0128,23.9312,10.0,2020-06-23 13:47:32.941
"22 km E of North Vanlaiphai, India",5.6,93.2856,23.1449,10.84,2020-06-21 22:40:52.633
"22 km ESE of Darlawn, India",4.9,93.1135,23.9075,41.6,2020-06-21 10:46:25.514
"30 km SW of Monywa, Myanmar",4.2,94.9061,21.9396,122.4,2020-06-21 10:10:13.665
"82 km WNW of Monywa, Myanmar",4.8,94.43,22.4515,87.37,2020-06-18 13:59:20.228
"29 km ESE of Farkh?r, Afghanistan",4.1,70.182,36.5095,220.62,2020-06-18 05:25:46.085
"66 km N of P?r?n, Afghanistan",4.3,71.054,36.0132,111.47,2020-06-18 04:14:46.000
"296 km WNW of Sabang, Indonesia",4.9,92.6936,6.4533,10.0,2020-06-18 02:02:17.568
"98 km W of Pyay, Myanmar",4.8,94.3005,18.954,35.0,2020-06-16 11:15:51.620
"27 km SE of Jurm, Afghanistan",5.0,71.0335,36.6712,229.31,2020-06-16 09:21:37.394
"68 km ENE of Khorugh, Tajikistan",5.6,72.2035,37.8342,127.0,2020-06-16 01:30:48.397
"5 km SSE of K?ndla, India",3.8,70.2272,22.9861,10.0,2020-06-15 07:27:35.084
"9 km N of Bhach?u, India",5.1,70.3548,23.3821,10.0,2020-06-14 14:43:08.390
"43 km NNE of Falam, Myanmar",4.8,93.7812,23.2948,62.31,2020-06-14 05:35:31.831
"55 km NNE of Sarupathar, India",4.8,97.0594,26.6545,10.0,2020-06-14 02:39:43.149
"5 km S of Sarai Alamgir, Pakistan",4.1,73.7592,32.8562,10.0,2020-06-12 23:32:35.370
"187 km SSE of Port Blair, India",4.6,93.6808,10.2409,10.0,2020-06-11 10:48:34.653
"45 km WSW of Ashk?sham, Afghanistan",4.2,71.1033,36.4654,171.82,2020-06-10 13:55:56.413
"296 km NNW of Bamboo Flat, India",4.6,91.6101,14.151,10.0,2020-06-09 20:47:32.885
"29 km SE of Khorugh, Tajikistan",4.2,71.8009,37.306,181.79,2020-06-08 14:32:54.112
"92 km NW of Monywa, Myanmar",4.2,94.6,22.7767,100.69,2020-06-08 12:21:20.957
"18 km WSW of Ashk?sham, Afghanistan",4.1,71.3505,36.5977,221.72,2020-06-06 10:49:18.929
"32 km W of Khand?d, Afghanistan",4.1,71.9526,37.0002,234.61,2020-06-05 05:17:14.089
"41 km NNW of Baniachang, Bangladesh",4.2,91.1391,24.8316,30.48,2020-06-03 01:40:48.863
"74 km NNW of P?r?n, Afghanistan",4.3,70.6592,36.0602,130.25,2020-06-02 15:29:51.678
"89 km SSW of Port Blair, India",4.7,92.5217,10.8899,8.42,2020-05-31 13:03:58.927
"115 km NNE of Bamboo Flat, India",4.4,93.2388,12.6084,59.16,2020-05-30 23:12:23.543
"45 km WNW of Kirtipur, Nepal",4.3,84.8784,27.8896,10.0,2020-05-30 15:51:39.617
"33 km SE of Jurm, Afghanistan",4.0,71.1192,36.6698,218.65,2020-05-30 02:34:41.679
"Uttar Pradesh, India",4.2,77.0219,29.1724,10.0,2020-05-29 15:38:41.657
"42 km W of Bamboo Flat, India",4.5,92.3273,11.7257,10.0,2020-05-29 00:30:29.301
"196 km NE of Sar?han, India",4.4,79.491,32.5421,10.0,2020-05-28 08:05:58.316
"42 km S of Jurm, Afghanistan",4.3,70.7438,36.4888,141.02,2020-05-28 07:12:54.476
"13 km WSW of Shinpokh, Pakistan",4.2,71.0348,34.2918,10.0,2020-05-27 05:31:38.205
"105 km NNE of Khand?d, Afghanistan",4.4,72.8626,37.796,146.17,2020-05-26 13:55:54.357
"13 km SSW of Kakching, India",5.1,93.9197,24.3856,57.89,2020-05-25 14:42:17.395
"30 km WSW of Jal?l?b?d, Afghanistan",4.5,70.1664,34.2803,28.53,2020-05-24 22:30:51.478
"63 km N of P?r?n, Afghanistan",4.5,70.9331,35.9955,90.3,2020-05-24 19:15:36.840
"286 km SSW of Bogale, Myanmar",4.7,94.0306,14.0757,80.07,2020-05-23 09:11:37.219
"94 km ESE of Port Blair, India",4.3,93.5383,11.3192,103.13,2020-05-22 19:43:08.261
western Xizang,4.6,85.5107,32.8636,10.0,2020-05-22 18:38:17.563
western Xizang,4.3,85.4486,32.7694,10.0,2020-05-22 13:44:50.634
"33 km SSE of Jurm, Afghanistan",4.3,70.9567,36.5797,206.09,2020-05-22 06:59:13.957
"18 km WNW of Hulbuk, Tajikistan",4.5,69.4677,37.8899,10.0,2020-05-22 03:36:57.656
"59 km ENE of Khorugh, Tajikistan",4.0,72.1607,37.7317,130.06,2020-05-21 02:59:53.392
"26 km WSW of Farkh?r, Afghanistan",4.4,69.578,36.4831,71.2,2020-05-19 12:03:33.080
"11 km NE of Maydanshakhr, Afghanistan",4.3,68.9654,34.4604,10.0,2020-05-18 08:26:07.753
"14 km NW of Pathein, Myanmar",4.0,94.6443,16.8761,10.0,2020-05-18 07:02:22.593
"166 km NNE of Shi Yomi, India",4.6,94.9732,29.9346,10.0,2020-05-17 05:22:09.081
"12 km NNW of Yamethin, Myanmar",4.6,96.0814,20.5275,10.0,2020-05-17 04:32:15.434
"35 km S of Jurm, Afghanistan",4.1,70.7726,36.5507,152.62,2020-05-16 11:15:57.040
"41 km SSW of Ashk?sham, Afghanistan",4.2,71.3863,36.3245,92.15,2020-05-16 00:20:21.148
"50 km E of Farkh?r, Afghanistan",4.4,70.4193,36.5179,207.47,2020-05-15 18:38:20.334
"29 km SSE of Kod?ri??, Nepal",4.9,86.0378,27.7046,10.0,2020-05-12 18:08:38.863
"39 km SSE of Jurm, Afghanistan",4.1,70.94,36.5209,150.28,2020-05-12 14:16:17.558
"15 km NNE of Yairipok, India",4.6,94.1112,24.8084,63.54,2020-05-11 22:39:35.471
"33 km S of Jurm, Afghanistan",4.5,70.898,36.5713,206.39,2020-05-10 17:50:03.182
"28 km S of Jurm, Afghanistan",4.1,70.811,36.6098,159.56,2020-05-10 15:09:47.147
"6 km ESE of Loni, India",3.7,77.3516,28.7268,10.0,2020-05-10 08:15:27.178
"13 km S of Dw?rka, India",4.1,68.963,22.1166,10.0,2020-05-09 10:06:46.736
"41 km SSW of Jurm, Afghanistan",4.4,70.7139,36.5067,195.78,2020-05-07 19:43:08.597
"25 km E of Farkh?r, Afghanistan",4.2,70.1433,36.5667,207.69,2020-05-07 11:17:39.153
"36 km WSW of Pathein, Myanmar",4.1,94.4169,16.6415,10.0,2020-05-06 11:26:52.383
"43 km SW of Khorugh, Tajikistan",4.4,71.2068,37.2172,91.01,2020-05-06 03:57:13.345
"41 km WNW of Chauk, Myanmar",4.1,94.4334,20.9941,83.34,2020-05-05 22:15:04.082
"47 km WSW of Ashk?sham, Afghanistan",4.4,71.073,36.4702,103.22,2020-05-05 10:01:29.018
western Xizang,4.1,85.6089,32.9792,10.0,2020-05-03 15:40:23.737
"28 km SE of Jurm, Afghanistan",4.3,71.0901,36.7068,249.28,2020-05-01 16:48:38.322
"253 km WNW of Nagqu, China",4.3,89.5179,32.2161,10.0,2020-04-30 20:17:52.005
"44 km SSE of Farkh?r, Afghanistan",4.2,70.0102,36.1877,118.41,2020-04-29 02:05:46.768
"43 km SSW of Jurm, Afghanistan",4.7,70.5821,36.5341,199.81,2020-04-28 11:15:35.077
"51 km NNE of Bamboo Flat, India",4.4,92.936,12.1157,32.59,2020-04-27 19:54:31.054
"21 km SSW of Khorugh, Tajikistan",4.4,71.457,37.3088,132.14,2020-04-27 11:13:28.791
"19 km NNE of Samtse, Bhutan",3.9,89.191,27.0529,10.0,2020-04-26 05:29:26.353
"10 km NNE of Barkhan, Pakistan",4.1,69.5743,29.9853,35.0,2020-04-25 14:38:27.755
"18 km N of Barkhan, Pakistan",4.1,69.5508,30.063,41.46,2020-04-25 14:29:13.743
"3 km NNW of Kolkhozobod, Tajikistan",4.1,68.6433,37.6158,10.0,2020-04-24 22:46:32.840
"7 km W of Vakhsh, Tajikistan",4.4,68.7544,37.7227,10.0,2020-04-24 22:43:21.852
"7 km WSW of Orzu, Tajikistan",4.8,68.7379,37.5452,10.0,2020-04-24 22:32:50.431
"3 km ENE of Kolkhozobod, Tajikistan",4.2,68.6882,37.6032,10.0,2020-04-24 21:22:49.753
"5 km ESE of Kolkhozobod, Tajikistan",4.4,68.7141,37.5715,10.0,2020-04-24 20:27:39.193
"5 km NE of Orzu, Tajikistan",4.5,68.8569,37.5993,10.0,2020-04-24 15:01:28.598
"141 km NNW of Mogok, Myanmar",4.6,95.8305,24.0324,10.0,2020-04-24 05:15:21.183
"4 km ENE of Jilik?l, Tajikistan",4.6,68.5796,37.505,10.0,2020-04-24 03:34:23.825
"5 km WSW of Orzu, Tajikistan",4.4,68.7628,37.529,10.0,2020-04-24 03:33:22.969
"43 km SSE of Jurm, Afghanistan",4.0,70.9746,36.4895,147.33,2020-04-23 18:54:14.489
"61 km SSW of Jurm, Afghanistan",4.6,70.544,36.3646,168.81,2020-04-21 12:12:16.952
"28 km SE of Gilgit, Pakistan",4.3,74.5266,35.7311,35.0,2020-04-21 01:17:28.268
"255 km S of Port Blair, India",4.8,92.9668,9.3687,48.51,2020-04-21 00:09:10.636
"40 km SSW of Jurm, Afghanistan",4.1,70.7016,36.5138,193.16,2020-04-20 16:13:12.450
"43 km SW of Hinthada, Myanmar",4.2,95.1694,17.3704,64.38,2020-04-20 05:19:15.437
"138 km E of Nagqu, China",4.3,93.5107,31.6054,30.21,2020-04-18 17:17:44.688
"44 km SSW of Ashk?sham, Afghanistan",4.1,71.258,36.35,122.86,2020-04-17 18:25:44.485
"29 km E of Jurm, Afghanistan",4.2,71.156,36.9163,98.8,2020-04-17 12:43:57.458
"58 km N of Ziro, India",4.1,93.9189,28.1205,10.0,2020-04-17 10:59:11.292
"59 km SSW of Jurm, Afghanistan",4.7,70.6608,36.3494,159.32,2020-04-17 00:30:06.208
"45 km ESE of Falam, Myanmar",4.5,94.0722,22.7356,10.0,2020-04-16 11:53:01.650
"38 km ESE of Falam, Myanmar",5.9,94.0292,22.8004,10.0,2020-04-16 11:45:23.960
"14 km S of Ashk?sham, Afghanistan",4.2,71.5259,36.553,97.3,2020-04-16 00:49:53.526
"91 km ENE of Sittwe, Myanmar",4.2,93.6698,20.5448,10.0,2020-04-15 19:36:20.915
"14 km WNW of Ashk?sham, Afghanistan",4.1,71.3759,36.7115,178.5,2020-04-14 21:31:42.569
"52 km NNW of Khand?d, Afghanistan",4.1,72.1563,37.403,188.72,2020-04-14 19:23:41.208
"30 km ESE of Khorugh, Tajikistan",4.1,71.8516,37.3582,117.38,2020-04-14 19:04:02.464
"45 km NNW of Ishqoshim, Tajikistan",4.2,71.3679,37.0864,125.51,2020-04-14 09:07:38.738
"43 km NE of Bamboo Flat, India",4.3,92.9576,12.0153,38.0,2020-04-13 17:34:03.942
"Haryana-Delhi-Uttar Pradesh region, India",3.8,77.3589,28.8336,10.0,2020-04-12 12:15:02.191
"37 km SW of Dajal, Pakistan",4.0,70.0699,29.3551,10.0,2020-04-12 00:32:54.726
"7 km SSE of Orzu, Tajikistan",4.4,68.8659,37.4986,10.0,2020-04-12 00:21:47.983
"60 km SSE of Farkh?r, Afghanistan",4.0,70.0336,36.0472,114.27,2020-04-10 13:51:17.590
"27 km SW of Ashk?sham, Afghanistan",4.5,71.2798,36.5384,228.21,2020-04-09 19:51:37.074
"180 km NNW of Qamdo, China",4.1,96.4049,32.6222,10.0,2020-04-09 17:54:17.641
"30 km SE of Khorugh, Tajikistan",4.1,71.8112,37.3112,124.42,2020-04-09 06:50:33.008
"22 km NNW of B?nkura, India",4.0,86.989,23.4203,10.0,2020-04-08 05:53:57.175
"114 km NE of Shi Yomi, India",4.4,95.1896,29.2723,10.0,2020-04-07 10:39:02.233
"38 km SW of Ashk?sham, Afghanistan",4.2,71.2765,36.4031,112.48,2020-04-06 11:39:07.877
"25 km SE of Jurm, Afghanistan",4.5,71.0024,36.6776,243.72,2020-04-05 20:21:05.163
"25 km S of Tezpur, India",4.5,92.7724,26.4085,46.31,2020-04-05 17:50:30.477
"7 km SSW of ?sm?r, Afghanistan",4.0,71.3367,34.9652,78.77,2020-04-04 08:29:22.470
western Xizang,4.4,85.4271,32.6292,10.0,2020-04-04 00:45:51.928
western Xizang,4.8,85.4882,32.6775,10.0,2020-04-03 22:54:42.401
"79 km SE of Farkh?r, Afghanistan",4.2,70.4391,36.038,122.36,2020-04-02 23:20:30.358
"23 km ESE of Sarupathar, India",4.2,97.037,26.1416,10.0,2020-04-02 17:35:31.963
"31 km SE of Jurm, Afghanistan",4.9,71.0957,36.6765,214.05,2020-03-30 15:42:33.456
"60 km S of Farkh?r, Afghanistan",4.2,69.8646,36.0281,98.43,2020-03-30 01:49:33.657
"53 km NNE of Chamba, India",4.3,76.4202,32.9731,10.0,2020-03-29 18:17:45.513
"18 km WNW of Ashk?sham, Afghanistan",4.4,71.349,36.7514,176.53,2020-03-28 07:38:53.482
"68 km N of Khand?d, Afghanistan",4.3,72.4376,37.5638,196.81,2020-03-28 01:36:51.585
"15 km N of Chamba, India",4.5,76.144,32.697,10.0,2020-03-27 11:46:58.989
"Nicobar Islands, India region",4.3,92.2583,7.4016,10.0,2020-03-27 10:27:01.109
"38 km SW of Ashk?sham, Afghanistan",4.1,71.2398,36.4352,101.7,2020-03-26 04:22:21.491
western Xizang,4.3,85.8489,34.4893,10.0,2020-03-25 08:45:56.122
"83 km NNE of Lobujya, Nepal",4.0,87.2197,28.6107,10.0,2020-03-24 23:39:29.603
"Nicobar Islands, India region",4.5,92.5087,7.969,10.0,2020-03-24 15:00:31.941
"109 km WSW of Myitkyina, Myanmar",4.4,96.351,25.1038,10.0,2020-03-23 12:21:27.031
"86 km SE of Phek, India",4.5,95.0671,25.0857,101.49,2020-03-23 08:08:12.704
"38 km S of Jurm, Afghanistan",4.1,70.8672,36.5182,213.06,2020-03-23 00:08:29.194
"43 km NNW of Ishqoshim, Tajikistan",4.4,71.4174,37.0805,111.26,2020-03-21 02:23:08.772
"85 km NE of Lobujya, Nepal",5.7,87.3081,28.5896,10.0,2020-03-20 01:33:15.443
"Nicobar Islands, India region",4.8,93.9589,8.8588,10.0,2020-03-19 12:58:56.455
western Xizang,4.6,85.8363,34.5391,10.0,2020-03-17 04:02:10.317
"34 km SSE of Jurm, Afghanistan",4.0,70.957,36.5698,208.92,2020-03-17 00:38:36.468
"52 km SSW of Jurm, Afghanistan",4.2,70.6925,36.4089,124.5,2020-03-16 14:45:24.419
western Xizang,4.4,85.6582,32.7903,10.0,2020-03-15 16:18:09.209
western Xizang,4.2,85.455,32.6753,10.0,2020-03-15 16:17:04.697
"5 km S of B?glung, Nepal",4.3,83.5923,28.2184,10.0,2020-03-15 15:00:17.383
"44 km NE of Jurm, Afghanistan",4.3,71.1836,37.1498,93.55,2020-03-15 14:25:18.289
"43 km SW of Ashk?sham, Afghanistan",4.2,71.1691,36.4229,81.39,2020-03-15 09:21:04.447
"Nicobar Islands, India region",4.3,92.6013,6.4531,10.0,2020-03-13 10:48:10.217
western Xizang,5.4,85.3323,32.7152,10.0,2020-03-12 15:44:02.770
"125 km ENE of Man?li, India",4.0,78.4627,32.568,10.0,2020-03-11 14:19:31.898
western Xizang,4.1,85.3938,32.87,10.0,2020-03-10 00:20:14.450
"110 km S of Hotan, China",4.4,80.1517,36.1271,10.0,2020-03-09 21:44:27.265
western Xizang,4.2,85.5166,32.7852,10.0,2020-03-09 18:38:51.130
western Xizang,5.2,85.5456,32.8006,10.0,2020-03-09 18:12:09.419
western Xizang,4.2,85.4732,32.7173,10.0,2020-03-08 16:59:17.196
"114 km ENE of Barishal, Pakistan",4.5,75.7791,36.8761,10.0,2020-03-07 22:58:16.951
"54 km NW of Mogok, Myanmar",4.5,96.1055,23.2305,10.0,2020-03-07 04:05:43.016
"46 km SW of Ashk?sham, Afghanistan",4.6,71.1384,36.4064,115.46,2020-03-07 00:45:01.365
"41 km S of Sarupathar, India",4.5,96.7751,25.8362,10.0,2020-03-05 06:59:54.541
"247 km WNW of Qamdo, China",4.3,94.7889,32.0214,10.0,2020-03-04 13:28:38.624
"29 km SSE of Jurm, Afghanistan",4.0,70.9126,36.6066,202.43,2020-03-04 04:23:06.314
"116 km W of Bhamo, Myanmar",4.8,96.1023,24.4202,10.0,2020-03-04 00:20:03.152
"104 km NNW of Pathein, Myanmar",4.9,94.3051,17.6247,10.0,2020-03-03 09:18:50.445
"33 km SSE of Jurm, Afghanistan",4.2,70.9479,36.5731,203.07,2020-03-01 06:01:40.069
"5 km SW of Kh?rupatia, India",4.2,92.1052,26.4904,45.39,2020-02-29 20:05:26.893
"28 km WSW of Ashk?sham, Afghanistan",4.0,71.2484,36.5664,123.52,2020-02-29 07:22:41.832
"69 km SE of Farkh?r, Afghanistan",4.4,70.4918,36.2073,100.57,2020-02-28 13:24:23.862
"48 km NNE of Chamba, India",4.2,76.3114,32.9646,10.0,2020-02-28 11:07:11.020
"10 km NNW of Upper Dir, Pakistan",4.5,71.8197,35.2945,58.81,2020-02-28 05:50:18.394
"44 km S of Farkh?r, Afghanistan",4.0,69.8896,36.1754,106.8,2020-02-27 15:01:22.129
"47 km NNE of Chamba, India",5.0,76.2474,32.9752,10.0,2020-02-26 15:04:08.953
"41 km ESE of Khorugh, Tajikistan",4.3,72.0048,37.3874,139.97,2020-02-25 21:48:42.535
"25 km N of Sakhipur, Bangladesh",4.0,90.1767,24.5467,10.0,2020-02-25 06:16:20.871
"39 km S of Jurm, Afghanistan",4.0,70.8037,36.5085,185.65,2020-02-23 03:14:18.368
"23 km S of Khorugh, Tajikistan",4.6,71.5469,37.2739,117.05,2020-02-22 08:46:05.887
western Xizang,4.6,85.7767,34.5533,10.0,2020-02-20 18:11:03.046
western Xizang,5.1,85.6961,34.5182,10.0,2020-02-20 18:01:35.341
"38 km SSE of Gilgit, Pakistan",4.3,74.5363,35.6198,10.0,2020-02-18 23:11:58.225
"112 km ENE of Khorugh, Tajikistan",4.7,72.6827,37.9615,128.81,2020-02-18 11:28:05.727
"24 km NNW of Taungoo, Myanmar",4.0,96.3104,19.1257,10.0,2020-02-18 01:55:37.405
"39 km SSE of Gilgit, Pakistan",4.4,74.5291,35.6065,10.0,2020-02-17 07:16:25.977
"47 km SSE of Farkh?r, Afghanistan",4.0,70.1489,36.2175,128.78,2020-02-16 23:34:28.851
"8 km S of Hakha, Myanmar",4.2,93.5958,22.5718,47.14,2020-02-15 08:12:18.454
"35 km SW of Ashk?sham, Afghanistan",4.1,71.241,36.4722,237.99,2020-02-14 13:50:04.506
"191 km SE of Port Blair, India",4.3,94.0622,10.5177,10.0,2020-02-12 19:17:55.089
"30 km N of Baghl?n, Afghanistan",4.3,68.6468,36.4044,10.0,2020-02-12 00:50:08.991
"105 km NNW of Pathein, Myanmar",4.6,94.317,17.6453,10.0,2020-02-11 17:52:42.268
"Nicobar Islands, India region",4.4,92.5426,8.5032,10.0,2020-02-10 19:47:29.234
"170 km NNE of Bamboo Flat, India",4.9,93.2938,13.1329,39.6,2020-02-10 18:20:09.252
"80 km SE of Mawlaik, Myanmar",4.2,94.8537,23.05,134.31,2020-02-09 19:37:29.389
"104 km W of Yenangyaung, Myanmar",4.6,93.8715,20.5392,51.0,2020-02-09 19:10:46.707
"126 km N of Bamboo Flat, India",4.4,92.6303,12.8396,10.0,2020-02-09 08:48:50.639
"10 km E of Abhay?puri, India",5.0,90.7847,26.3386,10.0,2020-02-08 12:47:01.887
"29 km NE of B?geshwar, India",4.7,79.9831,30.0278,18.78,2020-02-08 01:01:46.831
"110 km ESE of Port Blair, India",4.4,93.5904,11.1225,129.96,2020-02-07 11:00:40.151
"76 km NE of Dhidhdhoo, Maldives",4.5,73.6458,7.3359,10.0,2020-02-05 20:47:08.396
"27 km WSW of Ashk?sham, Afghanistan",4.9,71.2477,36.5831,128.66,2020-02-04 20:32:55.267
"64 km NW of Pakokku, Myanmar",4.1,94.6242,21.7325,90.29,2020-02-04 18:26:20.869
"28 km W of Nay Pyi Taw, Myanmar",4.4,95.8596,19.7608,10.0,2020-02-04 14:10:23.587
"17 km NE of Jal?l?b?d, Afghanistan",4.4,70.5826,34.547,10.0,2020-02-04 05:05:34.413
"55 km E of Khorugh, Tajikistan",4.3,72.1817,37.4712,195.79,2020-02-03 16:11:16.714
"38 km WSW of Ashk?sham, Afghanistan",4.4,71.1486,36.525,107.6,2020-02-03 05:26:29.902
"108 km NNE of P?sigh?t, India",4.9,95.7207,28.9807,10.0,2020-02-01 09:43:55.801
"11 km SSE of Taloqan, Afghanistan",4.2,69.574,36.6417,275.89,2020-01-30 04:14:53.540
"Nicobar Islands, India region",4.6,92.0445,7.1328,10.0,2020-01-29 22:13:21.341
"118 km SE of Lhasa, China",4.5,91.7966,28.7675,10.0,2020-01-29 21:45:34.496
"187 km SE of Port Blair, India",5.0,93.7827,10.3105,10.0,2020-01-29 15:10:53.203
"95 km E of W?ngjing, India",4.3,94.9928,24.4383,115.32,2020-01-29 13:43:05.740
"35 km S of Jurm, Afghanistan",4.2,70.8987,36.5504,173.47,2020-01-29 12:05:19.569
"Nicobar Islands, India region",5.1,92.0905,7.3115,10.0,2020-01-28 20:29:36.992
"8 km NNW of Ishqoshim, Tajikistan",4.0,71.5836,36.8002,109.62,2020-01-28 00:43:37.381
"57 km SE of Zhob, Pakistan",4.3,69.8631,30.9589,10.0,2020-01-27 20:57:53.201
"58 km NW of Skardu, Pakistan",4.5,75.2078,35.6993,10.0,2020-01-27 14:26:29.446
"10 km SE of Jahedpur, Bangladesh",4.5,91.7364,24.7732,10.0,2020-01-27 07:10:39.720
"32 km SW of Jaggayyapeta, India",4.5,79.8979,16.6775,10.0,2020-01-25 21:07:34.332
"223 km WNW of Qamdo, China",5.2,95.0575,31.995,10.0,2020-01-24 22:56:05.315
"29 km SSW of Farkh?r, Afghanistan",4.2,69.7769,36.313,145.12,2020-01-24 20:42:11.783
"31 km SE of Jurm, Afghanistan",4.3,71.1214,36.698,213.52,2020-01-24 19:30:56.776
"62 km ENE of Khorugh, Tajikistan",4.1,72.2373,37.6423,176.21,2020-01-24 05:57:24.121
"70 km NE of Sittwe, Myanmar",4.9,93.4447,20.5189,22.56,2020-01-23 09:48:04.838
"246 km NW of Sabang, Indonesia",4.7,94.0461,7.7168,106.74,2020-01-22 19:23:28.031
"126 km E of Nagqu, China",4.7,93.3736,31.646,27.2,2020-01-18 18:00:17.134
"36 km S of Jurm, Afghanistan",4.3,70.7624,36.5423,186.5,2020-01-17 19:08:21.690
"34 km S of Jurm, Afghanistan",4.1,70.8358,36.5577,195.44,2020-01-17 18:24:02.985
"11 km ENE of Mawlaik, Myanmar",4.3,94.5148,23.6781,94.42,2020-01-14 01:24:58.643
"61 km WNW of Jumla, Nepal",4.3,81.5921,29.4841,10.0,2020-01-12 20:22:02.782
"51 km WNW of Jumla, Nepal",4.4,81.705,29.4848,10.0,2020-01-12 14:34:14.825
"68 km NNW of Bandipura, India",5.1,74.474,35.0149,10.0,2020-01-12 05:23:56.526
"63 km ENE of B?z?rak, Afghanistan",4.0,70.1051,35.6192,103.51,2020-01-07 15:09:03.481
"32 km SE of Khorugh, Tajikistan",4.5,71.7974,37.277,145.28,2020-01-07 10:08:36.549
"Nicobar Islands, India region",4.9,93.5608,8.8585,33.37,2020-01-06 15:08:03.412
"40 km S of Jurm, Afghanistan",4.2,70.7939,36.4993,210.67,2020-01-05 18:03:00.488
"119 km NNE of Saga, China",4.3,85.5587,30.3664,10.0,2020-01-05 13:16:52.055
"74 km NNE of Saga, China",4.4,85.4049,29.9815,10.0,2020-01-05 13:14:02.142
"124 km SE of Lhasa, China",4.2,91.973,28.8329,10.0,2020-01-03 01:56:44.755
"281 km NNW of Sabang, Indonesia",4.3,94.0198,8.0784,10.0,2020-01-02 08:22:22.365
"52 km SE of Gilgit, Pakistan",4.3,74.6636,35.5447,63.86,2019-12-31 01:02:55.716
"45 km SE of Gilgit, Pakistan",4.2,74.716,35.6732,10.0,2019-12-31 00:52:51.117
"44 km SSE of Gilgit, Pakistan",4.5,74.5666,35.5735,10.0,2019-12-30 19:20:16.923
"43 km SE of Gilgit, Pakistan",5.0,74.6387,35.6305,24.32,2019-12-30 17:49:59.468
"34 km SE of Gilgit, Pakistan",4.5,74.5835,35.7053,10.0,2019-12-30 17:28:26.422
"46 km SE of Gilgit, Pakistan",5.6,74.628,35.5909,13.82,2019-12-30 17:18:57.445
"31 km SSE of Gilgit, Pakistan",4.6,74.4751,35.6686,10.0,2019-12-30 17:12:33.526
"134 km NW of Sabang, Indonesia",4.8,94.4018,6.6861,99.89,2019-12-30 16:59:04.000
"123 km NE of Thang, India",4.1,77.6114,35.8128,10.0,2019-12-30 00:52:30.193
"96 km NNW of Mogok, Myanmar",4.6,96.0256,23.661,10.0,2019-12-25 07:04:18.790
"32 km W of Ashk?sham, Afghanistan",4.2,71.1749,36.7115,233.58,2019-12-24 13:55:24.210
"Nicobar Islands, India region",5.1,92.4071,7.0773,10.0,2019-12-24 05:52:56.405
"35 km W of Mawlaik, Myanmar",3.8,94.0597,23.6551,10.0,2019-12-22 14:59:31.805
"44 km SSE of Jurm, Afghanistan",4.1,70.9622,36.4781,152.45,2019-12-22 14:58:40.069
"61 km SSE of Farkh?r, Afghanistan",4.1,70.155,36.0744,118.17,2019-12-22 04:07:56.431
"46 km SW of Ashk?sham, Afghanistan",4.3,71.1525,36.4003,99.8,2019-12-20 18:42:48.152
"49 km SW of Jurm, Afghanistan",6.1,70.4555,36.5374,212.0,2019-12-20 11:39:52.874
"38 km ESE of Khorugh, Tajikistan",4.5,71.9252,37.3033,98.01,2019-12-20 05:58:26.981
"35 km SSW of Khanabad, Afghanistan",4.4,68.9564,36.3924,50.26,2019-12-20 04:41:16.938
"206 km ENE of Leh, India",4.5,79.7421,34.6953,10.0,2019-12-19 22:16:20.980
western Xizang,4.9,86.9509,32.4723,10.0,2019-12-19 12:07:55.485
Afghanistan-Tajikistan-Pakistan region,4.1,71.2499,36.5285,236.72,2019-12-19 09:36:42.821
"16 km E of Kohat, Pakistan",4.5,71.63,33.5899,46.36,2019-12-18 14:09:17.268
"135 km WSW of Shache, China",4.0,75.9057,37.8001,125.04,2019-12-18 02:40:11.506
"38 km ESE of Farkh?r, Afghanistan",4.1,70.2745,36.5049,201.21,2019-12-17 08:53:46.448
"Nicobar Islands, India region",4.2,91.8576,8.5479,10.0,2019-12-16 06:08:42.593
"23 km ESE of Jurm, Afghanistan",4.1,71.0908,36.8194,100.47,2019-12-16 03:51:26.671
"34 km SE of Chur?ch?ndpur, India",4.4,93.875,24.0847,55.37,2019-12-16 03:10:30.166
"47 km E of Khorugh, Tajikistan",4.2,72.0917,37.5085,190.44,2019-12-15 13:47:15.793
"101 km SE of Phek, India",4.4,95.0882,24.9171,110.85,2019-12-15 03:53:33.034
"60 km S of Jurm, Afghanistan",3.9,70.7258,36.3227,118.91,2019-12-15 03:15:46.616
"19 km NNW of Jawh?r, India",4.3,73.1729,20.0829,10.0,2019-12-13 23:52:40.214
"24 km W of Kod?ri??, Nepal",4.2,85.7168,27.9194,10.0,2019-12-12 13:26:31.828
"50 km S of Zangguy, China",4.5,78.8591,36.8351,10.0,2019-12-12 00:49:18.735
"32 km WSW of Ashk?sham, Afghanistan",4.2,71.1994,36.5733,229.75,2019-12-10 22:02:55.732
"25 km NE of Nahr?n, Afghanistan",4.1,69.3586,36.2012,119.54,2019-12-10 06:50:23.514
"277 km ENE of Port Blair, India",4.4,95.2155,12.2739,10.0,2019-12-10 03:51:46.613
"33 km S of Jurm, Afghanistan",4.2,70.8705,36.5688,96.12,2019-12-09 15:40:20.920
"130 km SSW of Zangguy, China",4.5,78.0123,36.2716,49.87,2019-12-08 13:31:27.767
"63 km WSW of Minbu, Myanmar",4.1,94.3299,19.9237,66.45,2019-12-07 03:25:06.665
"45 km WSW of Ashk?sham, Afghanistan",4.0,71.0999,36.469,149.67,2019-12-06 09:44:56.558
"15 km WSW of Nahr?n, Afghanistan",4.7,68.9622,36.0347,10.0,2019-12-05 12:18:03.866
"29 km ESE of Khorugh, Tajikistan",4.2,71.853,37.3722,142.28,2019-12-04 14:42:20.408
"43 km S of Jurm, Afghanistan",5.0,70.7941,36.4769,141.79,2019-12-04 08:46:16.588
"34 km SSE of Jurm, Afghanistan",4.3,70.9893,36.583,219.71,2019-12-04 04:30:50.720
"285 km NNW of Sabang, Indonesia",5.0,94.5307,8.351,186.14,2019-12-02 17:53:29.969
"19 km N of Falam, Myanmar",4.6,93.6727,23.0905,53.48,2019-12-02 01:12:44.545
"94 km NW of Barishal, Pakistan",4.3,73.9875,36.9565,86.99,2019-11-30 06:14:02.977
"232 km NNE of Bamboo Flat, India",4.9,93.3959,13.692,49.27,2019-11-29 17:50:18.088
"56 km WNW of Mogok, Myanmar",5.2,96.0354,23.1791,10.0,2019-11-28 14:39:13.828
"65 km E of Khorugh, Tajikistan",4.4,72.2885,37.5786,195.77,2019-11-28 09:20:12.547
"158 km NW of Saga, China",4.6,84.2884,30.4965,15.1,2019-11-28 01:40:04.336
"22 km SW of Kod?ri??, Nepal",4.6,85.8214,27.7986,10.0,2019-11-27 16:23:31.706
"282 km N of Bamboo Flat, India",4.5,93.0511,14.2308,10.0,2019-11-27 10:07:13.425
"96 km NW of Mangan, India",4.4,87.8728,28.1658,64.65,2019-11-27 00:18:32.422
"77 km N of P?r?n, Afghanistan",4.3,70.8769,36.1183,106.02,2019-11-26 14:44:58.944
"27 km WSW of Thayetmyo, Myanmar",5.3,94.9378,19.2269,60.78,2019-11-26 11:05:57.604
"17 km WSW of Thayetmyo, Myanmar",4.7,95.0235,19.2631,76.48,2019-11-26 09:36:12.864
"50 km SE of Kakching, India",4.5,94.3136,24.155,70.19,2019-11-26 03:53:46.675
"22 km SE of Khorugh, Tajikistan",4.4,71.711,37.3288,10.0,2019-11-25 01:38:25.160
"20 km NW of Ashk?sham, Afghanistan",4.4,71.3544,36.8034,105.11,2019-11-24 21:08:56.814
"181 km NNE of Nagqu, China",4.3,92.6928,33.0186,10.0,2019-11-24 15:42:27.455
"27 km SSE of Khorugh, Tajikistan",4.7,71.6677,37.2581,10.0,2019-11-24 02:10:25.846
"116 km WSW of Myitkyina, Myanmar",4.1,96.3511,24.9318,10.0,2019-11-23 22:43:46.367
"13 km WSW of Ashk?sham, Afghanistan",4.3,71.3963,36.6382,162.14,2019-11-21 20:26:12.127
"23 km SSE of Barpeta, India",4.3,91.1372,26.145,48.16,2019-11-21 14:11:09.692
"65 km ENE of Khorugh, Tajikistan",4.0,72.2743,37.6108,184.16,2019-11-21 01:46:04.167
"269 km ESE of Port Blair, India",4.6,95.1124,10.9867,10.0,2019-11-20 14:06:55.919
"200 km NW of Sabang, Indonesia",4.4,93.8231,6.9197,35.0,2019-11-20 03:45:51.474
"172 km NNW of Sabang, Indonesia",4.5,94.5302,7.2344,10.0,2019-11-20 03:43:04.660
"177 km NNW of Sabang, Indonesia",4.8,94.5601,7.3022,10.0,2019-11-20 03:37:09.231
"171 km NW of Sabang, Indonesia",4.7,94.4353,7.1635,10.0,2019-11-20 03:35:22.326
"20 km ENE of Dipayal, Nepal",5.0,81.1433,29.3228,10.0,2019-11-19 13:30:55.900
"53 km WNW of Taunsa, Pakistan",4.4,70.1184,30.8646,10.0,2019-11-19 08:56:38.237
"19 km W of R?par, India",4.6,70.4585,23.5799,10.0,2019-11-18 13:31:08.384
"44 km SE of Khorugh, Tajikistan",4.4,71.9234,37.2128,97.97,2019-11-18 00:02:28.469
"47 km SSE of Port Blair, India",5.1,92.9571,11.2863,53.39,2019-11-17 23:05:55.674
"161 km NNW of Sabang, Indonesia",4.7,94.8637,7.2825,10.0,2019-11-17 06:47:05.738
"172 km NW of Sabang, Indonesia",4.2,94.4316,7.173,10.0,2019-11-17 05:55:09.736
"182 km NNW of Sabang, Indonesia",4.3,94.8941,7.4864,10.0,2019-11-17 05:39:23.998
"Hindu Kush region, Afghanistan",4.3,70.9939,36.636,209.47,2019-11-17 02:36:18.219
"169 km NNW of Sabang, Indonesia",5.2,94.5282,7.2027,10.0,2019-11-17 01:28:55.472
"26 km NNE of Ishqoshim, Tajikistan",4.4,71.6988,36.9557,134.88,2019-11-16 06:23:25.150
"143 km NNW of Sabang, Indonesia",4.9,94.8419,7.0993,137.51,2019-11-14 18:30:18.751
"24 km S of Ashk?sham, Afghanistan",5.1,71.5096,36.4665,97.63,2019-11-14 09:23:33.739
"38 km NNW of Diphu, India",4.7,93.3051,26.1728,51.25,2019-11-13 13:10:54.879
"154 km NW of Sabang, Indonesia",4.1,94.1635,6.6766,85.75,2019-11-13 11:18:43.126
"22 km SSE of Jurm, Afghanistan",4.3,70.9539,36.6844,226.0,2019-11-13 05:29:04.783
near the south coast of Myanmar,3.8,96.1838,16.7637,10.0,2019-11-12 15:24:18.323
Afghanistan-Tajikistan border region,4.3,69.9641,37.7933,10.0,2019-11-12 14:01:49.618
"32 km NW of Dh?rchula, India",4.3,80.2927,30.0659,10.0,2019-11-12 02:00:26.426
"35 km ESE of Farkh?r, Afghanistan",4.3,70.2331,36.4815,213.13,2019-11-08 10:29:45.977
"26 km SSW of Khanabad, Afghanistan",4.1,69.0239,36.4577,49.06,2019-11-06 13:23:17.297
"23 km E of Farkh?r, Afghanistan",5.1,70.1149,36.5503,209.88,2019-11-05 20:52:22.290
"21 km ENE of Khorugh, Tajikistan",4.4,71.7816,37.5537,110.39,2019-11-05 13:44:09.858
"69 km NE of Skardu, Pakistan",4.4,76.1396,35.7655,10.0,2019-11-05 09:50:40.576
"9 km SE of Farkh?r, Afghanistan",4.4,69.926,36.5018,246.14,2019-11-03 15:39:54.136
"33 km S of Jurm, Afghanistan",4.3,70.8356,36.5643,189.53,2019-11-03 12:41:02.051
"58 km E of Khorugh, Tajikistan",4.3,72.2128,37.5589,200.66,2019-11-02 16:22:44.974
"12 km ESE of Farkh?r, Afghanistan",4.0,69.9905,36.535,222.08,2019-11-02 00:13:34.902
western Xizang,4.6,88.9719,35.2589,10.0,2019-11-01 22:36:14.760
"54 km S of Farkh?r, Afghanistan",4.3,69.7732,36.0895,126.42,2019-10-31 12:44:15.884
"31 km S of Khorugh, Tajikistan",4.4,71.5364,37.2034,108.33,2019-10-30 12:26:23.724
"99 km ENE of Barishal, Pakistan",4.4,75.6661,36.7569,10.0,2019-10-30 11:04:32.438
"28 km S of Jurm, Afghanistan",4.1,70.842,36.6103,215.06,2019-10-29 21:43:39.261
"16 km WNW of Ashk?sham, Afghanistan",4.1,71.3538,36.7185,179.34,2019-10-29 03:55:14.454
"44 km SE of Khorugh, Tajikistan",4.4,71.9423,37.2419,142.81,2019-10-27 12:03:22.889
"37 km WSW of Ashk?sham, Afghanistan",4.4,71.1528,36.5365,225.5,2019-10-26 17:04:03.001
"203 km NW of Rikaze, China",4.0,87.3847,30.5449,10.44,2019-10-26 10:54:09.937
"16 km S of Khorugh, Tajikistan",4.2,71.5269,37.3467,109.06,2019-10-26 04:23:58.321
"48 km E of Farkh?r, Afghanistan",4.0,70.3899,36.5161,218.0,2019-10-25 07:48:10.583
"44 km WSW of Ashk?sham, Afghanistan",4.0,71.1023,36.4762,235.11,2019-10-25 01:56:38.615
"northern Qinghai, China",4.1,92.2958,37.8304,10.0,2019-10-22 16:41:39.403
"132 km SSW of Zangguy, China",4.4,78.2867,36.152,35.51,2019-10-22 13:19:17.101
"51 km ESE of Myaydo, Myanmar",4.3,95.695,19.2642,10.0,2019-10-22 01:30:40.682
"259 km NNW of Sabang, Indonesia",4.8,94.395,8.0497,172.3,2019-10-22 01:06:10.496
western Xizang,4.0,81.4093,33.4696,10.0,2019-10-21 17:26:35.244
"41 km WSW of Myitkyina, Myanmar",4.3,97.0073,25.2638,10.0,2019-10-20 13:12:17.091
"54 km E of Nahr?n, Afghanistan",4.0,69.7393,36.0615,135.9,2019-10-20 08:44:56.479
"31 km WSW of Hakha, Myanmar",4.3,93.3104,22.5731,45.24,2019-10-19 13:35:36.906
"56 km SSW of Mawlaik, Myanmar",4.9,94.2177,23.1641,76.27,2019-10-18 16:48:10.169
"15 km WNW of Jhelum, Pakistan",4.7,73.5759,32.9796,42.77,2019-10-18 10:32:54.487
"56 km SSW of Mawlaik, Myanmar",4.4,94.2211,23.1646,79.56,2019-10-16 18:45:42.992
"154 km W of Sabang, Indonesia",4.1,93.9461,6.1412,40.45,2019-10-16 01:46:41.754
"35 km S of Jurm, Afghanistan",4.5,70.8432,36.548,201.25,2019-10-14 07:49:07.351
"42 km SSW of Jurm, Afghanistan",5.0,70.6021,36.5287,202.56,2019-10-14 01:11:29.005
"20 km NW of B?kaner, India",4.0,73.1834,28.1573,14.98,2019-10-13 05:06:33.866
"42 km NNW of Khand?d, Afghanistan",4.5,72.2072,37.3224,233.54,2019-10-13 01:02:41.675
"61 km NE of B?z?rak, Afghanistan",4.2,70.0143,35.6919,104.81,2019-10-12 15:21:27.114
"206 km NNE of Bamboo Flat, India",4.4,93.5713,13.3676,63.94,2019-10-12 06:50:56.055
"51 km E of Khorugh, Tajikistan",4.2,72.1248,37.5726,197.09,2019-10-10 22:38:55.412
"43 km SSW of Jurm, Afghanistan",5.1,70.6409,36.5069,203.28,2019-10-09 10:44:35.740
"30 km WSW of Ashk?sham, Afghanistan",4.6,71.2071,36.5983,94.62,2019-10-09 08:17:23.841
"18 km E of Farkh?r, Afghanistan",4.1,70.0605,36.5492,232.7,2019-10-09 03:23:53.824
"9 km SSW of Topi, Pakistan",3.9,72.5735,33.9956,10.0,2019-10-08 07:44:40.429
"7 km ENE of Mongar, Bhutan",4.7,91.3145,27.293,10.0,2019-10-07 12:35:46.401
"4 km SW of Jhelum, Pakistan",3.6,73.6905,32.9078,10.0,2019-10-06 05:25:54.681
"56 km E of Khorugh, Tajikistan",4.5,72.1908,37.4969,196.92,2019-10-03 22:02:57.248
"17 km ENE of Imph?l, India",4.8,94.1024,24.8695,59.2,2019-10-03 06:24:43.382
"17 km ESE of Farkh?r, Afghanistan",4.4,70.0431,36.5274,225.79,2019-10-02 03:23:49.912
"28 km SSE of Jurm, Afghanistan",4.2,70.9558,36.6293,207.97,2019-09-29 22:47:38.138
"141 km SW of Bamboo Flat, India",4.7,91.65,10.9759,10.0,2019-09-29 09:02:11.934
"74 km SSE of Farkh?r, Afghanistan",4.5,70.2323,35.9731,104.86,2019-09-29 02:17:31.538
"45 km SE of Burang, China",4.4,81.5319,30.026,10.0,2019-09-28 04:58:27.168
"southern Xinjiang, China",4.9,89.0298,37.9095,10.0,2019-09-27 10:58:29.296
"137 km SW of Bamboo Flat, India",4.2,91.7174,10.9418,10.0,2019-09-26 19:32:00.160
"149 km SW of Bamboo Flat, India",4.7,91.6606,10.8407,10.0,2019-09-26 19:15:33.160
"southern Xinjiang, China",4.9,88.6904,37.8609,13.75,2019-09-26 17:17:12.601
"45 km N of Bharatpur, Nepal",4.4,84.4371,28.0869,10.0,2019-09-26 13:04:21.563
"15 km NW of Jhelum, Pakistan",4.7,73.6318,33.0481,10.0,2019-09-26 07:01:25.768
"9 km WNW of Jhelum, Pakistan",3.7,73.6466,32.9807,10.0,2019-09-25 01:03:59.497
"7 km SSE of New Mirpur, Pakistan",3.6,73.7855,33.0904,10.0,2019-09-24 17:35:57.556
"21 km SSE of Jurm, Afghanistan",4.4,70.9062,36.6765,220.31,2019-09-24 11:38:53.556
"8 km SSE of New Mirpur, Pakistan",5.4,73.7936,33.0779,10.0,2019-09-24 11:01:54.990
"122 km NNE of Shi Yomi, India",4.3,95.0638,29.4512,10.0,2019-09-23 09:36:26.024
"41 km ENE of Pokhara, Nepal",4.5,84.3309,28.4605,18.23,2019-09-22 16:17:01.966
"29 km SE of Jurm, Afghanistan",4.5,71.0896,36.6951,211.14,2019-09-22 13:42:11.441
"20 km NNW of ?uk?mat? Dahanah-ye Gh?r?, Afghanistan",4.9,68.4308,36.082,27.85,2019-09-22 05:02:48.511
"11 km SSW of Chur?ch?ndpur, India",4.4,93.6361,24.2307,63.66,2019-09-22 02:31:24.605
"41 km SSW of Jurm, Afghanistan",4.2,70.6811,36.5095,198.86,2019-09-17 11:04:19.524
"276 km NNE of Bamboo Flat, India",4.0,93.5854,14.0514,35.0,2019-09-16 18:49:44.136
"24 km SE of D?rchul?, Nepal",4.5,80.7419,29.691,10.0,2019-09-16 14:33:25.773
"14 km ENE of Baghl?n, Afghanistan",4.3,68.8684,36.1639,48.95,2019-09-13 18:32:24.683
"34 km S of Jurm, Afghanistan",4.5,70.7923,36.5594,116.83,2019-09-13 11:36:09.647
"southern Xinjiang, China",4.4,83.9973,36.2333,10.0,2019-09-13 00:59:56.125
"25 km SSW of Jurm, Afghanistan",4.9,70.6855,36.6697,261.4,2019-09-12 09:22:32.739
"Andaman Islands, India region",4.6,91.8646,10.9512,24.99,2019-09-11 15:40:17.181
"26 km SE of Jurm, Afghanistan",4.5,71.0056,36.6682,225.7,2019-09-11 07:14:38.739
"30 km WSW of Mawlamyinegyunn, Myanmar",4.6,95.0235,16.2362,10.0,2019-09-10 20:18:44.667
"43 km E of Bhadarw?h, India",4.9,76.181,32.9804,43.93,2019-09-09 06:40:33.517
"41 km ESE of Khorugh, Tajikistan",4.3,71.9799,37.3419,193.36,2019-09-08 23:56:35.848
"40 km SSW of Jurm, Afghanistan",4.2,70.649,36.5273,189.69,2019-09-08 10:19:55.266
"44 km ENE of Bhadarw?h, India",4.8,76.1758,33.0736,10.0,2019-09-08 02:34:32.435
"25 km SSE of Jurm, Afghanistan",4.3,70.9381,36.6473,229.51,2019-09-06 12:49:34.513
"35 km WSW of Pakokku, Myanmar",4.7,94.7538,21.2484,101.57,2019-09-06 10:09:49.013
"84 km SE of Phek, India",4.5,95.0419,25.0899,88.22,2019-09-03 19:18:39.698
"50 km S of Jurm, Afghanistan",4.5,70.7402,36.4155,203.83,2019-09-03 14:30:56.915
"49 km SSW of Jurm, Afghanistan",4.8,70.645,36.4497,201.66,2019-09-03 12:34:31.592
"26 km NW of Shwebo, Myanmar",5.4,95.522,22.7414,10.0,2019-08-31 15:09:21.828
"46 km ESE of Nahr?n, Afghanistan",4.1,69.6249,35.9391,131.05,2019-08-30 22:28:33.115
"23 km S of Khorugh, Tajikistan",4.3,71.5541,37.2757,108.92,2019-08-29 23:33:04.261
"Nicobar Islands, India region",4.3,92.1961,8.3335,10.0,2019-08-29 11:25:11.964
"57 km NE of B?z?rak, Afghanistan",4.5,70.0143,35.6339,28.11,2019-08-29 02:24:46.391
"164 km NNE of Bamboo Flat, India",4.9,93.2507,13.092,47.93,2019-08-28 13:40:06.063
"34 km SSW of Jurm, Afghanistan",4.5,70.7369,36.5601,183.6,2019-08-28 04:19:01.793
"45 km SSW of Jurm, Afghanistan",4.3,70.6641,36.4786,200.07,2019-08-27 11:30:09.328
"111 km NNW of Lobujya, Nepal",4.5,86.4476,28.9012,10.0,2019-08-27 09:57:51.030
"62 km E of Khorugh, Tajikistan",4.2,72.2579,37.5445,215.46,2019-08-26 23:30:39.128
"75 km WNW of Sarupathar, India",4.7,96.1069,26.4642,105.63,2019-08-26 02:49:16.737
"187 km NNW of Rikaze, China",4.1,87.8718,30.6928,10.0,2019-08-24 05:50:08.536
"Nicobar Islands, India region",4.2,93.8713,8.5293,65.3,2019-08-23 14:54:59.945
"Nicobar Islands, India region",4.4,92.2392,6.8089,10.0,2019-08-22 11:51:45.748
"38 km SSE of Khanabad, Afghanistan",5.0,69.3398,36.3898,42.93,2019-08-21 20:10:50.400
"32 km SW of Ashk?sham, Afghanistan",4.1,71.2686,36.4833,104.1,2019-08-21 10:22:41.479
"296 km SSE of Port Blair, India",4.9,93.5712,9.1171,10.0,2019-08-21 09:19:12.149
"211 km NNE of Shi Yomi, India",4.6,94.7951,30.4025,10.0,2019-08-20 01:08:53.855
western Xizang,4.1,86.9172,33.759,10.0,2019-08-20 00:55:47.432
"39 km SSE of Chur?ch?ndpur, India",5.0,93.858,24.0196,63.38,2019-08-18 06:28:34.730
"82 km W of Myanaung, Myanmar",4.8,94.5477,18.3975,35.0,2019-08-18 03:38:13.321
"81 km WSW of Pyay, Myanmar",5.2,94.5394,18.4733,26.14,2019-08-18 03:24:21.878
"48 km SSW of Jurm, Afghanistan",5.1,70.693,36.4389,207.71,2019-08-16 02:09:20.364
"217 km NNE of Shi Yomi, India",4.5,94.8662,30.4473,35.92,2019-08-15 05:42:53.633
"209 km NNE of Shi Yomi, India",4.9,94.8628,30.3683,10.0,2019-08-14 23:47:03.718
"220 km NNE of Shi Yomi, India",4.9,94.83,30.4829,10.0,2019-08-14 08:13:54.632
"49 km ENE of Khorugh, Tajikistan",4.1,72.066,37.666,136.76,2019-08-13 22:57:19.991
"29 km SSE of Jurm, Afghanistan",4.4,70.9994,36.6307,196.03,2019-08-13 02:58:49.628
"229 km ESE of Hotan, China",4.1,82.1106,36.0168,10.0,2019-08-12 16:30:51.136
"212 km NNE of Shi Yomi, India",4.8,94.7964,30.4088,10.0,2019-08-12 03:32:29.358
"205 km NNE of Shi Yomi, India",4.3,94.7872,30.3508,10.0,2019-08-12 03:06:16.223
"214 km NNE of Shi Yomi, India",4.6,94.8662,30.4138,10.0,2019-08-11 11:08:00.620
"206 km NNE of Shi Yomi, India",5.0,94.8731,30.3447,10.0,2019-08-11 02:13:26.332
"35 km S of Khorugh, Tajikistan",5.3,71.5345,37.1698,110.74,2019-08-10 06:43:12.326
"31 km W of Ashk?sham, Afghanistan",4.2,71.1847,36.7186,239.57,2019-08-09 19:56:56.559
"31 km NW of B?glung, Nepal",4.4,83.3273,28.4321,10.0,2019-08-09 12:41:13.913
"37 km S of Jurm, Afghanistan",4.3,70.7902,36.5319,193.1,2019-08-08 06:42:46.037
"18 km ESE of Farkh?r, Afghanistan",5.8,70.0571,36.5272,226.0,2019-08-08 00:45:26.713
"52 km SSE of Jurm, Afghanistan",4.3,71.0278,36.4177,230.57,2019-08-06 07:02:42.378
"61 km SSW of Sarupathar, India",4.7,96.6433,25.6762,10.0,2019-08-05 09:43:03.209
"23 km W of Ashk?sham, Afghanistan",5.1,71.2747,36.6761,226.29,2019-08-04 19:04:54.307
"55 km NE of Khorugh, Tajikistan",4.3,72.0645,37.7831,118.1,2019-08-04 12:45:47.135
"248 km E of Port Blair, India",5.0,95.0085,11.9126,10.0,2019-08-04 01:26:14.607
"30 km ENE of Yairipok, India",4.0,94.315,24.7977,48.6,2019-08-04 00:10:32.307
"7 km W of Jurm, Afghanistan",4.0,70.7455,36.869,54.5,2019-08-03 21:15:00.184
"51 km WSW of Myitkyina, Myanmar",4.8,96.8919,25.2858,10.0,2019-08-03 12:19:16.719
"38 km ESE of Farkh?r, Afghanistan",4.2,70.2751,36.4999,198.63,2019-08-03 04:30:26.484
"25 km E of Mawlaik, Myanmar",4.6,94.6517,23.627,93.37,2019-08-02 14:37:37.982
"284 km NNE of Bamboo Flat, India",4.5,93.4565,14.1694,10.0,2019-08-01 00:43:18.690
"33 km S of Jurm, Afghanistan",4.3,70.8412,36.56,210.76,2019-07-29 19:55:44.017
"45 km NW of Kyelang, India",4.4,76.7183,32.8856,10.0,2019-07-29 03:33:52.069
"38 km ESE of Khorugh, Tajikistan",4.2,71.9534,37.3434,192.45,2019-07-28 23:06:36.673
"4 km NNW of Mush?bani, India",4.5,86.4405,22.5443,10.0,2019-07-28 21:25:03.314
"43 km S of Jurm, Afghanistan",4.3,70.8799,36.4757,121.78,2019-07-27 17:24:03.826
"23 km SW of Ashk?sham, Afghanistan",4.8,71.3439,36.5337,117.39,2019-07-27 06:56:45.377
"42 km W of Kunduz, Afghanistan",4.6,68.3806,36.7478,27.35,2019-07-26 13:00:15.119
"Southern Qinghai, China",4.3,92.9068,34.4294,10.0,2019-07-26 03:24:26.503
"3 km WSW of Pabbi, Pakistan",4.2,71.7561,33.9937,10.0,2019-07-25 23:00:44.212
"25 km WSW of Shirgaon, India",4.1,72.508,19.578,10.0,2019-07-24 19:33:09.919
"31 km NE of Chamba, India",4.2,76.3907,32.7286,10.0,2019-07-24 19:17:11.840
"108 km SE of Phek, India",4.0,95.1097,24.8601,120.67,2019-07-24 10:31:13.522
"99 km NW of Hayuliang, India",4.5,95.9771,28.8184,10.0,2019-07-23 06:56:57.384
"37 km ESE of Khorugh, Tajikistan",4.4,71.9375,37.3423,198.95,2019-07-21 16:59:55.082
"64 km NE of Bomdila, India",4.9,92.8044,27.7365,10.0,2019-07-19 22:54:24.714
"31 km ESE of Farkhār, Afghanistan",4.3,70.175,36.463,228.58,2019-07-19 15:41:42.082
"57 km NNE of Bomdila, India",4.7,92.7236,27.7047,10.0,2019-07-19 09:52:01.986
"64 km NE of Bomdila, India",5.5,92.8302,27.7188,15.0,2019-07-19 09:22:15.514
"229 km E of Port Blair, India",4.9,94.8487,11.8122,10.0,2019-07-17 16:55:35.141
"71 km SE of Farkh?r, Afghanistan",4.0,70.4171,36.1201,171.16,2019-07-17 02:42:16.392
"88 km WNW of Nagqu, China",4.9,91.1874,31.7644,11.93,2019-07-15 17:41:29.981
"248 km SSE of Hotan, China",4.3,81.1262,35.0886,10.0,2019-07-14 22:25:54.113
"29 km W of Ashk?sham, Afghanistan",4.2,71.1981,36.6971,230.06,2019-07-14 18:34:46.103
"6 km WNW of Farkh?r, Afghanistan",4.1,69.7891,36.595,169.72,2019-07-14 11:31:04.380
"40 km WSW of Ashk?sham, Afghanistan",4.3,71.1465,36.5025,233.8,2019-07-13 21:40:33.749
"70 km ENE of Yairipok, India",4.3,94.6999,24.9048,71.28,2019-07-13 15:08:59.172
"36 km S of Jurm, Afghanistan",4.5,70.8566,36.5367,176.97,2019-07-13 02:16:15.603
"38 km SSE of Jurm, Afghanistan",4.2,71.0706,36.5729,244.97,2019-07-12 19:08:49.968
"51 km ENE of Khorugh, Tajikistan",4.1,72.075,37.6928,131.45,2019-07-10 01:10:27.249
"Nicobar Islands, India region",4.6,93.7163,8.4582,10.0,2019-07-09 11:40:23.909
"Nicobar Islands, India region",4.6,94.0263,8.7112,79.63,2019-07-09 09:26:14.233
"68 km S of Jurm, Afghanistan",4.6,70.7671,36.2462,104.27,2019-07-08 22:46:33.553
"Southern Qinghai, China",4.0,94.3177,33.9683,10.0,2019-07-07 13:45:16.802
"41 km S of Jurm, Afghanistan",4.4,70.7555,36.4942,191.36,2019-07-07 10:04:09.118
"35 km S of Jurm, Afghanistan",4.1,70.853,36.5481,194.05,2019-07-07 09:33:44.944
Bay of Bengal,5.0,87.1121,9.3763,10.0,2019-07-05 17:08:27.085
"169 km S of Sittwe, Myanmar",4.7,92.8565,18.6186,10.0,2019-07-05 04:46:31.280
"180 km S of Sittwe, Myanmar",4.8,92.7871,18.5189,10.0,2019-07-05 02:11:51.291
"27 km SSE of Jurm, Afghanistan",4.6,70.9234,36.6268,75.83,2019-07-04 04:20:07.847
"154 km N of Nagqu, China",4.2,91.9414,32.8642,10.0,2019-07-03 19:32:25.750
"92 km SSE of Phek, India",4.5,94.9219,24.9278,112.02,2019-07-03 05:57:40.112
"33 km S of Jurm, Afghanistan",4.2,70.8559,36.561,188.05,2019-07-02 21:34:45.878
"26 km NE of Silapathar, India",4.4,94.8947,27.7834,10.0,2019-07-02 00:08:32.929
"28 km ESE of Jurm, Afghanistan",4.5,71.1402,36.793,97.97,2019-07-01 13:10:20.561
western Xizang,4.6,82.5671,33.6308,10.0,2019-06-29 13:20:21.435
"34 km ESE of Farkh?r, Afghanistan",4.2,70.2351,36.4914,210.16,2019-06-28 05:16:12.166
Afghanistan-Tajikistan-Pakistan region,4.3,71.2503,36.7064,197.99,2019-06-27 20:29:14.729
"44 km S of Jurm, Afghanistan",4.5,70.8623,36.4613,132.77,2019-06-26 22:01:09.716
"16 km E of Jurm, Afghanistan",4.4,71.0159,36.8377,100.9,2019-06-26 21:33:32.577
"41 km E of Farkh?r, Afghanistan",4.3,70.3207,36.5339,208.97,2019-06-26 09:21:58.425
"58 km ENE of Zhob, Pakistan",4.1,70.0422,31.4827,10.0,2019-06-24 17:49:33.798
"226 km SSE of Port Blair, India",4.3,93.881,9.9478,10.0,2019-06-23 02:35:10.239
"101 km WSW of Sarupathar, India",4.2,95.8922,25.812,132.99,2019-06-21 16:42:25.085
"25 km W of Ashk?sham, Afghanistan",4.2,71.2454,36.7045,183.32,2019-06-20 05:24:08.787
"26 km S of Koynanagar, India",4.3,73.7769,17.1576,10.0,2019-06-20 02:17:06.749
"220 km WNW of Sabang, Indonesia",4.7,93.5072,6.7292,35.0,2019-06-19 12:05:02.242
"23 km W of Ashk?sham, Afghanistan",4.2,71.2767,36.7132,186.13,2019-06-18 23:00:57.682
"41 km ENE of Letpandan, Myanmar",4.8,96.1277,17.8972,16.19,2019-06-18 04:28:20.634
"46 km N of Bamboo Flat, India",4.9,92.709,12.1229,30.0,2019-06-17 22:19:59.453
"62 km NE of Lobujya, Nepal",4.6,87.173,28.4217,84.75,2019-06-17 17:58:20.595
"20 km SSW of Mingora, Pakistan",4.6,72.2752,34.6122,31.11,2019-06-16 12:39:10.169
"72 km S of Jurm, Afghanistan",4.3,70.8033,36.2076,108.61,2019-06-15 07:52:29.637
"94 km WNW of Pathein, Myanmar",4.0,93.9096,17.0952,10.0,2019-06-15 06:23:19.694
"28 km SSE of Jurm, Afghanistan",4.1,70.9986,36.6416,208.94,2019-06-14 17:47:29.386
"28 km SSE of Jurm, Afghanistan",4.2,71.0095,36.6531,216.13,2019-06-14 07:36:43.460
"12 km WNW of Ashk?sham, Afghanistan",4.0,71.3958,36.7208,181.16,2019-06-13 21:53:39.768
"11 km W of Shingli Bala, Pakistan",5.2,72.8572,34.6813,12.9,2019-06-12 03:10:24.900
"294 km SSW of Laojunmiao, China",4.5,96.4869,37.3644,10.0,2019-06-11 13:56:09.270
"14 km WSW of Kamar Mushani, Pakistan",4.2,71.2286,32.7729,35.0,2019-06-09 02:36:53.562
"29 km ESE of Khorugh, Tajikistan",4.4,71.8791,37.4213,130.11,2019-06-08 16:58:35.657
"6 km SSE of ?bu, India",4.0,72.7357,24.537,10.0,2019-06-05 17:01:12.400
"78 km SSE of Phek, India",4.6,94.8689,25.0414,65.32,2019-06-04 13:27:33.983
"120 km ENE of Barishal, Pakistan",4.5,75.8543,36.8669,35.0,2019-05-31 16:01:33.047
western Xizang,4.3,82.9807,34.4841,10.0,2019-05-31 00:36:44.624
"37 km WSW of Ashk?sham, Afghanistan",4.2,71.156,36.5389,223.88,2019-05-30 06:44:04.789
"69 km N of P?r?n, Afghanistan",4.3,70.8711,36.0453,106.39,2019-05-30 05:22:13.327
"49 km NE of Mawlaik, Myanmar",4.5,94.7518,23.9515,95.69,2019-05-29 01:54:23.829
"178 km WNW of Sabang, Indonesia",5.0,93.767,6.3225,35.0,2019-05-29 01:43:06.336
"45 km WSW of Ashk?sham, Afghanistan",4.3,71.1002,36.4607,215.8,2019-05-27 14:23:14.471
"22 km NE of A?bak, Afghanistan",4.1,68.1739,36.4211,33.47,2019-05-26 13:59:35.984
"34 km S of Jurm, Afghanistan",4.4,70.7654,36.5584,219.47,2019-05-26 09:07:08.532
"18 km W of B?nkura, India",4.7,86.8925,23.2123,10.0,2019-05-26 05:09:10.629
"Nicobar Islands, India region",4.6,93.7306,8.8566,10.0,2019-05-26 02:19:45.642
"174 km NW of Rikaze, China",4.8,87.5686,30.3347,10.0,2019-05-26 02:09:27.242
"168 km NW of Rikaze, China",4.7,87.661,30.3288,10.0,2019-05-26 01:44:55.302
"56 km NE of Dipayal, Nepal",4.0,81.4056,29.5741,49.39,2019-05-25 15:23:59.917
"Nicobar Islands, India region",4.4,93.4888,8.5841,9.85,2019-05-25 14:33:23.381
"40 km WSW of Namche Bazar, Nepal",4.5,86.3425,27.6468,10.0,2019-05-25 05:17:24.276
"154 km SW of Bamboo Flat, India",4.7,91.6187,10.8163,10.0,2019-05-24 23:19:53.388
"241 km N of Bamboo Flat, India",5.0,92.9509,13.8733,10.0,2019-05-24 21:23:34.749
"182 km SW of Bamboo Flat, India",4.2,91.4323,10.6433,10.0,2019-05-24 20:44:35.249
"99 km SE of Phek, India",4.4,95.2138,25.0456,95.78,2019-05-22 12:55:53.738
"244 km N of Bamboo Flat, India",5.6,92.9916,13.8921,29.0,2019-05-22 00:39:34.963
"224 km NW of Sabang, Indonesia",4.5,94.1608,7.5563,10.0,2019-05-20 20:34:46.565
"46 km SW of Ashk?sham, Afghanistan",4.4,71.2399,36.3356,100.77,2019-05-20 06:58:55.106
"199 km NNW of Sabang, Indonesia",4.3,94.4055,7.4521,10.0,2019-05-20 02:11:27.698
"58 km SW of Ashk?sham, Afghanistan",4.4,71.0381,36.3334,114.5,2019-05-20 00:30:11.351
"222 km NW of Sabang, Indonesia",4.1,94.1223,7.5098,10.0,2019-05-19 05:07:18.274
"220 km NNW of Sabang, Indonesia",5.1,94.3069,7.6041,10.0,2019-05-17 19:05:19.114
"221 km NNW of Sabang, Indonesia",4.7,94.4424,7.6875,10.0,2019-05-17 18:29:24.184
"211 km NNW of Sabang, Indonesia",4.3,94.4011,7.5719,10.0,2019-05-17 17:02:34.398
"211 km NNW of Sabang, Indonesia",4.5,94.2948,7.5086,10.0,2019-05-17 16:21:34.782
"235 km NNW of Sabang, Indonesia",4.4,94.3354,7.7755,10.0,2019-05-17 15:25:22.280
"213 km NNW of Sabang, Indonesia",4.5,94.3969,7.5825,10.0,2019-05-17 15:14:30.444
"42 km NE of Bharatpur, Nepal",4.7,84.7453,27.9487,10.0,2019-05-17 08:23:37.430
"206 km NNW of Sabang, Indonesia",4.9,94.3045,7.4625,10.0,2019-05-16 06:52:00.006
"22 km SSE of Harnai, Pakistan",4.4,68.0004,29.9019,10.0,2019-05-12 17:29:46.277
"13 km W of Dailekh, Nepal",4.5,81.5715,28.8684,31.28,2019-05-11 18:51:01.960
"136 km SE of Port Blair, India",4.6,93.5702,10.737,77.47,2019-05-07 08:24:12.464
"111 km NE of Bamboo Flat, India",4.4,93.2991,12.5345,86.56,2019-05-06 14:53:18.268
"193 km SW of Tekn?f, Bangladesh",4.9,90.8861,19.7263,10.0,2019-05-06 14:18:26.521
"86 km SE of Mon, India",5.2,95.7216,26.2288,85.93,2019-05-04 11:04:01.133
"28 km ENE of A?bak, Afghanistan",4.6,68.2985,36.382,43.3,2019-05-04 05:53:03.586
"55 km E of Khorugh, Tajikistan",4.2,72.1716,37.4364,210.6,2019-05-02 16:55:53.947
"40 km NE of Jurm, Afghanistan",4.4,71.1795,37.109,91.77,2019-05-01 10:44:29.172
"192 km NNW of Sabang, Indonesia",4.4,94.5571,7.4611,62.11,2019-04-30 18:49:10.542
"27 km NNE of Saga, China",4.2,85.3709,29.533,10.0,2019-04-30 09:31:56.888
"79 km SSE of Mawlaik, Myanmar",4.7,94.8184,23.0333,133.05,2019-04-29 17:39:44.540
western Xizang,4.5,81.5138,33.5157,15.73,2019-04-29 13:36:04.899
western Xizang,4.0,83.7165,32.0014,10.0,2019-04-29 12:55:22.365
Xizang-Qinghai border region,4.1,90.5537,33.8735,10.0,2019-04-28 01:56:54.514
"132 km E of Mawlaik, Myanmar",4.4,95.6844,23.8569,10.0,2019-04-27 16:47:56.164
"31 km SE of Tezpur, India",4.6,93.0258,26.4403,43.81,2019-04-27 06:27:02.999
"80 km E of Mawlaik, Myanmar",4.5,95.1868,23.5884,35.38,2019-04-25 23:37:59.166
"137 km SW of Bamboo Flat, India",4.2,91.7043,10.9578,10.0,2019-04-25 18:50:52.865
western Xizang,4.5,82.5526,34.8762,10.0,2019-04-24 11:56:42.499
"22 km WNW of Kirtipur, Nepal",4.7,85.0667,27.7651,27.34,2019-04-24 00:44:31.986
"22 km SE of Shi Yomi, India",5.9,94.5605,28.4073,14.0,2019-04-23 20:15:50.777
"Andaman Islands, India region",4.5,92.3966,10.2311,10.0,2019-04-23 14:14:41.025
"59 km N of Khand?d, Afghanistan",4.2,72.3059,37.4911,198.59,2019-04-23 01:31:16.400
"29 km SSE of Jurm, Afghanistan",4.2,70.9191,36.6076,204.34,2019-04-21 14:18:11.744
"72 km WNW of Yenangyaung, Myanmar",4.2,94.1897,20.5992,62.83,2019-04-21 07:01:41.619
"215 km NNW of Sabang, Indonesia",4.6,94.3165,7.5639,10.0,2019-04-20 07:45:26.278
"218 km NNW of Sabang, Indonesia",4.9,94.3675,7.6181,10.0,2019-04-18 21:57:56.116
"215 km NNW of Sabang, Indonesia",5.0,94.3706,7.5912,10.0,2019-04-18 21:52:10.465
"39 km E of Farkh?r, Afghanistan",4.3,70.2926,36.5088,194.01,2019-04-18 16:32:11.940
"45 km E of Khorugh, Tajikistan",4.0,72.064,37.425,191.97,2019-04-18 00:44:55.285
"23 km WSW of Ashk?sham, Afghanistan",4.2,71.2927,36.5899,147.47,2019-04-17 18:35:20.919
"19 km NW of Nahr?n, Afghanistan",4.4,68.992,36.1968,35.04,2019-04-16 22:17:14.614
"33 km ESE of Khorugh, Tajikistan",4.0,71.9029,37.3645,149.08,2019-04-16 07:55:49.745
"118 km NE of Bamboo Flat, India",4.2,93.5064,12.4345,105.87,2019-04-15 13:33:49.328
"23 km WNW of Hakha, Myanmar",4.6,93.4162,22.7481,56.21,2019-04-15 01:39:45.818
"44 km NE of Dipayal, Nepal",4.0,81.2864,29.5192,10.0,2019-04-14 22:42:42.875
"282 km WNW of Nagqu, China",4.5,89.2588,32.3783,10.0,2019-04-14 18:31:06.070
"189 km NNW of Sabang, Indonesia",4.7,94.5279,7.4151,10.0,2019-04-14 08:12:08.032
"215 km NW of Sabang, Indonesia",4.6,94.2039,7.4899,10.0,2019-04-14 01:08:46.244
"168 km NNW of Sabang, Indonesia",4.4,94.5208,7.1896,10.0,2019-04-13 23:46:43.998
"266 km N of Bamboo Flat, India",4.5,93.1441,14.069,10.0,2019-04-13 23:02:50.523
"192 km NNW of Sabang, Indonesia",5.1,94.3786,7.3554,10.0,2019-04-13 20:43:30.319
"115 km ESE of Murghob, Tajikistan",4.0,75.1194,37.6793,100.67,2019-04-13 19:08:38.712
"177 km NW of Sabang, Indonesia",4.4,94.3681,7.1804,10.0,2019-04-13 18:22:55.283
"160 km NNW of Sabang, Indonesia",4.5,94.5466,7.1149,10.0,2019-04-13 17:03:13.527
"187 km NNW of Sabang, Indonesia",5.0,94.4406,7.3444,10.0,2019-04-13 16:20:16.399
"196 km NNW of Sabang, Indonesia",5.4,94.4056,7.4194,10.0,2019-04-13 16:12:55.522
"188 km NW of Sabang, Indonesia",4.3,94.3357,7.2874,10.0,2019-04-13 00:11:13.130
"184 km NNW of Sabang, Indonesia",4.9,94.3985,7.2825,10.0,2019-04-12 23:14:01.512
"128 km ENE of Barishal, Pakistan",4.4,75.9657,36.8634,10.0,2019-04-12 14:24:16.030
"23 km NE of Bamboo Flat, India",4.7,92.8676,11.8466,48.25,2019-04-12 11:23:00.001
"169 km NW of Rikaze, China",4.5,87.4938,30.1742,10.0,2019-04-12 09:27:50.400
"166 km SE of Port Blair, India",4.2,93.7769,10.5622,10.0,2019-04-12 01:56:59.713
"191 km NW of Sabang, Indonesia",4.3,94.296,7.2918,10.0,2019-04-11 21:03:54.380
"227 km NNW of Sabang, Indonesia",4.9,94.2006,7.6175,10.0,2019-04-11 03:55:14.105
"226 km NNW of Sabang, Indonesia",5.1,94.2502,7.6359,10.0,2019-04-11 03:50:38.660
"215 km NW of Sabang, Indonesia",4.5,94.1112,7.4223,10.0,2019-04-11 02:52:24.894
"225 km NNW of Sabang, Indonesia",5.0,94.3251,7.6737,10.0,2019-04-11 02:39:29.509
"224 km NW of Sabang, Indonesia",4.6,94.1641,7.5624,10.0,2019-04-10 15:09:33.876
"Nicobar Islands, India region",4.3,94.3612,7.5335,10.0,2019-04-09 21:53:42.524
"70 km NE of Khand?d, Afghanistan",4.0,72.8713,37.4058,40.19,2019-04-09 16:30:00.322
"Andaman Islands, India region",5.1,95.4198,13.1345,10.0,2019-04-08 01:54:52.330
"31 km E of Farkh?r, Afghanistan",4.2,70.2062,36.5327,215.7,2019-04-07 07:46:43.052
"182 km NNW of Sabang, Indonesia",4.8,94.5115,7.3304,10.0,2019-04-06 13:23:05.060
"199 km NW of Sabang, Indonesia",4.6,94.3071,7.3881,10.0,2019-04-06 08:12:45.125
"148 km NW of Sabang, Indonesia",4.6,94.5302,6.9783,10.0,2019-04-05 10:53:05.571
"33 km W of Taunsa, Pakistan",4.5,70.2978,30.7239,10.0,2019-04-05 02:20:18.063
"25 km SSW of Phek, India",5.1,94.4235,25.4467,61.78,2019-04-04 07:45:30.378
"48 km ESE of Khorugh, Tajikistan",4.3,72.0929,37.4038,215.43,2019-04-02 14:23:20.404
"216 km NW of Sabang, Indonesia",4.2,94.218,7.5118,10.0,2019-04-02 03:05:20.050
"209 km NNW of Sabang, Indonesia",4.2,94.2866,7.4762,10.0,2019-04-02 03:04:09.574
"209 km NW of Sabang, Indonesia",4.4,94.2665,7.4631,10.0,2019-04-01 20:07:41.579
"207 km NW of Sabang, Indonesia",4.1,94.1297,7.3374,10.0,2019-04-01 19:29:11.768
"215 km NNW of Sabang, Indonesia",4.5,94.2453,7.5147,4.79,2019-04-01 16:28:20.601
"208 km NW of Sabang, Indonesia",4.7,94.2101,7.4132,10.0,2019-04-01 10:14:04.596
"193 km NW of Sabang, Indonesia",4.2,94.2947,7.3137,10.0,2019-04-01 10:02:11.292
"215 km NNW of Sabang, Indonesia",5.5,94.3371,7.5782,10.0,2019-04-01 08:11:32.416
"207 km NW of Sabang, Indonesia",4.4,94.1596,7.364,10.0,2019-04-01 08:05:04.530
"213 km NW of Sabang, Indonesia",4.1,93.9406,7.2435,10.0,2019-04-01 07:49:22.858
"214 km NNW of Sabang, Indonesia",4.9,94.2685,7.5237,10.0,2019-04-01 07:37:50.078
"227 km NNW of Sabang, Indonesia",4.6,94.354,7.7077,10.0,2019-04-01 06:56:40.993
"228 km NW of Sabang, Indonesia",4.4,94.1212,7.5752,10.0,2019-04-01 06:02:04.396
"209 km NNW of Sabang, Indonesia",5.1,94.3882,7.538,10.0,2019-04-01 05:52:38.792
"215 km NW of Sabang, Indonesia",4.2,94.1907,7.4809,10.0,2019-04-01 05:46:41.060
"221 km NNW of Sabang, Indonesia",4.9,94.2188,7.5655,10.0,2019-04-01 05:09:16.853
"232 km NNW of Sabang, Indonesia",4.3,94.4325,7.7978,10.0,2019-04-01 04:54:09.106
"212 km NW of Sabang, Indonesia",4.4,94.1713,7.4303,10.0,2019-04-01 04:35:03.677
"207 km NNW of Sabang, Indonesia",4.3,94.3548,7.4994,10.0,2019-04-01 04:33:34.127
"222 km NNW of Sabang, Indonesia",4.3,94.3172,7.6358,10.0,2019-04-01 04:30:27.150
"216 km NW of Sabang, Indonesia",5.0,94.2064,7.4984,10.0,2019-04-01 04:09:14.377
"209 km NW of Sabang, Indonesia",4.4,94.2347,7.444,10.0,2019-04-01 04:04:29.192
"209 km NW of Sabang, Indonesia",4.4,94.163,7.3911,10.0,2019-04-01 03:54:23.566
"222 km NW of Sabang, Indonesia",5.0,94.1618,7.5378,10.0,2019-04-01 03:38:07.453
"203 km NNW of Sabang, Indonesia",4.5,94.4086,7.4898,10.0,2019-04-01 03:22:53.280
"207 km NW of Sabang, Indonesia",4.6,94.26,7.4383,10.0,2019-04-01 03:21:39.591
"217 km NNW of Sabang, Indonesia",4.2,94.3147,7.5781,10.0,2019-04-01 03:15:38.374
"237 km NW of Sabang, Indonesia",4.4,94.0594,7.6366,10.0,2019-04-01 02:57:54.806
"214 km NW of Sabang, Indonesia",4.7,94.1773,7.4578,10.0,2019-04-01 02:49:42.533
"219 km NNW of Sabang, Indonesia",4.6,94.2742,7.5796,10.0,2019-04-01 02:46:48.776
"147 km NW of Sabang, Indonesia",4.5,94.3164,6.7741,10.0,2019-04-01 02:42:38.330
"221 km NNW of Sabang, Indonesia",4.5,94.3696,7.6583,10.0,2019-04-01 02:40:40.841
"231 km NNW of Sabang, Indonesia",4.7,94.4455,7.7948,10.0,2019-04-01 02:28:05.813
"198 km NW of Sabang, Indonesia",4.3,94.1564,7.2582,10.0,2019-04-01 02:16:57.473
"220 km NNW of Sabang, Indonesia",4.5,94.3587,7.638,10.0,2019-04-01 02:02:42.985
"225 km NNW of Sabang, Indonesia",4.7,94.4094,7.7111,10.0,2019-04-01 01:34:20.256
"227 km NNW of Sabang, Indonesia",5.2,94.2566,7.6564,10.0,2019-04-01 01:23:58.459
"213 km NW of Sabang, Indonesia",4.6,94.1203,7.4035,10.0,2019-04-01 01:22:48.025
"231 km NNW of Sabang, Indonesia",5.2,94.2614,7.6959,10.0,2019-04-01 01:21:31.079
"212 km NNW of Sabang, Indonesia",5.1,94.3508,7.5485,10.0,2019-04-01 01:11:43.111
"217 km NNW of Sabang, Indonesia",4.8,94.3543,7.6045,10.0,2019-04-01 01:08:06.410
"248 km NW of Sabang, Indonesia",4.4,94.0496,7.7505,10.0,2019-04-01 01:04:49.780
"227 km NW of Sabang, Indonesia",4.2,94.1319,7.5719,10.0,2019-04-01 01:04:05.388
"212 km NW of Sabang, Indonesia",4.9,94.2036,7.4607,10.0,2019-04-01 00:58:18.860
"217 km NNW of Sabang, Indonesia",4.6,94.2819,7.567,10.0,2019-04-01 00:56:31.173
"225 km NW of Sabang, Indonesia",4.5,94.1522,7.5591,10.0,2019-04-01 00:54:15.012
"220 km NNW of Sabang, Indonesia",4.9,94.3217,7.6133,10.0,2019-04-01 00:49:37.630
"206 km NNW of Sabang, Indonesia",4.9,94.3975,7.5203,10.0,2019-04-01 00:44:24.880
"212 km NW of Sabang, Indonesia",4.8,94.2219,7.4732,10.0,2019-04-01 00:37:27.190
"214 km NNW of Sabang, Indonesia",4.9,94.452,7.6243,10.0,2019-04-01 00:34:09.310
"225 km NNW of Sabang, Indonesia",5.0,94.3113,7.6688,10.0,2019-04-01 00:25:43.450
"223 km NNW of Sabang, Indonesia",4.9,94.33,7.6511,10.0,2019-04-01 00:23:37.730
"236 km NNW of Sabang, Indonesia",5.0,94.364,7.806,10.0,2019-04-01 00:03:43.547
"278 km NNW of Sabang, Indonesia",4.8,94.6243,8.3118,10.0,2019-03-31 23:59:50.400
"216 km NNW of Sabang, Indonesia",5.0,94.3296,7.5796,10.0,2019-03-31 23:56:43.440
"224 km NW of Sabang, Indonesia",4.9,94.1803,7.5776,10.0,2019-03-31 23:48:56.640
"245 km NNW of Sabang, Indonesia",5.2,94.2402,7.8278,10.0,2019-03-31 23:46:41.494
"236 km NNW of Sabang, Indonesia",4.9,94.3057,7.7758,10.0,2019-03-31 23:44:43.830
"225 km NNW of Sabang, Indonesia",4.8,94.2219,7.609,10.0,2019-03-31 23:42:29.980
"211 km NNW of Sabang, Indonesia",5.0,94.3894,7.5642,10.0,2019-03-31 23:42:01.540
"232 km NNW of Sabang, Indonesia",4.4,94.4571,7.8123,10.0,2019-03-31 23:38:45.120
"210 km NNW of Sabang, Indonesia",4.5,94.4348,7.5814,10.0,2019-03-31 23:32:15.620
"111 km ESE of Phek, India",4.1,95.5572,25.3484,125.53,2019-03-31 06:42:20.572
"13 km W of Ashk?sham, Afghanistan",3.9,71.378,36.6913,185.63,2019-03-30 18:40:20.740
"268 km ESE of Port Blair, India",5.2,95.1558,11.1534,10.0,2019-03-28 03:08:13.487
"Xinjiang-Qinghai border region, China",4.6,90.4226,36.7398,13.78,2019-03-28 02:35:10.809
"58 km WNW of Taunsa, Pakistan",4.2,70.1131,30.9591,23.99,2019-03-27 17:13:50.000
"88 km W of Pyay, Myanmar",4.3,94.3994,18.9768,57.54,2019-03-27 16:39:22.159
"81 km NE of Sittwe, Myanmar",4.7,93.4157,20.6982,35.0,2019-03-26 13:52:12.900
"16 km W of Chur?ch?ndpur, India",4.6,93.5079,24.3186,56.65,2019-03-25 12:41:25.406
"65 km WNW of Taunsa, Pakistan",4.8,70.0381,30.9605,10.0,2019-03-25 11:25:26.220
"80 km SE of Hakha, Myanmar",4.3,94.167,22.1287,86.04,2019-03-25 04:56:41.480
"264 km NNW of Qamdo, China",4.2,96.5758,33.4611,10.0,2019-03-23 13:53:25.968
"255 km N of Bamboo Flat, India",4.9,93.1001,13.9762,10.0,2019-03-23 11:34:01.596
"269 km N of Bamboo Flat, India",5.2,93.0433,14.1145,10.0,2019-03-23 11:29:27.136
"222 km NNW of Sabang, Indonesia",4.2,94.2136,7.5694,10.0,2019-03-22 20:50:06.360
"33 km S of Jurm, Afghanistan",4.6,70.8958,36.5711,195.19,2019-03-22 12:17:18.465
"38 km WNW of Nongstoin, India",4.4,90.9083,25.6452,10.0,2019-03-21 14:30:52.863
"206 km NNW of Sabang, Indonesia",4.4,94.387,7.514,38.19,2019-03-21 13:42:35.034
"30 km ESE of Falam, Myanmar",4.3,93.9612,22.8271,37.59,2019-03-20 23:37:42.570
"65 km WNW of Taunsa, Pakistan",4.6,70.0655,31.0122,10.0,2019-03-20 20:52:03.563
"Andaman Islands, India region",4.9,92.8488,11.9231,56.99,2019-03-20 10:27:35.183
Afghanistan-Tajikistan-Pakistan region,4.2,71.2126,36.4188,113.26,2019-03-19 12:11:37.748
"71 km WSW of Monywa, Myanmar",4.6,94.4682,21.9349,99.63,2019-03-18 16:54:30.640
"29 km NE of Farkh?r, Afghanistan",4.4,70.095,36.7589,283.25,2019-03-18 07:10:24.998
"13 km W of Govindgarh, India",4.0,76.867,27.4854,10.0,2019-03-16 23:41:28.160
"54 km NNE of Mawlaik, Myanmar",4.0,94.6842,24.0646,96.09,2019-03-16 19:23:40.660
"Nicobar Islands, India region",4.1,94.6742,7.3401,206.47,2019-03-16 04:13:00.548
"21 km SSE of Jurm, Afghanistan",4.4,70.9221,36.6861,232.77,2019-03-15 22:31:53.270
"37 km ESE of Khorugh, Tajikistan",4.2,71.9044,37.3054,201.99,2019-03-15 13:38:22.715
"34 km SW of Ashk?sham, Afghanistan",4.6,71.2685,36.4606,115.1,2019-03-14 19:25:18.021
"16 km SE of Sarupathar, India",4.3,96.9489,26.1211,45.71,2019-03-14 15:17:36.774
"34 km S of Khanabad, Afghanistan",4.7,69.1743,36.3801,53.99,2019-03-14 01:56:24.457
"29 km ENE of Falam, Myanmar",4.5,93.9436,23.0149,79.79,2019-03-13 13:44:04.300
"56 km S of Jurm, Afghanistan",4.0,70.8642,36.3597,111.44,2019-03-12 01:27:05.312
"31 km S of Farkh?r, Afghanistan",4.5,69.8776,36.289,136.18,2019-03-11 18:16:24.560
"99 km E of Port Blair, India",4.5,93.6513,11.8129,115.85,2019-03-11 01:14:29.020
"193 km S of Port Blair, India",4.7,92.8115,9.9158,35.0,2019-03-10 13:20:06.945
"62 km ENE of Khorugh, Tajikistan",4.1,72.243,37.6207,167.41,2019-03-09 13:06:54.370
"8 km NW of Kashmor, Pakistan",4.4,69.5192,28.4813,10.0,2019-03-07 06:44:13.760
"178 km NW of Rikaze, China",4.1,87.368,30.1682,10.0,2019-03-06 00:45:51.040
"74 km SSE of Farkh?r, Afghanistan",4.3,70.2753,35.99,113.76,2019-03-05 15:26:45.480
"11 km WSW of Silvassa, India",4.0,72.8943,20.2344,10.0,2019-03-01 05:44:26.440
"26 km NNW of Ishqoshim, Tajikistan",4.0,71.4718,36.9305,189.55,2019-03-01 00:39:34.680
"39 km SSW of Jurm, Afghanistan",4.2,70.7236,36.5241,190.68,2019-02-28 20:24:21.360
"222 km NW of Sabang, Indonesia",4.7,94.1586,7.5343,10.0,2019-02-28 05:00:52.540
"189 km NNW of Sabang, Indonesia",5.0,94.3711,7.3155,108.23,2019-02-28 00:00:52.290
"20 km E of Mirz?pur, Bangladesh",3.7,90.2941,24.0741,10.0,2019-02-26 04:49:57.910
"41 km SSW of Jurm, Afghanistan",4.5,70.7153,36.5026,158.72,2019-02-26 00:23:47.310
"14 km NNE of Tangwani, Pakistan",4.2,69.0618,28.3929,10.0,2019-02-25 21:12:46.600
"192 km SE of Port Blair, India",4.3,93.7785,10.2536,10.0,2019-02-24 17:12:11.420
"68 km SE of Farkh?r, Afghanistan",4.1,70.3164,36.0786,118.36,2019-02-24 09:37:33.250
"38 km SE of Khorugh, Tajikistan",4.0,71.8152,37.2129,169.19,2019-02-23 11:07:06.500
"127 km WNW of Sabang, Indonesia",4.6,94.2511,6.3346,73.93,2019-02-21 19:34:36.210
"4 km ENE of K?ndhla, India",4.0,77.3166,29.3387,10.0,2019-02-20 02:29:34.520
"14 km WSW of Padam, India",4.5,76.7294,33.4367,23.88,2019-02-17 22:53:30.280
"46 km W of Myanaung, Myanmar",4.1,94.8807,18.3005,35.0,2019-02-17 08:22:55.840
"16 km WSW of Saiha, India",4.8,92.8472,22.4139,10.0,2019-02-17 02:58:32.530
"110 km SE of Tuensang, India",4.1,95.6268,25.5862,48.48,2019-02-15 22:11:33.610
"220 km NNW of Bamboo Flat, India",4.4,91.7532,13.4538,10.0,2019-02-12 20:21:21.610
"28 km SSE of Jurm, Afghanistan",4.2,70.925,36.6145,214.41,2019-02-12 07:23:52.950
Bay of Bengal,4.9,85.73,14.3974,10.0,2019-02-12 01:32:27.310
"15 km WNW of Ashk?sham, Afghanistan",4.2,71.3677,36.7177,181.97,2019-02-11 14:54:15.030
"68 km SSE of Tezu, India",5.0,96.3645,27.3345,10.0,2019-02-10 03:22:05.370
"22 km S of Sarupathar, India",4.3,96.8478,26.0047,10.0,2019-02-07 08:49:37.010
"155 km NNE of Lobujya, Nepal",4.2,87.2699,29.2915,10.0,2019-02-07 05:35:48.490
"45 km E of Farkh?r, Afghanistan",4.2,70.3615,36.5096,215.63,2019-02-06 16:42:56.040
"29 km NNW of Mawlaik, Myanmar",4.4,94.3292,23.8991,33.81,2019-02-06 16:21:25.100
"150 km NNE of Lobujya, Nepal",4.1,87.2216,29.2611,10.0,2019-02-06 13:30:27.060
"47 km E of Farkh?r, Afghanistan",4.2,70.3916,36.6154,235.09,2019-02-05 22:38:46.600
"76 km NNW of Bandipura, India",4.0,74.2087,35.0109,10.0,2019-02-05 21:11:27.890
"87 km NNW of Bandipura, India",5.2,74.1694,35.103,20.67,2019-02-05 16:47:06.750
"93 km SSW of Gilgit, Pakistan",4.5,74.0402,35.1073,30.14,2019-02-05 13:38:32.990
"36 km S of Jurm, Afghanistan",4.5,70.8346,36.5363,183.74,2019-02-05 12:21:54.820
"37 km SSW of Ashk?sham, Afghanistan",4.1,71.3079,36.4001,97.04,2019-02-05 00:57:28.710
"69 km ENE of Khorugh, Tajikistan",4.4,72.3236,37.6199,180.26,2019-02-04 16:10:20.840
"34 km SW of Ashk?sham, Afghanistan",4.1,71.2919,36.4406,115.4,2019-02-03 23:10:18.230
"9 km S of May?ng Imph?l, India",4.5,93.8824,24.5236,66.28,2019-02-03 17:20:45.350
"86 km SE of Phek, India",4.1,95.2123,25.2277,101.16,2019-02-02 17:32:35.330
"46 km SSW of Jurm, Afghanistan",5.6,70.7006,36.4642,211.72,2019-02-02 12:04:34.470
"43 km SW of Ashk?sham, Afghanistan",4.1,71.1338,36.456,232.38,2019-02-02 08:48:44.160
"38 km NNE of Mawlaik, Myanmar",4.0,94.4999,23.9792,82.03,2019-01-30 23:12:59.480
"47 km SSW of Khorugh, Tajikistan",4.3,71.3265,37.1044,105.95,2019-01-29 19:10:19.950
"46 km SW of Pyu, Myanmar",4.5,96.0814,18.2393,27.66,2019-01-28 03:52:39.700
"11 km SSE of Kakching, India",4.7,94.0239,24.4032,65.34,2019-01-27 23:45:56.850
"29 km ENE of Yairipok, India",4.7,94.3026,24.8046,67.97,2019-01-27 04:49:20.490
"49 km SSW of Jurm, Afghanistan",4.4,70.6883,36.43,210.23,2019-01-26 13:39:00.420
"42 km SSW of Jurm, Afghanistan",4.2,70.7016,36.499,192.86,2019-01-26 03:40:22.610
"38 km SSW of Jurm, Afghanistan",4.3,70.7363,36.5295,186.88,2019-01-26 03:26:49.210
"22 km E of Chur?ch?ndpur, India",4.6,93.8919,24.3098,55.87,2019-01-25 17:07:08.510
"61 km NE of Mawlaik, Myanmar",4.5,94.8664,24.0031,47.2,2019-01-25 14:29:06.050
"Hindu Kush region, Afghanistan",4.1,70.6942,36.4835,199.66,2019-01-25 05:01:03.340
"15 km NW of Bhojpur, Nepal",4.3,86.9202,27.2579,10.0,2019-01-22 16:45:15.580
"171 km NW of Rikaze, China",4.7,87.6754,30.3859,9.97,2019-01-20 15:06:39.170
"175 km NW of Rikaze, China",5.2,87.6229,30.3908,9.85,2019-01-20 14:28:30.290
Eastern Xizang,4.6,95.1522,30.0401,10.0,2019-01-20 02:52:03.730
"16 km ENE of Khorugh, Tajikistan",4.1,71.7088,37.5654,109.4,2019-01-19 21:56:43.070
"36 km S of Jurm, Afghanistan",4.1,70.9081,36.542,137.97,2019-01-19 09:37:50.330
"258 km N of Bamboo Flat, India",4.5,92.9974,14.0245,10.0,2019-01-18 13:19:39.040
"197 km NNW of Sabang, Indonesia",5.4,94.3739,7.4036,88.0,2019-01-17 02:53:06.400
"27 km NW of Samtse, Bhutan",3.8,88.9007,27.0774,10.0,2019-01-16 23:56:11.120
"109 km WNW of Bhamo, Myanmar",4.7,96.3344,24.8046,10.0,2019-01-16 21:39:35.480
western Xizang,4.2,87.1476,32.965,10.0,2019-01-14 22:55:41.230
"24 km WNW of Ashk?sham, Afghanistan",4.4,71.2829,36.781,176.76,2019-01-13 13:23:19.670
"190 km NW of Bamboo Flat, India",4.4,91.6733,13.0839,10.0,2019-01-11 14:46:33.830
"64 km ENE of Leh, India",4.6,78.2373,34.3645,34.51,2019-01-10 02:52:04.640
"70 km SW of Wana, Pakistan",4.4,68.9624,31.9269,28.92,2019-01-09 14:33:15.850
"47 km WSW of Ashk?sham, Afghanistan",4.3,71.0742,36.4609,125.04,2019-01-08 04:50:06.910
"43 km E of Leh, India",4.3,78.0505,34.2031,10.0,2019-01-06 23:10:42.200
"19 km ESE of Farkh?r, Afghanistan",4.3,70.0622,36.5246,225.86,2019-01-06 19:45:17.860
"71 km SSE of Ashk?sham, Afghanistan",4.5,71.7714,36.0731,113.4,2019-01-04 10:11:20.360
"67 km E of Port Blair, India",4.5,93.3604,11.7558,111.1,2019-01-03 14:03:44.980
"55 km SE of Farkh?r, Afghanistan",4.5,70.3225,36.2364,184.99,2019-01-03 03:08:17.020
"27 km SE of Jurm, Afghanistan",4.2,71.0378,36.6758,231.87,2019-01-01 15:41:04.830
"Nicobar Islands, India region",4.6,92.6086,6.8343,10.0,2018-12-31 16:45:36.650
"9 km SE of Sovet, Tajikistan",4.1,69.6698,37.989,26.44,2018-12-31 15:48:07.010
"90 km S of Hakha, Myanmar",4.2,93.5644,21.8261,57.57,2018-12-31 13:33:11.680
"7 km WSW of K?lob, Tajikistan",4.5,69.704,37.8905,21.9,2018-12-30 10:02:36.470
"38 km S of Jurm, Afghanistan",4.2,70.8345,36.5145,195.27,2018-12-30 01:03:24.030
"150 km NE of Bamboo Flat, India",4.4,93.5007,12.8155,75.11,2018-12-27 16:46:09.310
"32 km SSE of Mawlaik, Myanmar",5.0,94.5614,23.3862,90.96,2018-12-27 00:35:50.380
"Nicobar Islands, India region",4.3,93.6636,8.0837,88.19,2018-12-26 14:36:21.170
"177 km NW of Rikaze, China",4.2,87.4245,30.2227,10.0,2018-12-24 18:40:40.380
"34 km NW of Sarupathar, India",4.7,96.6002,26.4496,115.7,2018-12-23 20:32:19.670
"172 km NW of Rikaze, China",4.9,87.4547,30.1798,10.0,2018-12-23 19:36:56.920
"197 km NE of Saga, China",5.0,86.7946,30.4684,10.0,2018-12-23 19:35:20.200
"177 km NW of Rikaze, China",5.8,87.62,30.4079,10.0,2018-12-23 19:32:22.060
"60 km SSE of Tezu, India",4.3,96.382,27.4151,10.0,2018-12-23 11:21:00.090
"7 km NNE of Nagarkot, Nepal",4.1,85.5548,27.7764,10.0,2018-12-22 23:21:54.860
"35 km NNE of Khorugh, Tajikistan",4.0,71.6867,37.7941,5.0,2018-12-22 00:32:27.400
"239 km SSE of Hotan, China",4.6,81.0515,35.1488,7.79,2018-12-18 17:21:21.340
"33 km S of Jurm, Afghanistan",4.0,70.8969,36.5714,152.77,2018-12-17 23:30:29.160
"29 km WSW of Ashk?sham, Afghanistan",4.8,71.2354,36.5617,224.85,2018-12-17 01:08:11.180
"74 km SE of Farkh?r, Afghanistan",4.8,70.461,36.1086,117.76,2018-12-14 04:36:01.940
"32 km NE of Khorugh, Tajikistan",4.4,71.8205,37.6845,10.0,2018-12-13 20:29:58.590
"46 km SW of Jurm, Afghanistan",4.6,70.5372,36.5254,201.18,2018-12-13 15:44:29.870
"Nicobar Islands, India region",4.6,94.6116,8.6753,117.35,2018-12-13 00:50:26.380
"37 km ENE of Barkhan, Pakistan",4.7,69.8699,30.0498,10.0,2018-12-12 18:41:22.270
"30 km S of Jurm, Afghanistan",4.3,70.8823,36.5915,206.22,2018-12-09 15:39:35.990
"65 km SSE of Farkh?r, Afghanistan",4.2,70.1732,36.0441,112.26,2018-12-09 14:58:19.120
"52 km SSW of Jurm, Afghanistan",4.2,70.5195,36.4688,200.02,2018-12-08 23:04:29.820
"26 km SE of Jurm, Afghanistan",4.1,71.0477,36.6966,98.04,2018-12-04 16:11:20.580
"Hindu Kush region, Afghanistan",4.2,70.49,34.3875,65.03,2018-12-04 15:28:46.790
"76 km E of W?ngjing, India",4.5,94.8152,24.5152,10.0,2018-12-04 09:44:47.480
"24 km SSE of Jurm, Afghanistan",4.4,70.89,36.6521,241.94,2018-12-02 21:47:13.860
Pakistan,4.1,70.3842,30.0554,20.94,2018-12-02 13:41:30.770
"83 km NE of Tawang, India",4.8,92.6174,28.0036,10.0,2018-12-01 15:07:26.550
"69 km SE of Farkh?r, Afghanistan",4.5,70.4404,36.1626,111.18,2018-12-01 08:34:12.150
"44 km SSW of Jurm, Afghanistan",4.3,70.5663,36.5215,205.14,2018-11-30 02:26:05.120
"19 km SW of Mawlaik, Myanmar",4.5,94.274,23.5204,84.06,2018-11-29 03:57:37.250
"15 km S of Pul-e Khumr?, Afghanistan",4.9,68.6867,35.8078,21.76,2018-11-28 14:44:25.390
"103 km SSE of Hayuliang, India",5.4,96.9185,27.1986,11.0,2018-11-28 10:17:06.970
"170 km NW of Rikaze, China",4.1,87.8361,30.488,10.0,2018-11-28 06:28:18.620
"21 km SSE of Jurm, Afghanistan",4.3,70.9527,36.6912,226.92,2018-11-27 11:31:58.430
"17 km N of Baghl?n, Afghanistan",4.4,68.6869,36.2873,42.19,2018-11-25 06:28:08.510
"104 km SE of Hayuliang, India",4.3,97.1847,27.3188,10.0,2018-11-24 21:03:22.310
"21 km W of Ashk?sham, Afghanistan",4.1,71.2907,36.6812,194.32,2018-11-24 18:47:11.120
"57 km N of Khand?d, Afghanistan",4.2,72.3436,37.4654,212.49,2018-11-24 04:59:26.530
"31 km S of Jurm, Afghanistan",4.2,70.8239,36.5803,212.99,2018-11-24 03:27:59.000
western Xizang,4.4,83.9403,34.064,10.0,2018-11-20 21:44:54.190
"79 km E of Sittwe, Myanmar",4.5,93.6524,20.2418,44.84,2018-11-20 17:49:19.920
"30 km SSW of Mawlaik, Myanmar",4.3,94.3227,23.3813,10.0,2018-11-19 19:03:06.340
"21 km NNW of Farkh?r, Afghanistan",4.3,69.8083,36.7592,300.36,2018-11-19 04:20:29.430
"74 km WNW of Pakokku, Myanmar",4.9,94.3974,21.5181,77.05,2018-11-19 04:07:54.030
"217 km NNW of Sabang, Indonesia",4.6,94.4323,7.6423,10.0,2018-11-17 18:51:53.660
"208 km NNW of Sabang, Indonesia",4.3,94.2894,7.4665,10.0,2018-11-17 18:51:06.620
"55 km E of Khorugh, Tajikistan",4.4,72.1837,37.4702,190.93,2018-11-17 03:29:27.580
western Xizang,4.2,89.2704,35.6472,10.0,2018-11-16 07:01:22.680
"245 km W of Sabang, Indonesia",5.2,93.1185,6.19,23.21,2018-11-15 04:31:24.890
western Xizang,4.5,83.9006,34.0148,11.97,2018-11-14 17:10:48.120
"23 km NNE of B?z?rak, Afghanistan",4.8,69.6289,35.5051,99.45,2018-11-13 20:00:38.000
"29 km SSE of Jurm, Afghanistan",4.3,70.9827,36.6317,204.82,2018-11-13 10:12:07.230
western Xizang,4.1,89.2206,33.5889,10.0,2018-11-13 05:47:43.170
"243 km SSE of Hotan, China",4.4,81.0792,35.1202,10.0,2018-11-11 22:11:13.170
"55 km E of Khorugh, Tajikistan",4.4,72.1774,37.4823,199.06,2018-11-11 10:50:47.900
"14 km NE of D?rchul?, Nepal",4.5,80.6472,29.9248,10.0,2018-11-11 07:07:31.800
"17 km SE of Wana, Pakistan",4.0,69.6953,32.1754,46.98,2018-11-11 01:35:47.690
"47 km E of Darlawn, India",5.2,93.3925,23.9724,52.39,2018-11-10 17:15:46.730
"46 km E of Chubek, Tajikistan",4.6,70.2336,37.6598,14.59,2018-11-08 15:01:07.840
"74 km NNW of Sabang, Indonesia",4.4,95.1415,6.5389,197.6,2018-11-07 06:37:23.520
"166 km NNW of Rikaze, China",4.4,87.9351,30.5052,10.0,2018-11-07 02:34:02.960
"36 km SE of W?ngjing, India",4.2,94.3399,24.3823,64.34,2018-11-06 22:50:42.150
"46 km SW of Jurm, Afghanistan",4.1,70.529,36.5275,236.99,2018-11-06 11:36:26.690
"225 km NW of Nagqu, China",4.7,90.3241,32.8748,10.0,2018-11-06 05:43:43.680
"11 km SSW of Taungdwingyi, Myanmar",4.6,95.4886,19.9145,10.0,2018-11-05 19:48:36.160
western Xizang,4.5,89.3679,33.5619,6.95,2018-11-04 14:20:44.400
western Xizang,4.6,83.9207,34.1017,14.92,2018-11-02 22:35:10.220
"176 km NNE of Shi Yomi, India",4.3,95.158,29.964,10.0,2018-11-02 10:31:55.700
"31 km SSE of Jurm, Afghanistan",4.0,71.0181,36.6225,212.67,2018-11-01 14:01:38.840
"28 km NW of Sabang, Indonesia",4.5,95.1105,6.0379,10.0,2018-10-31 23:18:46.540
"179 km NW of Rikaze, China",5.0,87.4647,30.2891,10.0,2018-10-31 23:09:01.530
"172 km NW of Rikaze, China",4.7,87.6483,30.3789,10.0,2018-10-31 01:49:29.220
western Xizang,4.2,87.8934,35.5736,10.0,2018-10-31 01:08:39.370
"36 km ESE of Leh, India",4.1,77.9427,34.0313,10.0,2018-10-29 16:02:48.200
"59 km ENE of Leh, India",4.5,78.1903,34.3492,10.0,2018-10-29 14:56:47.190
"50 km E of Leh, India",4.9,78.1243,34.2342,10.0,2018-10-29 14:43:35.790
"48 km ENE of Leh, India",4.6,78.0838,34.2929,10.0,2018-10-29 06:27:55.360
"Nicobar Islands, India region",4.8,93.8375,8.791,10.0,2018-10-28 16:53:43.460
"52 km ENE of Pyay, Myanmar",4.9,95.6347,19.0858,10.0,2018-10-27 09:16:44.140
"105 km E of W?ngjing, India",4.3,95.1058,24.6818,120.42,2018-10-26 20:49:52.280
"57 km SW of Ashk?sham, Afghanistan",4.2,71.1511,36.2681,103.35,2018-10-26 03:54:49.520
"44 km NNE of Khand?d, Afghanistan",4.6,72.5009,37.3256,10.0,2018-10-23 11:30:18.290
"12 km W of Ashk?sham, Afghanistan",4.3,71.3909,36.693,171.67,2018-10-23 04:19:52.420
"46 km SSW of Jurm, Afghanistan",4.4,70.5787,36.5042,204.94,2018-10-22 17:19:19.530
"171 km NW of Rikaze, China",4.8,87.7783,30.4664,13.83,2018-10-22 16:49:36.120
"161 km NW of Rikaze, China",4.5,87.6309,30.2176,11.42,2018-10-22 15:10:05.270
western Xizang,4.0,83.9736,34.1808,10.0,2018-10-22 10:08:30.600
"36 km NW of Khand?d, Afghanistan",4.1,71.9766,37.1384,245.21,2018-10-21 16:25:52.220
"Nicobar Islands, India region",4.4,92.505,6.7461,10.0,2018-10-18 17:49:30.040
"56 km S of Jurm, Afghanistan",4.4,70.8664,36.3564,105.73,2018-10-18 15:28:58.920
western Xizang,4.7,89.2072,33.5346,10.0,2018-10-18 07:51:59.030
"22 km N of Farkhor, Tajikistan",4.4,69.4102,37.6959,14.31,2018-10-18 03:21:01.070
western Xizang,4.2,89.2541,33.5233,10.0,2018-10-17 05:16:43.110
"238 km NW of Nagqu, China",4.4,90.1185,32.8584,10.0,2018-10-16 11:05:50.690
"75 km ENE of Khorugh, Tajikistan",4.1,72.3872,37.6341,204.65,2018-10-16 01:39:50.030
western Xizang,4.6,84.0333,34.1705,10.0,2018-10-14 14:26:49.780
"46 km ENE of Pyay, Myanmar",5.1,95.6084,19.0329,10.0,2018-10-10 10:28:04.560
"180 km NNW of Sabang, Indonesia",4.3,94.7883,7.4386,256.65,2018-10-09 22:27:53.450
"86 km ENE of Khorugh, Tajikistan",4.6,72.4117,37.8619,132.18,2018-10-09 00:49:23.750
"45 km SW of Jurm, Afghanistan",4.8,70.5471,36.5308,194.81,2018-10-07 13:52:39.860
"61 km N of Barishal, Pakistan",3.9,74.5646,36.8647,79.37,2018-10-07 02:39:39.190
"17 km SSE of Khorugh, Tajikistan",4.5,71.6467,37.3482,119.55,2018-10-07 01:35:50.280
"69 km NNW of P?r?n, Afghanistan",4.5,70.5288,35.9569,102.9,2018-10-06 22:15:35.250
western Xizang,4.3,89.2661,33.5319,10.0,2018-10-06 21:46:25.560
western Xizang,4.2,89.3774,35.674,10.0,2018-10-06 15:35:20.230
"23 km N of Baghl?n, Afghanistan",4.1,68.7022,36.3456,35.0,2018-10-06 13:11:13.960
"40 km ENE of Pyay, Myanmar",4.2,95.5839,18.9435,10.0,2018-10-05 09:43:16.960
"18 km NW of Birendranagar, Nepal",4.3,81.4792,28.7099,10.0,2018-10-05 07:15:04.390
"13 km WNW of Dailekh, Nepal",4.4,81.5789,28.874,10.0,2018-10-05 07:08:11.750
"46 km NNW of Taungoo, Myanmar",4.5,96.2332,19.3133,10.0,2018-10-04 13:29:14.050
"26 km N of Ishqoshim, Tajikistan",4.3,71.5946,36.963,126.39,2018-10-04 07:08:17.200
"285 km SSE of Port Blair, India",4.6,93.8022,9.3012,54.7,2018-10-03 04:09:41.220
western Xizang,4.6,83.8895,34.0874,10.0,2018-10-02 10:28:10.890
"40 km E of Farkh?r, Afghanistan",4.2,70.3024,36.534,202.82,2018-10-02 02:21:42.800
"143 km NNW of Bamboo Flat, India",5.1,92.2347,12.9046,25.65,2018-10-01 13:24:44.800
"24 km SE of Jurm, Afghanistan",4.3,71.0284,36.7098,215.85,2018-09-30 23:26:29.140
"Nicobar Islands, India region",4.3,93.5079,8.6511,10.0,2018-09-30 19:27:00.740
"37 km SW of Ashk?sham, Afghanistan",4.2,71.2024,36.4811,237.3,2018-09-29 15:05:19.190
"178 km SW of Port Blair, India",4.1,91.652,10.4733,10.0,2018-09-29 08:18:00.730
"286 km E of Leh, India",5.0,80.6903,34.2169,10.0,2018-09-27 21:13:19.900
"52 km ENE of Phek, India",4.2,95.0062,25.777,80.14,2018-09-27 13:35:47.410
"40 km SSW of Jurm, Afghanistan",4.2,70.6982,36.5168,182.8,2018-09-27 10:40:27.860
"49 km E of Farkh?r, Afghanistan",4.2,70.4068,36.535,211.97,2018-09-27 04:21:49.860
"26 km ESE of Chur?ch?ndpur, India",4.2,93.913,24.2458,57.72,2018-09-25 20:51:04.790
"29 km ESE of Go?lp?ra, India",4.4,90.8859,26.0547,10.0,2018-09-25 03:47:30.020
"55 km ENE of Bhag, Pakistan",4.0,68.3549,29.2238,10.0,2018-09-24 09:15:22.870
"34 km SE of Jurm, Afghanistan",4.4,71.1104,36.644,86.23,2018-09-24 06:52:26.620
"52 km N of Khand?d, Afghanistan",4.6,72.2617,37.4186,204.88,2018-09-23 15:05:06.600
"21 km E of Chunian, Pakistan",3.7,74.2076,30.9898,10.0,2018-09-23 05:45:32.000
"28 km WSW of Ashk?sham, Afghanistan",4.3,71.2504,36.5654,107.77,2018-09-19 18:54:59.690
"31 km SE of Jurm, Afghanistan",4.1,71.1295,36.704,247.04,2018-09-17 00:22:33.070
"42 km SSE of Khorugh, Tajikistan",4.5,71.8104,37.1672,167.24,2018-09-15 03:47:55.040
"180 km NW of Sabang, Indonesia",5.1,94.1798,7.0619,75.76,2018-09-14 07:51:24.640
"Southern Qinghai, China",4.2,92.2708,35.0343,10.0,2018-09-14 07:13:20.990
"34 km WSW of Ashk?sham, Afghanistan",4.5,71.2044,36.5216,230.14,2018-09-13 21:31:09.450
"5 km NE of Sapatgr?m, India",5.3,90.1611,26.3711,10.0,2018-09-12 04:50:46.570
"129 km NNE of Skardu, Pakistan",4.4,76.2811,36.3435,79.41,2018-09-11 23:45:09.170
"43 km SSE of Jurm, Afghanistan",4.6,71.0343,36.503,161.49,2018-09-11 16:34:47.840
"54 km NE of Kishtw?r, India",4.4,76.2087,33.6364,35.0,2018-09-11 12:05:41.830
"60 km SSE of Mawlaik, Myanmar",4.4,94.6759,23.1619,100.51,2018-09-10 16:57:40.410
"60 km S of Jurm, Afghanistan",4.2,70.7783,36.3196,95.99,2018-09-10 11:45:31.370
"7 km NE of Kheri S?mpla, India",3.6,76.8395,28.8193,10.0,2018-09-10 00:58:05.880
"13 km WSW of Bah?durgarh, India",4.6,76.8101,28.6531,10.0,2018-09-09 11:07:02.910
"29 km WSW of Ashk?sham, Afghanistan",4.3,71.2454,36.5521,232.94,2018-09-09 01:38:50.310
"60 km ENE of Pyay, Myanmar",4.5,95.7362,19.0589,10.0,2018-09-08 11:36:46.220
"36 km S of Jurm, Afghanistan",4.3,70.8128,36.5325,197.61,2018-09-07 06:09:31.470
"44 km SSE of Jurm, Afghanistan",4.1,71.0734,36.5136,97.11,2018-09-02 05:12:22.600
"132 km E of W?ngjing, India",4.6,95.3651,24.7558,149.33,2018-09-01 19:19:46.550
"27 km NNW of Baikunthpur, India",4.7,82.446,23.4903,10.0,2018-09-01 18:09:55.250
"10 km NNW of Kot Radha Kishan, Pakistan",3.9,74.046,31.2496,10.0,2018-09-01 12:21:07.290
"47 km S of Jurm, Afghanistan",4.3,70.7708,36.436,115.84,2018-08-31 19:56:47.670
"36 km S of Jurm, Afghanistan",4.2,70.8109,36.5337,194.01,2018-08-31 01:55:24.880
"25 km ESE of Khorugh, Tajikistan",4.3,71.7999,37.3787,116.99,2018-08-30 06:59:14.620
western Xizang,4.1,83.905,34.0721,10.0,2018-08-29 14:01:18.320
"Hindu Kush region, Afghanistan",4.1,68.3914,35.6415,77.85,2018-08-28 16:23:46.270
"6 km ENE of Gh?t?l, India",4.5,87.7938,22.6926,10.0,2018-08-28 13:03:27.670
"37 km S of Jurm, Afghanistan",4.2,70.8332,36.5302,195.8,2018-08-28 06:26:02.230
"55 km E of Khorugh, Tajikistan",4.3,72.1844,37.4838,192.05,2018-08-26 13:59:31.800
"52 km E of Khorugh, Tajikistan",4.1,72.1436,37.5038,184.26,2018-08-26 13:45:13.370
"166 km SW of Bamboo Flat, India",4.6,91.5787,10.7028,10.0,2018-08-24 12:18:07.220
"146 km WSW of Bamboo Flat, India",4.4,91.5782,10.9995,10.0,2018-08-24 11:29:32.600
"168 km SW of Port Blair, India",5.5,91.7115,10.5407,10.0,2018-08-24 10:49:27.510
"29 km ESE of Farkh?r, Afghanistan",4.3,70.1837,36.5167,215.69,2018-08-23 22:12:19.760
western Xizang,4.3,81.3792,34.432,10.0,2018-08-21 11:54:00.410
"38 km WSW of Dera Ghazi Khan, Pakistan",4.1,70.2681,29.9273,25.07,2018-08-20 21:24:06.930
"26 km SSW of Jurm, Afghanistan",4.4,70.6854,36.661,249.85,2018-08-20 15:52:54.250
western Xizang,4.8,88.8284,33.1511,26.62,2018-08-19 08:18:24.470
"72 km E of W?ngjing, India",4.5,94.7739,24.6758,85.0,2018-08-18 12:03:49.520
"36 km WNW of Nongstoin, India",3.8,90.9299,25.6357,10.0,2018-08-17 19:04:19.520
"52 km NE of Mawlaik, Myanmar",4.9,94.7501,23.9936,95.16,2018-08-16 11:55:19.410
"Nicobar Islands, India region",4.9,92.593,6.7561,21.5,2018-08-16 08:12:03.180
"73 km S of Thongwa, Myanmar",4.3,96.5102,16.0979,10.0,2018-08-16 06:50:11.860
"16 km SE of Ashkāsham, Afghanistan",4.1,71.4046,36.779,91.43,2018-08-15 10:05:45.560
"77 km NNE of Khand?d, Afghanistan",4.1,72.6704,37.5941,10.0,2018-08-14 11:48:41.280
"45 km NNW of Khand?d, Afghanistan",4.3,72.1503,37.3359,225.41,2018-08-14 10:10:48.150
"187 km N of Qamdo, China",4.1,97.3419,32.815,15.07,2018-08-14 03:11:01.620
"267 km NNE of Bamboo Flat, India",4.9,93.2233,14.0665,30.48,2018-08-13 16:07:11.430
"37 km NE of Ishqoshim, Tajikistan",4.7,71.8774,36.986,227.48,2018-08-12 21:26:53.050
"8 km SSW of Panbang, Bhutan",3.8,90.9506,26.7933,10.0,2018-08-11 10:04:15.100
"42 km SSE of Jurm, Afghanistan",4.5,70.9388,36.4902,115.77,2018-08-11 05:21:19.030
"32 km S of Jurm, Afghanistan",4.4,70.8707,36.575,206.51,2018-08-08 11:37:41.130
"109 km WSW of Bhamo, Myanmar",4.4,96.1862,24.005,10.0,2018-08-07 21:39:50.820
"206 km W of Qamdo, China",4.2,95.0118,31.1035,10.0,2018-08-07 21:29:53.000
"Nicobar Islands, India region",5.0,91.7686,7.4174,26.49,2018-08-06 04:35:50.040
"249 km SSE of Hotan, China",5.1,81.0371,35.0467,10.0,2018-08-04 04:04:10.210
"25 km NW of Shinpokh, Pakistan",4.0,70.9806,34.4885,35.0,2018-08-03 23:09:23.970
"38 km S of Jurm, Afghanistan",4.2,70.7626,36.5236,192.18,2018-08-03 03:04:16.130
"Southern Qinghai, China",5.2,92.1552,34.9356,18.74,2018-08-03 01:34:22.350
"44 km NNE of Jurm, Afghanistan",4.5,71.0786,37.2131,90.49,2018-08-03 00:28:46.710
"64 km SW of Wana, Pakistan",4.4,69.0094,31.9649,29.15,2018-08-02 03:06:04.000
"48 km WSW of Wana, Pakistan",4.5,69.0925,32.1295,47.17,2018-08-02 02:52:31.880
"173 km NW of Rikaze, China",5.2,87.6027,30.3493,10.0,2018-08-01 15:46:23.750
"185 km NW of Rikaze, China",4.3,87.4905,30.4062,10.0,2018-08-01 15:45:31.740
"82 km SE of Farkh?r, Afghanistan",4.1,70.5973,36.1351,107.39,2018-07-31 21:37:44.420
"44 km SW of Ashk?sham, Afghanistan",4.4,71.1918,36.3975,101.35,2018-07-31 10:48:25.640
"70 km SSW of Dêqên, China",4.0,90.341,29.4195,19.98,2018-07-30 21:23:29.290
"19 km SE of Hazro City, Pakistan",3.8,72.6627,33.8083,38.09,2018-07-30 18:37:54.710
"29 km SE of Jurm, Afghanistan",4.2,71.0916,36.7023,239.48,2018-07-28 08:56:32.320
"106 km SE of Phek, India",4.0,95.2068,24.9529,143.19,2018-07-28 00:49:16.440
"26 km SE of Khorugh, Tajikistan",4.1,71.7493,37.3096,124.23,2018-07-25 09:36:03.430
"21 km S of Taloqan, Afghanistan",4.2,69.5354,36.5459,182.7,2018-07-23 23:33:25.310
"31 km S of Jurm, Afghanistan",4.0,70.8419,36.5796,221.81,2018-07-23 13:24:45.240
"30 km SSE of Jurm, Afghanistan",4.3,70.9184,36.6021,193.5,2018-07-22 12:08:03.540
"44 km S of Jurm, Afghanistan",4.2,70.7941,36.4641,138.08,2018-07-21 21:28:43.340
"31 km N of Uri, India",4.2,73.9968,34.3623,43.84,2018-07-21 19:37:46.500
"23 km N of Uri, India",4.5,74.0789,34.2911,40.06,2018-07-21 09:19:36.900
"33 km ENE of Nahr?n, Afghanistan",4.8,69.4739,36.1883,122.75,2018-07-21 05:18:18.630
"255 km SSE of Hotan, China",4.6,80.996,34.9676,10.0,2018-07-21 00:40:35.810
"47 km SW of Ashk?sham, Afghanistan",4.0,71.1016,36.4421,110.26,2018-07-20 22:45:52.950
"18 km E of Farkh?r, Afghanistan",4.4,70.0669,36.5531,205.9,2018-07-19 02:51:45.710
"130 km SW of Bamboo Flat, India",4.6,91.8114,10.9238,10.0,2018-07-17 14:42:22.060
"8 km SSW of Sovet, Tajikistan",4.4,69.5454,37.9819,10.0,2018-07-16 15:33:48.790
"39 km S of Khorugh, Tajikistan",4.1,71.4676,37.1402,114.8,2018-07-14 03:13:42.060
"43 km WNW of Pyay, Myanmar",4.7,94.8278,18.9496,10.0,2018-07-13 12:07:58.470
"11 km W of Ashk?sham, Afghanistan",4.1,71.4015,36.6815,156.11,2018-07-13 11:29:33.720
"149 km SW of Mawlamyinegyunn, Myanmar",4.6,94.2819,15.4142,60.23,2018-07-12 02:40:13.590
"45 km NW of Rajanpur, Pakistan",4.4,69.9632,29.3546,17.38,2018-07-10 13:53:30.650
"155 km NNE of Bamboo Flat, India",4.5,93.4058,12.9343,79.64,2018-07-10 07:36:30.940
"30 km NE of Khorugh, Tajikistan",4.4,71.7545,37.7147,10.0,2018-07-08 11:34:41.170
"183 km NW of Sabang, Indonesia",4.7,94.3193,7.2201,10.31,2018-07-08 09:54:25.980
"189 km NW of Sabang, Indonesia",4.5,94.3279,7.2941,16.91,2018-07-08 09:04:19.470
"181 km NNW of Sabang, Indonesia",4.2,94.4288,7.2668,10.0,2018-07-08 07:19:47.890
"9 km N of Kotputli, India",3.6,76.207,27.7857,10.0,2018-07-08 04:13:25.170
"33 km SE of Jurm, Afghanistan",4.3,71.1302,36.6819,216.31,2018-07-07 19:11:41.800
"8 km SSW of Farkh?r, Afghanistan",4.6,69.8174,36.5051,28.55,2018-07-07 10:08:44.660
"299 km ENE of Burang, China",4.4,83.7746,31.8069,10.0,2018-07-07 03:14:27.690
"80 km NNW of P?r?n, Afghanistan",4.4,70.5977,36.0944,123.18,2018-07-07 02:54:36.370
"27 km SSE of Gilgit, Pakistan",4.3,74.4459,35.6915,83.27,2018-07-07 01:34:15.540
"20 km ENE of Khorugh, Tajikistan",4.4,71.7844,37.529,118.57,2018-07-06 09:56:17.740
"29 km SE of Jurm, Afghanistan",4.3,71.0229,36.6478,219.62,2018-07-06 00:21:39.530
"192 km WNW of Dawei, Myanmar",5.1,96.4672,14.5358,8.36,2018-07-04 20:34:51.770
"49 km SE of Port Blair, India",4.0,93.0558,11.3442,97.52,2018-07-04 17:54:56.190
"134 km SW of Mawlamyinegyunn, Myanmar",4.5,94.3396,15.5507,29.61,2018-07-04 11:08:16.000
"163 km N of Bamboo Flat, India",4.8,92.4982,13.1648,27.4,2018-07-04 07:12:49.940
"198 km NNE of Bamboo Flat, India",4.4,93.5947,13.276,74.65,2018-07-03 23:55:23.540
"91 km N of Qamdo, China",4.5,97.0786,30.3108,10.0,2018-07-02 03:24:43.280
"17 km S of Jurm, Afghanistan",4.2,70.8374,36.7107,267.07,2018-07-01 19:00:33.250
"97 km NE of Loikaw, Myanmar",4.6,97.9109,20.2592,10.0,2018-07-01 15:10:37.390
"13 km NW of Son?pat, India",4.5,76.9296,29.0928,10.0,2018-07-01 10:07:02.900
"23 km SE of Jurm, Afghanistan",4.4,71.0094,36.7028,228.18,2018-06-30 08:47:41.880
"262 km N of Bamboo Flat, India",4.4,92.8391,14.0705,27.05,2018-06-28 19:03:21.900
"45 km ENE of Bharatpur, Nepal",4.8,84.8272,27.8919,10.0,2018-06-28 04:07:47.290
"182 km NW of Rikaze, China",4.2,87.5273,30.3943,10.0,2018-06-28 00:30:53.070
"47 km WNW of Pyay, Myanmar",4.4,94.7924,18.9526,10.0,2018-06-27 22:46:05.910
"9 km N of Nay Pyi Taw, Myanmar",4.7,96.1403,19.8314,10.0,2018-06-27 13:02:31.370
"24 km SE of Khorugh, Tajikistan",4.2,71.7208,37.3155,121.45,2018-06-26 18:48:49.330
"15 km NW of Monywa, Myanmar",4.6,95.0342,22.2092,21.81,2018-06-26 00:02:16.460
"34 km NNE of B?z?rak, Afghanistan",4.1,69.7237,35.572,102.21,2018-06-24 19:13:39.110
"17 km SE of Farkh?r, Afghanistan",4.4,70.004,36.465,229.59,2018-06-24 18:35:32.910
"46 km E of Mawlaik, Myanmar",4.3,94.856,23.7162,121.13,2018-06-24 11:07:47.100
"52 km SW of Jurm, Afghanistan",4.3,70.4699,36.4883,203.94,2018-06-24 00:45:47.090
"30 km SSE of Jurm, Afghanistan",4.3,70.9919,36.6162,210.84,2018-06-23 08:31:12.720
"36 km SW of Ashk?sham, Afghanistan",4.3,71.2123,36.4874,235.68,2018-06-22 17:55:42.710
"184 km NNW of Sabang, Indonesia",4.9,94.45,7.3158,10.0,2018-06-21 20:29:19.560
"49 km SSE of Chur?ch?ndpur, India",4.6,93.8741,23.927,59.13,2018-06-21 03:31:23.360
"28 km W of Ashk?sham, Afghanistan",4.0,71.2179,36.7325,184.68,2018-06-21 03:27:41.590
"167 km SSE of Port Blair, India",4.5,93.0909,10.1921,70.72,2018-06-20 19:04:15.790
"31 km E of W?ngjing, India",4.5,94.3727,24.6071,67.38,2018-06-20 07:44:26.920
"29 km NNW of Il?m, Nepal",4.4,87.8133,27.1508,52.91,2018-06-20 04:15:26.410
"17 km E of Dhankut?, Nepal",4.4,87.505,26.9633,38.3,2018-06-20 04:08:59.880
"96 km SE of Hakha, Myanmar",4.4,94.1549,21.9403,85.51,2018-06-19 11:06:26.010
"167 km SSW of Zangguy, China",4.6,78.3541,35.8144,10.0,2018-06-18 23:45:02.270
"42 km SSE of Syriam, Myanmar",4.3,96.3406,16.3992,68.13,2018-06-18 13:56:48.180
"11 km SSW of Mangan, India",4.4,88.4739,27.4201,49.76,2018-06-17 15:07:37.130
"41 km W of Dera Ghazi Khan, Pakistan",5.1,70.2093,30.0772,10.0,2018-06-17 14:21:28.910
"33 km WSW of Pyu, Myanmar",4.6,96.1535,18.3467,10.0,2018-06-17 13:42:35.690
"45 km WSW of Pyu, Myanmar",5.0,96.0703,18.2751,10.0,2018-06-17 13:21:30.230
"47 km E of Farkh?r, Afghanistan",4.5,70.3797,36.5256,168.61,2018-06-14 16:57:30.630
"36 km S of Khorugh, Tajikistan",4.4,71.4881,37.167,107.34,2018-06-14 13:28:24.760
"22 km E of Chamba, India",4.5,76.3615,32.5602,10.0,2018-06-14 10:15:49.470
"17 km WSW of Ashk?sham, Afghanistan",4.3,71.3574,36.605,96.37,2018-06-14 01:46:17.520
"9 km NE of Barkot, India",4.4,78.2815,30.8612,10.0,2018-06-14 00:42:07.560
"67 km S of Jurm, Afghanistan",4.2,70.9416,36.2611,125.49,2018-06-13 04:51:25.450
"36 km WNW of Sarupathar, India",4.2,96.4714,26.3289,116.86,2018-06-12 13:08:45.390
"45 km SW of Ashk?sham, Afghanistan",4.4,71.1666,36.3973,119.27,2018-06-11 22:34:50.260
"18 km NE of Rah?, India",4.9,92.6686,26.3263,47.34,2018-06-11 04:53:50.390
"206 km N of Bamboo Flat, India",4.5,92.9769,13.5505,22.79,2018-06-10 22:38:27.380
"40 km SW of Ashk?sham, Afghanistan",4.2,71.1663,36.4689,235.14,2018-06-08 17:26:04.240
Xizang-Qinghai border region,4.2,89.3233,34.0033,10.0,2018-06-08 12:45:05.030
"43 km E of Leh, India",4.4,78.0514,34.2276,10.0,2018-06-07 06:51:17.700
"170 km SSW of Zangguy, China",5.0,78.3493,35.7873,23.01,2018-06-06 18:15:52.060
"12 km ENE of B?z?rak, Afghanistan",4.1,69.6349,35.3615,103.28,2018-06-06 18:05:14.530
"45 km E of Uttark?shi, India",4.5,78.9228,30.7553,10.0,2018-06-06 17:41:24.020
"159 km SW of Shache, China",4.3,75.7516,37.595,54.71,2018-06-06 14:51:07.320
"27 km SSE of Jurm, Afghanistan",4.1,70.9685,36.6385,202.09,2018-06-06 08:31:28.580
"25 km NNE of Mawlaik, Myanmar",4.7,94.4873,23.8585,82.01,2018-06-05 23:12:32.290
"104 km E of W?ngjing, India",4.8,95.1002,24.5969,110.91,2018-06-05 16:33:54.700
"64 km NW of Jumla, Nepal",4.7,81.6777,29.6464,10.0,2018-06-05 01:34:36.810
"107 km SSE of Hayuliang, India",4.9,96.9851,27.1823,38.89,2018-06-02 05:46:07.210
"46 km SSW of Jurm, Afghanistan",4.1,70.6684,36.4646,200.44,2018-06-01 16:12:54.450
"45 km SSE of Jurm, Afghanistan",4.4,70.9889,36.4765,130.16,2018-06-01 01:55:36.790
"42 km ESE of Sibi, Pakistan",4.0,68.2701,29.3688,10.0,2018-05-31 20:14:20.630
"36 km SSE of Dera Bugti, Pakistan",4.7,69.3073,28.7329,16.64,2018-05-31 13:42:34.820
"36 km S of Jurm, Afghanistan",4.3,70.8913,36.536,194.44,2018-05-30 13:30:44.930
"41 km ESE of Farkh?r, Afghanistan",4.1,70.2964,36.4564,205.3,2018-05-29 18:25:41.880
"17 km NE of Zargh?n Shahr, Afghanistan",4.6,68.5616,32.9691,39.96,2018-05-28 19:19:42.540
"54 km SSE of Mawlaik, Myanmar",4.5,94.6164,23.1945,107.26,2018-05-28 05:43:17.010
"248 km SSE of Port Blair, India",5.2,93.4269,9.5212,88.88,2018-05-28 02:00:00.470
"73 km SSE of Mawlaik, Myanmar",4.5,94.5796,22.9983,96.35,2018-05-26 23:42:23.670
"29 km SSW of Bok?kh?t, India",4.0,93.5059,26.3926,49.17,2018-05-25 20:25:46.260
"130 km SE of Port Blair, India",4.7,93.6517,10.8902,140.2,2018-05-25 17:41:54.090
"20 km NW of Mokokch?ng, India",4.4,94.3715,26.4604,59.43,2018-05-25 12:43:55.610
"55 km SSW of Jurm, Afghanistan",4.2,70.6393,36.3921,150.02,2018-05-25 00:46:36.380
western Xizang,4.2,89.2958,33.9885,10.0,2018-05-24 13:55:26.250
"28 km SSW of Jurm, Afghanistan",4.2,70.7638,36.6123,242.1,2018-05-24 11:12:57.500
"43 km NNW of Ishqoshim, Tajikistan",4.2,71.3439,37.0567,108.43,2018-05-23 23:49:36.510
"285 km W of Myeik, Myanmar",4.7,95.9839,12.2515,10.0,2018-05-22 11:46:55.690
"69 km ENE of Sar?han, India",4.5,78.4799,31.7412,10.0,2018-05-21 10:51:02.750
"31 km SW of Ashk?sham, Afghanistan",4.2,71.2761,36.4895,113.85,2018-05-15 06:18:13.430
"263 km NW of Sabang, Indonesia",5.0,93.6093,7.5491,71.38,2018-05-13 18:46:07.260
"262 km NW of Sabang, Indonesia",5.1,93.6163,7.5435,45.23,2018-05-13 18:20:56.980
"81 km NE of Lobujya, Nepal",4.4,87.421,28.4517,4.66,2018-05-10 20:01:51.640
"38 km SSE of Jurm, Afghanistan",5.0,71.0575,36.5631,199.4,2018-05-10 14:08:36.740
"36 km NW of Ishqoshim, Tajikistan",6.2,71.3822,36.9942,116.0,2018-05-09 10:41:45.910
"18 km NNW of Bannu, Pakistan",5.4,70.5177,33.1351,19.35,2018-05-09 03:23:26.710
"19 km NE of Zargh?n Shahr, Afghanistan",4.8,68.5817,32.975,39.5,2018-05-08 18:17:55.720
"61 km ENE of Lobujya, Nepal",4.0,87.4282,28.0604,32.61,2018-05-08 13:07:39.950
"68 km NNE of B?z?rak, Afghanistan",4.1,69.8876,35.8489,143.96,2018-05-08 10:42:51.040
"18 km SSE of Khorugh, Tajikistan",4.2,71.594,37.3301,107.33,2018-05-07 14:01:01.130
"228 km NW of Nagqu, China",4.2,90.5869,33.1142,35.0,2018-05-07 05:54:54.320
"43 km E of Khorugh, Tajikistan",4.4,72.0417,37.4236,154.23,2018-05-06 16:13:40.650
"130 km WNW of Bhamo, Myanmar",4.6,96.0213,24.6396,40.78,2018-05-06 13:37:26.520
"Southern Qinghai, China",5.0,96.5154,34.5599,18.25,2018-05-06 09:23:38.970
"35 km N of Chamba, India",4.1,76.1241,32.8791,41.61,2018-05-06 07:46:55.300
"16 km SSW of Khorugh, Tajikistan",5.1,71.467,37.3578,89.53,2018-05-06 00:01:13.180
western Xizang,4.1,88.8918,35.9577,10.0,2018-05-05 19:56:31.930
"55 km SE of Farkh?r, Afghanistan",4.1,70.3444,36.2674,166.5,2018-05-05 18:32:25.640
"Nicobar Islands, India region",4.4,94.0233,8.5569,72.33,2018-05-05 17:50:39.760
"Southern Qinghai, China",4.7,96.5238,34.5942,10.0,2018-05-04 16:37:45.270
"Southern Qinghai, China",4.2,96.7357,34.5309,15.19,2018-05-03 02:47:24.490
"25 km N of Ishqoshim, Tajikistan",4.5,71.5641,36.947,99.32,2018-05-02 22:56:09.280
"30 km S of Ashk?sham, Afghanistan",4.0,71.5256,36.4125,85.79,2018-05-01 18:51:50.610
"45 km NW of Chauk, Myanmar",4.5,94.4582,21.1341,90.5,2018-04-29 17:58:57.320
"63 km S of Jurm, Afghanistan",4.1,70.7453,36.2959,119.43,2018-04-29 15:36:21.730
"52 km SW of Ashk?sham, Afghanistan",5.3,71.1715,36.3125,88.42,2018-04-28 15:14:20.430
"48 km SSE of Chur?ch?ndpur, India",4.4,93.854,23.9282,61.81,2018-04-27 10:46:56.800
"43 km SW of Monywa, Myanmar",4.3,94.8346,21.8318,124.72,2018-04-27 03:18:43.660
"34 km ESE of Khorugh, Tajikistan",4.2,71.9125,37.3584,145.03,2018-04-26 21:33:46.280
"Nicobar Islands, India region",4.3,92.2936,7.2912,10.0,2018-04-26 18:47:36.090
"55 km E of Khorugh, Tajikistan",4.1,72.1843,37.5163,189.27,2018-04-26 01:08:24.470
"20 km SW of Jurm, Afghanistan",4.9,70.6957,36.7206,260.98,2018-04-24 15:52:04.990
"34 km WSW of Pyu, Myanmar",5.1,96.1394,18.3623,10.0,2018-04-24 12:23:34.070
"78 km SSE of Mawlaik, Myanmar",5.1,94.6137,22.9621,106.27,2018-04-24 04:08:35.700
"111 km SE of Port Blair, India",4.4,93.5682,11.0716,97.56,2018-04-24 01:15:43.610
"168 km NNW of Bamboo Flat, India",4.9,92.3513,13.1779,26.74,2018-04-23 18:01:26.520
"18 km ENE of Karak, Pakistan",4.3,71.2581,33.2068,37.54,2018-04-23 00:18:52.520
"49 km WSW of Pyu, Myanmar",4.9,96.0331,18.2489,10.0,2018-04-22 18:31:43.620
"56 km SSW of Jurm, Afghanistan",4.1,70.5689,36.3981,137.32,2018-04-22 15:19:11.420
"35 km NE of Nahr?n, Afghanistan",4.3,69.4469,36.2614,114.75,2018-04-22 13:36:05.270
"38 km WSW of Pyu, Myanmar",4.7,96.0939,18.3529,10.0,2018-04-21 22:41:11.370
"34 km WSW of Pyu, Myanmar",5.0,96.1596,18.3221,17.07,2018-04-20 22:29:24.470
"43 km SSE of Khorugh, Tajikistan",4.4,71.7961,37.1518,140.36,2018-04-20 11:40:03.560
"110 km ESE of Phek, India",4.3,95.4783,25.2066,147.11,2018-04-20 08:28:01.480
"31 km WSW of Pyu, Myanmar",4.9,96.1628,18.3668,10.0,2018-04-20 04:16:01.950
"111 km NE of Josh?math, India",4.0,80.4048,31.2589,29.83,2018-04-19 22:52:37.900
"12 km WNW of Twante, Myanmar",4.2,95.8304,16.7728,10.0,2018-04-18 07:55:36.390
"103 km NNE of Khand?d, Afghanistan",4.2,72.6685,37.8449,160.57,2018-04-18 01:27:51.580
"24 km SW of Ashk?sham, Afghanistan",4.2,71.3136,36.5531,120.66,2018-04-17 19:51:45.330
"Nicobar Islands, India region",4.4,92.0916,6.882,10.0,2018-04-16 06:07:57.040
"16 km SE of Pyapon, Myanmar",4.1,95.7911,16.1878,10.0,2018-04-14 22:27:32.520
"40 km SE of Khorugh, Tajikistan",4.4,71.9112,37.264,94.19,2018-04-14 12:46:41.130
"135 km NNW of Burang, China",4.1,80.6072,31.4116,10.0,2018-04-12 19:51:49.610
"28 km WSW of Ashk?sham, Afghanistan",4.1,71.2551,36.5572,230.47,2018-04-11 00:59:46.670
"14 km WSW of Singrauli, India",4.6,82.5522,24.1313,10.0,2018-04-10 14:14:20.670
"14 km SSE of Kahuta, Pakistan",3.6,73.455,33.4769,32.94,2018-04-10 11:47:02.780
"54 km WSW of Pyu, Myanmar",4.3,95.9845,18.2522,37.49,2018-04-10 03:17:51.080
"19 km SW of Ashk?sham, Afghanistan",4.3,71.3885,36.5462,107.45,2018-04-10 02:46:56.730
"243 km N of Bamboo Flat, India",4.0,92.8286,13.8976,28.81,2018-04-09 23:11:38.070
"44 km SSW of Khorugh, Tajikistan",4.2,71.3092,37.135,102.81,2018-04-09 00:35:19.490
"38 km E of Shwebo, Myanmar",4.5,96.0753,22.6019,10.0,2018-04-08 17:40:09.280
"38 km SW of Ashk?sham, Afghanistan",4.2,71.1873,36.4765,105.88,2018-04-08 06:01:18.060
"48 km N of Khand?d, Afghanistan",4.4,72.2249,37.3774,225.37,2018-04-07 14:41:57.940
"13 km SE of Farkh?r, Afghanistan",4.2,69.9782,36.5063,231.35,2018-04-07 11:25:44.440
"34 km SSW of Farkh?r, Afghanistan",4.3,69.7116,36.2876,134.65,2018-04-05 20:59:12.880
"123 km SE of Phek, India",4.6,95.3185,24.8388,126.84,2018-04-04 15:21:23.500
"57 km E of Khorugh, Tajikistan",4.2,72.1992,37.5077,191.24,2018-04-04 02:35:41.890
"163 km NNE of Shi Yomi, India",4.1,95.0012,29.8972,25.59,2018-04-03 16:59:30.030
"28 km SSE of Farkh?r, Afghanistan",4.6,70.013,36.3456,134.98,2018-04-03 01:36:14.400
"34 km SE of Khorugh, Tajikistan",4.1,71.8571,37.3024,149.53,2018-04-02 15:00:19.030
"30 km NNE of Sarupathar, India",4.9,96.9676,26.4448,10.0,2018-04-02 11:42:10.860
"27 km S of Jurm, Afghanistan",4.2,70.8641,36.6155,217.93,2018-03-31 19:35:50.640
"233 km NW of Nagqu, China",4.1,90.4011,33.0398,10.0,2018-03-31 09:26:33.560
"40 km SSW of Saiha, India",4.1,92.8036,22.1644,32.09,2018-03-30 22:33:27.350
"44 km SW of Ashk?sham, Afghanistan",5.0,71.1277,36.4561,237.94,2018-03-30 18:45:16.630
"33 km ESE of Khorugh, Tajikistan",4.1,71.9012,37.3659,146.97,2018-03-30 14:53:43.400
"47 km WSW of Ashk?sham, Afghanistan",4.2,71.0765,36.4721,134.94,2018-03-30 12:52:56.560
"36 km SSE of Jurm, Afghanistan",4.0,70.9196,36.5467,195.7,2018-03-29 18:22:52.770
"Nicobar Islands, India region",4.1,92.411,6.4627,10.0,2018-03-28 23:58:28.800
"17 km SE of Bhach?u, India",4.2,70.4448,23.1716,10.0,2018-03-28 22:33:05.980
"46 km SSW of Jurm, Afghanistan",5.0,70.6687,36.4652,200.25,2018-03-24 22:17:50.050
"51 km SW of Monywa, Myanmar",4.2,94.7798,21.7838,118.82,2018-03-24 18:41:29.000
"15 km SSW of Goshaingaon, India",4.0,89.9018,26.3137,10.0,2018-03-21 22:58:23.210
western Xizang,4.4,83.6076,32.4758,32.75,2018-03-20 21:23:18.270
"168 km NW of Sabang, Indonesia",4.3,94.1418,6.8585,89.75,2018-03-19 21:53:30.180
"32 km WSW of Pyu, Myanmar",5.1,96.151,18.3849,19.05,2018-03-17 19:59:03.880
"148 km NE of Bamboo Flat, India",4.3,93.7551,12.5671,109.07,2018-03-16 19:58:33.840
"54 km WNW of Bamboo Flat, India",4.3,92.2633,11.9132,42.36,2018-03-15 17:07:05.630
"31 km E of Mawlaik, Myanmar",4.3,94.7092,23.6264,107.24,2018-03-15 16:58:20.600
"36 km E of Bhadarw?h, India",4.5,76.0989,33.0311,39.8,2018-03-15 14:53:24.170
"14 km NW of Chur?ch?ndpur, India",4.5,93.5687,24.4242,55.55,2018-03-15 02:26:05.630
"34 km SW of Khorugh, Tajikistan",4.1,71.329,37.2333,92.4,2018-03-10 20:53:54.150
"58 km NE of Skardu, Pakistan",4.4,76.0464,35.7059,10.0,2018-03-10 03:21:25.760
"27 km SE of Sibi, Pakistan",4.3,68.1062,29.3893,22.45,2018-03-09 19:14:51.280
"63 km E of Khorugh, Tajikistan",4.0,72.2659,37.5229,189.06,2018-03-09 06:31:55.540
"44 km NW of Khand?d, Afghanistan",4.0,71.967,37.2357,168.55,2018-03-08 15:32:29.560
"35 km WNW of Khorugh, Tajikistan",4.4,71.8858,37.3166,206.36,2018-03-08 04:00:16.070
"22 km WNW of Nay Pyi Taw, Myanmar",4.8,95.9379,19.8317,10.0,2018-03-07 21:13:08.040
"6 km E of Im?m ???ib, Afghanistan",4.6,69.0047,37.1969,21.28,2018-03-06 11:57:16.390
"172 km NW of Sabang, Indonesia",5.1,94.1757,6.9478,71.56,2018-03-06 04:40:05.040
"243 km N of Bamboo Flat, India",4.1,92.8633,13.9008,29.63,2018-03-06 03:06:51.920
"30 km WSW of Pyu, Myanmar",4.9,96.1598,18.4234,10.0,2018-03-04 10:48:10.180
"44 km S of Jurm, Afghanistan",4.1,70.7926,36.4649,146.87,2018-03-03 21:27:06.350
"172 km NW of Rikaze, China",4.9,87.6339,30.362,11.41,2018-03-01 17:27:17.180
"35 km E of Farkh?r, Afghanistan",4.2,70.2522,36.5195,214.69,2018-02-28 19:20:22.690
"98 km NE of Khand?d, Afghanistan",4.5,73.0725,37.5996,22.45,2018-02-28 16:45:58.980
"187 km NW of Rikaze, China",4.0,87.3792,30.3194,10.0,2018-02-28 10:35:16.460
"60 km N of P?r?n, Afghanistan",4.1,70.9059,35.9619,93.56,2018-02-22 03:36:25.050
"19 km NW of Ashk?sham, Afghanistan",4.2,71.3518,36.7869,186.2,2018-02-21 15:10:18.180
"34 km SW of Ashk?sham, Afghanistan",4.7,71.2229,36.4994,205.8,2018-02-21 09:29:52.390
"28 km WSW of Hakha, Myanmar",4.3,93.3372,22.5842,37.69,2018-02-20 08:12:13.350
"49 km E of Farkh?r, Afghanistan",4.2,70.4146,36.5565,188.39,2018-02-19 15:24:00.920
Myanmar-India border region,4.1,94.3633,24.5258,49.3,2018-02-18 20:33:29.390
"294 km NNW of Sabang, Indonesia",4.4,93.9965,8.2077,32.77,2018-02-15 21:01:22.340
"253 km SE of Hotan, China",4.7,82.2307,35.7797,33.68,2018-02-15 10:17:27.690
"31 km SW of Ashk?sham, Afghanistan",4.2,71.3367,36.4507,106.16,2018-02-15 07:13:25.800
"103 km ENE of Hayuliang, India",4.2,97.5473,28.3621,15.08,2018-02-15 03:28:07.070
western Xizang,4.7,86.9413,34.8817,10.0,2018-02-14 23:58:53.690
"108 km WSW of Murghob, Tajikistan",4.4,72.7523,37.9678,133.16,2018-02-14 12:32:53.850
"11 km SE of Pyay, Myanmar",4.7,95.3043,18.751,85.22,2018-02-14 07:14:01.980
"northern Qinghai, China",4.5,96.8178,36.9638,10.0,2018-02-13 09:32:04.080
"86 km NE of Bamboo Flat, India",5.2,93.1579,12.3508,57.51,2018-02-13 02:39:51.940
"27 km NNW of Ishqoshim, Tajikistan",4.4,71.5269,36.9673,38.3,2018-02-12 07:41:04.870
"191 km NW of Rikaze, China",4.2,87.4907,30.4816,12.07,2018-02-11 13:12:25.570
"252 km WNW of Nagqu, China",4.2,89.6565,32.4809,35.0,2018-02-09 22:17:47.570
"38 km SW of Pyu, Myanmar",4.3,96.1961,18.2178,20.86,2018-02-09 18:04:25.560
"99 km W of Myanaung, Myanmar",4.4,94.3767,18.2361,43.31,2018-02-09 04:41:45.170
"199 km NE of Nagqu, China",4.8,93.3826,32.8745,10.0,2018-02-08 20:58:48.310
"162 km NW of Rikaze, China",4.2,87.8193,30.3854,10.0,2018-02-08 20:56:30.090
"45 km SW of Pyu, Myanmar",4.1,96.1481,18.1755,10.0,2018-02-07 16:38:01.640
"42 km WSW of Jurm, Afghanistan",4.0,70.407,36.7045,266.29,2018-02-06 21:48:41.960
"61 km ENE of Khorugh, Tajikistan",4.0,72.1353,37.7859,126.93,2018-02-06 19:34:34.060
"31 km SW of Pyu, Myanmar",4.6,96.234,18.2777,10.0,2018-02-05 16:55:35.100
"77 km ESE of Pyapon, Myanmar",4.2,96.3651,16.0664,10.0,2018-02-04 08:41:59.420
"38 km ESE of Farkh?r, Afghanistan",4.0,70.273,36.4981,212.38,2018-01-31 11:01:39.060
"37 km S of Jurm, Afghanistan",6.2,70.8507,36.5261,193.73,2018-01-31 07:07:00.290
"17 km NW of Sirajganj, Bangladesh",4.4,89.5825,24.5706,16.25,2018-01-30 14:15:16.300
"36 km SSW of Ashk?sham, Afghanistan",4.2,71.3159,36.4066,103.61,2018-01-28 15:54:25.460
"55 km SE of Farkh?r, Afghanistan",4.0,70.2259,36.1753,123.25,2018-01-27 17:19:14.950
"47 km S of Farkh?r, Afghanistan",4.4,69.9594,36.1552,109.04,2018-01-26 11:18:17.940
western Xizang,4.0,83.1998,33.1624,10.0,2018-01-25 20:42:57.370
"Nicobar Islands, India region",5.3,91.8589,8.3429,10.0,2018-01-25 03:48:28.730
"Nicobar Islands, India region",5.8,91.7665,8.2527,10.0,2018-01-25 01:15:58.290
"30 km E of Sho‘rchi, Uzbekistan",4.2,68.1288,37.9815,24.22,2018-01-24 22:21:46.410
"82 km E of Falam, Myanmar",4.6,94.4713,22.8042,105.17,2018-01-24 19:21:38.390
"Andaman Islands, India region",4.3,92.6095,14.6681,10.0,2018-01-24 11:01:46.430
"44 km WSW of Pyu, Myanmar",4.7,96.0706,18.2864,10.0,2018-01-22 07:37:59.270
"68 km WNW of Zangguy, China",4.1,78.0965,37.5988,38.46,2018-01-22 00:25:38.360
"46 km NE of Mawlaik, Myanmar",4.2,94.6915,23.9745,86.78,2018-01-20 10:06:47.390
"33 km S of Jurm, Afghanistan",4.2,70.8532,36.5588,187.52,2018-01-20 01:55:07.400
"6 km ENE of Golakganj, India",4.5,89.8746,26.1323,11.47,2018-01-20 01:14:27.260
"166 km N of Thang, India",4.1,76.9152,36.4289,10.0,2018-01-19 14:41:17.890
"18 km ENE of Khorugh, Tajikistan",4.2,71.751,37.5284,133.71,2018-01-19 00:20:25.280
"72 km SE of Phek, India",4.5,95.0332,25.2304,83.69,2018-01-18 02:03:30.260
"62 km SW of Ashk?sham, Afghanistan",4.2,71.0571,36.2698,102.37,2018-01-17 19:52:53.050
"36 km W of Pyu, Myanmar",4.5,96.0954,18.4364,10.0,2018-01-17 07:43:28.090
"30 km WNW of Khand?d, Afghanistan",4.0,72.006,37.0691,166.14,2018-01-17 07:34:44.840
western Xizang,5.1,86.9597,34.99,10.0,2018-01-17 01:25:18.830
"31 km W of Ashk?sham, Afghanistan",4.2,71.1805,36.6893,218.13,2018-01-16 15:21:25.970
"88 km E of W?ngjing, India",4.0,94.9415,24.5799,101.42,2018-01-16 11:23:02.330
"40 km WSW of Pyu, Myanmar",4.7,96.0978,18.3202,10.0,2018-01-14 17:49:55.250
"61 km NNW of Bamboo Flat, India",4.7,92.4336,12.1779,32.95,2018-01-14 15:48:09.590
"46 km SSW of Jurm, Afghanistan",5.3,70.7313,36.4525,199.53,2018-01-14 09:19:29.720
"24 km NW of Ashk?sham, Afghanistan",4.2,71.3704,36.8608,99.27,2018-01-14 02:45:40.440
"38 km WSW of Pyu, Myanmar",4.6,96.0922,18.3725,10.0,2018-01-13 23:29:46.500
"23 km W of Pyu, Myanmar",4.4,96.215,18.4992,10.0,2018-01-13 13:51:14.760
"10 km S of Twante, Myanmar",3.8,95.9378,16.618,10.0,2018-01-13 08:19:47.450
"19 km WSW of Pyu, Myanmar",4.9,96.2827,18.3926,10.0,2018-01-12 15:23:55.420
"112 km SE of Phek, India",4.3,95.2518,24.9159,128.71,2018-01-12 07:29:48.870
"41 km WSW of Pyu, Myanmar",4.4,96.0774,18.3426,10.0,2018-01-12 04:16:03.750
"44 km WSW of Pyu, Myanmar",4.3,96.0561,18.3199,10.0,2018-01-11 22:30:43.260
"34 km W of Pyu, Myanmar",4.6,96.1126,18.5356,10.0,2018-01-11 20:08:41.120
"46 km WSW of Pyu, Myanmar",4.7,96.0162,18.348,10.0,2018-01-11 18:55:04.840
"33 km W of Pyu, Myanmar",4.6,96.1265,18.4286,10.0,2018-01-11 18:53:05.320
"39 km W of Pyu, Myanmar",4.9,96.0697,18.4183,10.0,2018-01-11 18:43:59.650
"28 km W of Pyu, Myanmar",5.2,96.1686,18.4505,10.0,2018-01-11 18:42:59.510
"39 km WSW of Pyu, Myanmar",4.9,96.1079,18.3156,10.0,2018-01-11 18:38:11.980
"48 km E of Paungde, Myanmar",5.2,95.9558,18.4229,10.0,2018-01-11 18:28:38.430
"40 km WSW of Pyu, Myanmar",6.0,96.0717,18.3719,9.0,2018-01-11 18:26:24.240
"44 km WSW of Ashk?sham, Afghanistan",4.0,71.118,36.4639,106.95,2018-01-08 21:55:20.580
"48 km S of Jurm, Afghanistan",4.1,70.8745,36.4313,153.73,2018-01-08 09:43:09.760
"86 km E of W?ngjing, India",5.6,94.9055,24.7382,33.0,2018-01-07 06:47:15.780
"106 km NNW of Pathein, Myanmar",4.1,94.4005,17.6825,36.26,2018-01-06 22:56:57.290
"64 km WNW of Zangguy, China",4.0,78.0899,37.5062,10.0,2018-01-06 19:55:15.450
"98 km N of Sabang, Indonesia",4.7,95.2613,6.7749,214.8,2018-01-04 19:57:33.330
"108 km WSW of Myitkyina, Myanmar",4.4,96.4161,24.9808,61.11,2018-01-04 15:00:40.390
"84 km SSW of Qamdo, China",4.5,96.9096,30.408,10.0,2018-01-03 17:28:36.690
"23 km SSE of Khorugh, Tajikistan",4.2,71.6274,37.2882,115.04,2018-01-02 21:42:49.290
"Nicobar Islands, India region",4.9,92.1669,7.1265,29.62,2018-01-02 20:47:43.780
"45 km E of Farkh?r, Afghanistan",4.5,70.3663,36.522,198.92,2018-01-02 00:09:46.830
"43 km ENE of Jurm, Afghanistan",4.5,71.2586,37.0641,97.15,2018-01-01 05:40:17.360
"77 km N of Khand?d, Afghanistan",4.2,72.4779,37.6336,201.07,2018-01-01 02:16:06.080
western Xizang,4.5,87.0347,34.0591,15.81,2017-12-31 16:02:59.920
"49 km NNW of Khand?d, Afghanistan",4.1,72.1195,37.3692,217.06,2017-12-31 08:37:59.660
"66 km ESE of Khonsa, India",4.7,96.1232,26.6901,76.88,2017-12-29 16:19:14.310
"33 km W of Ashk?sham, Afghanistan",4.5,71.1595,36.6583,221.4,2017-12-29 14:59:53.340
"Nicobar Islands, India region",5.1,92.415,8.4361,17.07,2017-12-29 11:29:37.610
"7 km SE of Taloqan, Afghanistan",4.1,69.5903,36.69,275.76,2017-12-29 00:06:02.740
"75 km W of Monywa, Myanmar",5.0,94.4044,22.0556,85.37,2017-12-28 20:23:34.350
"107 km NW of Bhamo, Myanmar",4.2,96.4579,24.914,55.03,2017-12-27 18:12:31.130
"23 km S of Danghara, Tajikistan",4.5,69.3446,37.886,7.3,2017-12-26 19:36:54.830
"34 km SSE of Jurm, Afghanistan",4.8,70.9416,36.562,172.9,2017-12-26 08:08:20.830
"26 km NW of Uri, India",4.2,73.8406,34.2442,10.0,2017-12-25 23:51:21.620
"34 km S of Jurm, Afghanistan",4.6,70.8351,36.5496,165.81,2017-12-24 15:42:39.570
"55 km SE of Farkh?r, Afghanistan",4.4,70.2604,36.1879,112.44,2017-12-24 14:20:56.910
"99 km WSW of Myitkyina, Myanmar",4.2,96.4527,25.107,10.0,2017-12-23 20:42:01.700
"36 km SE of Mawlaik, Myanmar",4.6,94.6812,23.4302,111.27,2017-12-23 15:45:00.470
"182 km S of Port Blair, India",4.8,93.0186,10.0394,33.89,2017-12-22 15:58:49.710
"30 km NNW of Ashk?sham, Afghanistan",4.1,71.3717,36.9242,107.08,2017-12-22 10:16:53.560
"48 km SSW of Jurm, Afghanistan",4.1,70.6489,36.4581,207.97,2017-12-21 17:58:10.570
"41 km SSE of Jurm, Afghanistan",4.4,71.0616,36.5424,150.67,2017-12-21 07:28:36.600
"173 km NNE of Shi Yomi, India",5.1,95.0865,29.964,27.66,2017-12-19 17:40:55.590
"228 km SSE of Port Blair, India",4.9,93.5468,9.7595,15.89,2017-12-19 13:23:32.100
"33 km E of Farkh?r, Afghanistan",4.0,70.2201,36.5167,214.35,2017-12-18 00:27:41.960
western Xizang,4.1,83.3414,34.2946,15.22,2017-12-18 00:20:03.890
"30 km WSW of Ashk?sham, Afghanistan",4.3,71.2215,36.5822,227.13,2017-12-17 23:11:40.370
"46 km SW of Ashk?sham, Afghanistan",4.4,71.2048,36.3625,118.56,2017-12-17 21:14:34.570
"36 km WNW of Dhem?ji, India",4.6,94.2556,27.6391,15.94,2017-12-17 06:20:41.840
"20 km NE of Farkh?r, Afghanistan",4.3,70.0173,36.7063,36.92,2017-12-15 01:11:02.900
"32 km S of Jurm, Afghanistan",4.5,70.8715,36.5741,204.78,2017-12-14 23:48:35.210
"9 km S of K?lob, Tajikistan",4.4,69.7772,37.8268,15.08,2017-12-12 02:05:25.690
"119 km E of Port Blair, India",4.6,93.8373,11.8055,136.55,2017-12-11 16:49:48.970
"46 km WNW of Nongstoin, India",4.6,90.8605,25.725,10.0,2017-12-11 03:35:13.720
"92 km E of Leh, India",4.6,78.5677,34.3183,35.55,2017-12-10 22:58:55.730
"169 km NNE of Shi Yomi, India",4.5,95.0733,29.9322,24.12,2017-12-10 21:37:05.140
"80 km SW of Sarupathar, India",4.4,96.3486,25.6097,10.0,2017-12-09 11:02:34.040
"5 km SSE of Padam, India",4.7,76.9149,33.4204,20.3,2017-12-09 10:43:07.020
"28 km SE of Kod?ri??, Nepal",5.0,86.1471,27.7618,10.0,2017-12-08 02:51:18.860
"112 km NE of Thang, India",5.2,77.5618,35.7238,74.3,2017-12-06 23:29:03.790
"34 km NW of P?palkoti, India",5.1,79.1601,30.6339,10.0,2017-12-06 15:19:49.970
"61 km E of W?ngjing, India",4.3,94.6672,24.5413,80.12,2017-12-05 15:50:58.340
"63 km NW of Sarupathar, India",4.2,96.3627,26.609,89.32,2017-12-05 02:24:15.820
"70 km WNW of Monywa, Myanmar",4.7,94.5037,22.3606,96.76,2017-12-03 09:47:14.290
"17 km W of Gyalshing, India",4.2,88.0806,27.2856,10.0,2017-12-02 23:43:44.930
"261 km ENE of Port Blair, India",4.4,95.085,12.1948,10.0,2017-12-02 19:36:18.430
"89 km W of Thayetmyo, Myanmar",4.5,94.3463,19.471,62.54,2017-11-25 19:29:47.500
"30 km SE of Khorugh, Tajikistan",4.1,71.798,37.303,148.02,2017-11-25 09:32:56.730
"44 km SW of Ashk?sham, Afghanistan",4.2,71.1198,36.4605,235.24,2017-11-24 23:36:02.100
"64 km SSW of Jurm, Afghanistan",4.3,70.6555,36.2979,115.66,2017-11-24 19:25:10.990
"173 km NNE of Shi Yomi, India",4.7,95.1799,29.9261,10.0,2017-11-23 07:13:47.230
"164 km NNE of Shi Yomi, India",4.1,95.2012,29.8252,10.0,2017-11-23 02:59:45.380
"165 km NNE of Shi Yomi, India",4.5,95.2161,29.8244,26.27,2017-11-23 02:14:16.930
"44 km NNE of Mehtar L?m, Afghanistan",4.6,70.3351,35.0633,78.71,2017-11-22 03:42:40.190
western Xizang,4.7,86.4912,35.1672,14.73,2017-11-20 18:26:29.760
"15 km ENE of Mawlaik, Myanmar",4.9,94.543,23.6935,97.19,2017-11-20 08:48:02.250
"188 km NE of Shi Yomi, India",4.1,95.4494,29.9471,10.0,2017-11-19 08:52:24.170
"158 km NNE of Shi Yomi, India",4.4,95.0334,29.8332,10.0,2017-11-18 21:24:49.880
"174 km NNE of Shi Yomi, India",4.2,95.0046,30.0082,10.0,2017-11-18 05:59:44.980
"179 km NNE of Shi Yomi, India",4.2,95.2211,29.968,10.0,2017-11-18 03:36:06.040
"186 km NNE of Shi Yomi, India",4.1,95.1719,30.063,10.0,2017-11-18 02:13:40.430
"163 km NNE of Shi Yomi, India",5.1,94.8843,29.9311,10.0,2017-11-18 00:32:01.910
"156 km NNE of Shi Yomi, India",6.4,94.9838,29.8333,8.0,2017-11-17 22:34:19.450
"47 km E of Farkh?r, Afghanistan",4.2,70.3754,36.4984,204.38,2017-11-16 10:55:26.790
"22 km WNW of Myanaung, Myanmar",4.0,95.1392,18.3914,10.0,2017-11-15 01:39:21.400
"190 km W of Qamdo, China",4.3,95.1873,30.9963,10.0,2017-11-15 01:24:59.200
"20 km ENE of Jurm, Afghanistan",4.1,71.0482,36.9306,72.29,2017-11-14 03:14:59.950
"32 km N of Khand?d, Afghanistan",4.4,72.2614,37.2371,228.81,2017-11-14 03:01:17.570
"204 km SSE of Port Blair, India",4.3,93.1863,9.8714,7.29,2017-11-13 13:41:53.790
"47 km S of Farkh?r, Afghanistan",4.5,69.941,36.1463,120.93,2017-11-13 09:42:03.600
"35 km SW of Wakema, Myanmar",4.2,94.9167,16.4041,15.52,2017-11-12 01:16:52.400
"26 km S of Khorugh, Tajikistan",4.8,71.5105,37.2567,103.57,2017-11-11 21:00:20.810
"74 km NNW of P?r?n, Afghanistan",4.0,70.5348,36.0111,104.16,2017-11-11 11:26:46.220
"28 km N of Agartala, India",4.9,91.2855,24.0923,29.51,2017-11-08 04:50:51.960
"179 km NW of Rikaze, China",4.6,87.4355,30.2645,9.83,2017-11-07 19:06:41.830
"54 km E of Khorugh, Tajikistan",4.5,72.1721,37.4483,209.56,2017-11-07 14:17:58.430
"30 km SW of Ashk?sham, Afghanistan",4.4,71.3234,36.4649,94.57,2017-11-06 19:58:54.520
"northern Qinghai, China",4.7,96.3595,36.9677,35.0,2017-11-06 13:34:06.190
"51 km NE of Dipayal, Nepal",4.6,81.2918,29.6127,10.0,2017-11-06 03:09:03.590
"59 km N of Khand?d, Afghanistan",4.1,72.4367,37.4788,188.01,2017-11-05 14:09:29.350
"14 km NW of Ashk?sham, Afghanistan",4.4,71.406,36.7609,193.5,2017-11-05 07:31:03.710
"34 km ENE of Jurm, Afghanistan",4.0,71.1682,37.0204,84.16,2017-11-05 01:54:21.130
"41 km W of Sagaing, Myanmar",4.3,95.5762,21.8416,34.87,2017-11-04 20:29:36.650
"16 km WNW of Markaz-e Woluswal?-ye ?ch?n, Afghanistan",4.5,70.5572,34.1976,68.57,2017-11-04 16:34:07.350
"258 km NNW of Qamdo, China",4.1,96.514,33.3879,10.0,2017-11-01 05:33:39.660
"63 km SSW of Jurm, Afghanistan",4.4,70.5148,36.3549,167.76,2017-11-01 03:36:41.440
"75 km SSW of Jurm, Afghanistan",5.2,70.6618,36.1991,101.46,2017-10-28 17:45:32.600
"Andaman Islands, India region",4.5,95.4699,12.7959,10.0,2017-10-28 14:17:46.560
"30 km E of Kulu, India",4.1,77.4341,31.9508,14.96,2017-10-27 02:37:45.580
"117 km NNE of Barishal, Pakistan",4.5,75.3327,37.2437,41.08,2017-10-25 21:02:16.720
"225 km N of Bamboo Flat, India",4.7,92.9359,13.7225,32.74,2017-10-25 18:20:47.790
"Nicobar Islands, India region",4.5,92.5032,6.8047,10.0,2017-10-23 14:23:42.660
"25 km S of Jurm, Afghanistan",4.1,70.8489,36.6368,217.98,2017-10-22 12:34:21.140
"42 km SSW of Jurm, Afghanistan",4.4,70.6434,36.5129,201.72,2017-10-20 04:38:01.490
"50 km ENE of Kishtw?r, India",4.6,76.2599,33.5105,32.12,2017-10-19 01:10:25.000
"166 km N of Nagqu, China",4.4,91.8524,32.9725,10.0,2017-10-17 20:16:06.790
"43 km SSW of Jurm, Afghanistan",4.2,70.7083,36.4842,204.32,2017-10-16 17:06:08.330
"Nicobar Islands, India region",4.4,91.3087,6.174,25.96,2017-10-14 11:45:51.540
"41 km SSW of Jurm, Afghanistan",4.3,70.7407,36.4967,193.17,2017-10-14 10:32:55.110
"82 km NW of Monywa, Myanmar",4.1,94.6071,22.6636,117.22,2017-10-13 01:32:43.410
"62 km SE of Myitkyina, Myanmar",4.0,97.9054,25.055,10.0,2017-10-12 18:34:12.490
"227 km WNW of Qamdo, China",5.1,95.0497,32.074,10.0,2017-10-12 07:52:28.400
"162 km NNE of Bamboo Flat, India",4.6,93.3537,13.032,52.75,2017-10-10 14:42:26.530
"140 km NNW of Bamboo Flat, India",4.5,92.4082,12.9368,32.5,2017-10-09 19:32:39.030
"232 km ESE of Port Blair, India",4.1,94.7724,11.0125,38.49,2017-10-06 20:59:02.460
"167 km ENE of Saga, China",4.4,86.7671,30.0189,10.0,2017-10-06 17:44:22.220
"256 km E of Port Blair, India",5.0,95.0763,11.9798,10.08,2017-10-06 14:00:31.480
"16 km NE of Pul-e ‘Alam, Afghanistan",4.4,69.1716,34.0848,7.23,2017-10-03 16:28:59.910
"27 km SSW of Thayetmyo, Myanmar",4.6,95.0896,19.0907,43.05,2017-10-03 15:20:11.200
"73 km SSE of Phek, India",4.5,94.7337,25.0388,77.48,2017-10-03 13:48:34.400
"156 km NW of Bamboo Flat, India",4.7,91.8995,12.8626,27.25,2017-10-02 23:31:42.640
"57 km WNW of Pakokku, Myanmar",4.6,94.5413,21.4428,95.12,2017-10-02 18:13:51.510
"27 km ESE of Farkh?r, Afghanistan",4.3,70.1531,36.4961,213.7,2017-10-01 22:26:51.360
"139 km NNW of Bamboo Flat, India",4.5,92.3055,12.8898,29.1,2017-10-01 14:35:36.080
"149 km NW of Bamboo Flat, India",4.6,91.8903,12.7773,28.55,2017-10-01 12:49:04.640
"70 km NNW of Hayuliang, India",4.0,96.3197,28.6799,34.7,2017-10-01 12:18:17.300
Xizang-Qinghai border region,4.2,90.3978,33.9698,10.0,2017-09-29 07:57:06.750
"146 km N of Bamboo Flat, India",4.2,92.9286,13.0038,32.08,2017-09-25 20:27:11.320
"39 km WSW of Ashk?sham, Afghanistan",4.4,71.1591,36.4961,95.21,2017-09-23 16:45:34.390
"5 km WSW of Sumbal, India",4.6,74.5944,34.2131,35.0,2017-09-23 00:14:11.480
"83 km SSE of Phek, India",4.4,94.8861,24.9962,84.2,2017-09-21 16:34:33.230
"30 km S of Jurm, Afghanistan",4.4,70.9001,36.5943,194.83,2017-09-20 15:08:25.280
"64 km NW of Pakokku, Myanmar",4.5,94.5729,21.6629,97.03,2017-09-17 21:49:08.620
"140 km NNW of Bamboo Flat, India",5.0,92.0967,12.8183,26.18,2017-09-17 14:48:11.340
"138 km NNW of Bamboo Flat, India",4.5,92.0628,12.7773,33.35,2017-09-17 10:27:11.790
"162 km NW of Bamboo Flat, India",4.5,91.8312,12.8855,28.17,2017-09-15 22:37:56.230
"36 km W of Pyay, Myanmar",4.8,94.8786,18.83,51.99,2017-09-15 01:36:48.460
"122 km ESE of Port Blair, India",4.4,93.763,11.1912,135.46,2017-09-11 16:44:54.180
"31 km SSE of Tharyarwady, Myanmar",4.6,95.9326,17.4028,10.0,2017-09-11 13:56:11.510
"56 km NW of Monywa, Myanmar",4.2,94.7,22.421,111.08,2017-09-11 13:34:39.580
"40 km SSE of Tharyarwady, Myanmar",4.2,95.953,17.3198,10.0,2017-09-11 01:19:43.010
"65 km N of Khand?d, Afghanistan",4.3,72.3042,37.5418,201.42,2017-09-10 21:53:05.030
"26 km S of Tura, India",4.1,90.2279,25.275,36.67,2017-09-07 14:32:03.630
"20 km E of Khorugh, Tajikistan",4.5,71.7833,37.4852,119.54,2017-09-07 11:10:16.960
"163 km SSE of Port Blair, India",5.0,93.1611,10.2437,83.98,2017-09-06 00:10:55.750
"38 km W of Dajal, Pakistan",4.6,69.9891,29.5021,25.67,2017-09-05 22:40:58.850
"Nicobar Islands, India region",4.9,93.2674,7.8519,51.55,2017-09-05 18:06:36.970
"45 km WSW of Ashk?sham, Afghanistan",4.4,71.0931,36.4734,210.92,2017-09-04 20:21:42.160
"266 km S of Port Blair, India",4.9,93.1142,9.2814,60.53,2017-09-03 06:52:17.790
western Xizang,4.6,83.4386,34.014,10.0,2017-09-02 21:59:49.260
"241 km NE of Burang, China",4.8,82.6488,32.0662,10.0,2017-09-01 02:38:12.500
"29 km S of Jurm, Afghanistan",4.1,70.8242,36.6023,221.63,2017-08-31 20:21:35.570
"33 km S of Jurm, Afghanistan",4.5,70.8841,36.562,197.17,2017-08-31 01:35:28.440
"39 km ESE of Khorugh, Tajikistan",4.1,71.9503,37.3279,174.24,2017-08-30 09:06:12.610
"59 km S of Jurm, Afghanistan",4.6,70.9351,36.3311,114.38,2017-08-28 10:17:00.480
"5 km WSW of Rawalpindi, Pakistan",4.6,72.998,33.5732,32.11,2017-08-27 12:24:52.510
"34 km SSW of Ashk?sham, Afghanistan",5.1,71.3353,36.4191,110.81,2017-08-25 07:27:11.940
"61 km SSE of Gilgit, Pakistan",4.6,74.5783,35.4065,49.61,2017-08-23 20:58:45.210
"63 km WNW of Monywa, Myanmar",4.0,94.6127,22.4087,109.87,2017-08-23 17:21:17.480
"30 km W of Ashk?sham, Afghanistan",4.1,71.1895,36.6947,215.57,2017-08-23 05:35:46.510
"25 km ENE of Dipayal, Nepal",4.6,81.1558,29.3871,10.0,2017-08-22 00:50:35.830
"44 km SSE of Kod?ri??, Nepal",4.5,86.1237,27.5881,10.0,2017-08-21 12:03:13.970
"215 km WSW of Qamdo, China",4.4,95.0948,30.3971,10.0,2017-08-21 09:18:34.330
"216 km N of Shi Yomi, India",4.6,94.704,30.4658,10.0,2017-08-21 01:14:35.080
"210 km NNE of Shi Yomi, India",4.9,94.9281,30.3667,10.0,2017-08-21 01:12:14.320
"16 km SSE of Mawlaik, Myanmar",4.0,94.4598,23.4984,89.38,2017-08-21 00:45:19.650
"34 km NNW of M?lvan, India",4.1,73.3863,16.3657,10.0,2017-08-19 16:52:26.120
"31 km WSW of Ashk?sham, Afghanistan",4.2,71.2067,36.5765,232.94,2017-08-18 19:53:11.880
"15 km S of Zunheboto, India",4.6,94.5263,25.8288,61.1,2017-08-17 07:38:33.100
"36 km NNE of Chamba, India",4.4,76.2437,32.8724,44.78,2017-08-16 03:26:53.080
"209 km NNE of Shi Yomi, India",4.2,95.0857,30.3157,10.0,2017-08-14 07:58:29.860
"27 km NW of B?z?rak, Afghanistan",4.5,69.3194,35.5015,96.73,2017-08-14 06:07:25.360
"215 km WSW of Qamdo, China",4.2,95.0448,30.5084,39.61,2017-08-12 17:46:39.820
"206 km NNE of Shi Yomi, India",5.0,94.8528,30.3422,28.2,2017-08-12 17:10:01.370
"29 km W of Ashk?sham, Afghanistan",4.0,71.2096,36.7289,181.19,2017-08-12 05:53:09.020
"214 km N of Bamboo Flat, India",4.5,92.8043,13.639,25.23,2017-08-11 03:34:53.600
"77 km SE of Nagqu, China",4.2,92.7061,31.0571,29.39,2017-08-11 02:40:35.890
"28 km ESE of Farkh?r, Afghanistan",4.0,70.1695,36.5105,216.92,2017-08-10 22:58:44.470
"25 km WSW of Ashk?sham, Afghanistan",4.5,71.2899,36.568,83.48,2017-08-10 17:30:29.130
"35 km SSW of Khorugh, Tajikistan",4.2,71.4173,37.1895,108.39,2017-08-10 15:54:47.430
"27 km NW of B?z?rak, Afghanistan",4.4,69.2954,35.4795,104.39,2017-08-10 05:29:46.850
"12 km WSW of Chur?ch?ndpur, India",4.2,93.5456,24.3109,62.84,2017-08-08 00:35:38.010
"243 km WNW of Qamdo, China",4.4,94.7338,31.799,32.5,2017-08-07 13:12:36.150
"51 km NNW of Sabang, Indonesia",4.8,95.1161,6.3104,36.71,2017-08-06 03:48:35.660
"62 km SSW of Jurm, Afghanistan",4.2,70.5144,36.3686,133.09,2017-08-05 22:24:11.870
"34 km SSE of Jurm, Afghanistan",4.7,70.9333,36.5673,193.5,2017-08-04 18:51:41.150
"5 km WSW of Chur?ch?ndpur, India",5.1,93.6199,24.3214,53.23,2017-08-02 18:18:08.620
"33 km E of Sho‘rchi, Uzbekistan",4.6,68.1623,37.9536,10.0,2017-07-30 20:56:09.540
"17 km NW of H?j?ganj, Bangladesh",4.4,90.7422,23.3761,10.0,2017-07-25 09:09:01.960
"77 km ENE of Khorugh, Tajikistan",4.1,72.3825,37.7105,181.45,2017-07-22 23:26:08.280
"73 km SSE of Phek, India",4.0,94.8989,25.1098,68.66,2017-07-22 20:06:47.850
"18 km SSE of Jurm, Afghanistan",4.7,70.9118,36.7124,265.93,2017-07-22 08:44:24.960
"66 km S of Jurm, Afghanistan",4.3,70.8581,36.2649,109.71,2017-07-21 08:13:37.470
"21 km S of Dharmanagar, India",4.4,92.2002,24.1789,38.77,2017-07-21 00:23:42.350
"173 km WNW of Qamdo, China",4.1,95.4825,31.6987,10.0,2017-07-20 09:26:15.130
"42 km WNW of Khand?d, Afghanistan",4.2,71.8972,37.1346,202.37,2017-07-20 05:02:11.520
"62 km S of Jurm, Afghanistan",5.0,70.92,36.3061,112.57,2017-07-19 13:59:38.800
"Hindu Kush region, Afghanistan",4.2,70.1673,34.3028,37.66,2017-07-19 09:11:11.950
"northern Qinghai, China",4.6,91.854,37.6559,10.0,2017-07-18 13:21:13.270
"110 km SE of Phek, India",4.3,95.1618,24.8683,122.77,2017-07-17 20:20:25.590
"117 km NE of Sittwe, Myanmar",4.6,93.5667,20.9992,46.16,2017-07-17 13:23:00.400
"63 km E of Khorugh, Tajikistan",4.1,72.2694,37.5231,207.39,2017-07-17 00:28:25.480
"40 km NE of Shwebo, Myanmar",4.2,95.9721,22.832,9.04,2017-07-15 21:13:58.670
"161 km ENE of Burang, China",4.6,82.7985,30.6609,51.53,2017-07-15 16:56:18.150
"6 km W of Dailekh, Nepal",4.3,81.6418,28.8507,27.7,2017-07-15 16:35:28.630
"54 km SSE of Jurm, Afghanistan",4.1,70.9676,36.3829,126.82,2017-07-15 10:57:27.630
"64 km SE of Farkh?r, Afghanistan",4.1,70.3672,36.1653,105.59,2017-07-14 19:41:06.020
"277 km SW of Mawlamyinegyunn, Myanmar",4.2,93.7029,14.384,37.99,2017-07-13 22:18:37.040
"19 km SE of Mawlaik, Myanmar",4.8,94.5573,23.5329,89.22,2017-07-13 05:03:31.770
"244 km SSE of Port Blair, India",4.3,93.9746,9.8244,10.0,2017-07-12 22:33:37.170
"185 km SE of Port Blair, India",4.5,93.8907,10.4269,42.73,2017-07-10 10:44:46.240
"112 km NNE of P?sigh?t, India",4.5,95.7052,29.0249,19.48,2017-07-09 07:59:49.770
"31 km NE of Baffa, Pakistan",4.7,73.4405,34.6598,22.29,2017-07-08 10:12:31.400
"25 km WSW of Ashk?sham, Afghanistan",4.3,71.2784,36.577,94.83,2017-07-08 00:14:04.300
"34 km NE of B?z?rak, Afghanistan",4.3,69.7996,35.5214,99.44,2017-07-05 04:31:37.820
"66 km N of Khand?d, Afghanistan",4.1,72.3311,37.5461,214.47,2017-07-04 22:36:22.170
"25 km ESE of Farkh?r, Afghanistan",4.2,70.1215,36.4769,231.56,2017-07-03 09:30:53.840
"39 km SSE of Jurm, Afghanistan",4.1,70.9541,36.5249,161.75,2017-07-02 13:24:27.420
"217 km WNW of Qamdo, China",4.3,95.0788,31.9019,13.94,2017-07-02 13:01:49.990
"69 km E of Khorugh, Tajikistan",4.0,72.3209,37.6137,197.01,2017-07-02 08:51:43.000
"69 km ESE of W?ngjing, India",4.9,94.7001,24.3592,83.62,2017-07-02 05:27:45.280
"59 km NNE of Janakpur, Nepal",4.8,86.1159,27.2384,10.0,2017-07-02 01:58:27.200
"38 km NE of Mawlaik, Myanmar",4.6,94.7107,23.8429,89.67,2017-07-01 07:01:14.640
"27 km S of Jurm, Afghanistan",4.2,70.8726,36.6152,223.59,2017-07-01 05:28:28.540
"36 km SSE of Jurm, Afghanistan",4.9,70.9306,36.5451,188.61,2017-06-28 03:50:42.500
"48 km NE of Mawlaik, Myanmar",4.4,94.7144,23.974,93.17,2017-06-27 09:37:36.890
"36 km S of Jurm, Afghanistan",4.2,70.8425,36.5379,220.49,2017-06-26 16:44:12.940
"southern Xinjiang, China",4.4,83.701,36.4998,10.0,2017-06-26 07:35:53.500
"49 km SSW of Jurm, Afghanistan",5.2,70.6732,36.4357,207.15,2017-06-25 23:30:40.200
"120 km WNW of Sabang, Indonesia",4.5,94.2975,6.2687,83.56,2017-06-25 15:44:16.860
"25 km E of Rust?q, Afghanistan",4.4,70.1181,37.133,10.0,2017-06-25 14:24:25.710
"197 km SSE of Port Blair, India",4.4,93.5741,10.0742,35.0,2017-06-24 14:26:44.820
"19 km SW of Tag?b, Afghanistan",4.5,69.4815,34.7453,24.87,2017-06-22 09:13:15.500
"20 km W of Ashk?sham, Afghanistan",4.9,71.3078,36.7161,188.86,2017-06-22 04:10:42.850
"38 km WSW of Ashk?sham, Afghanistan",4.4,71.127,36.5644,90.52,2017-06-21 15:00:19.700
"26 km SSE of Jurm, Afghanistan",4.2,70.9044,36.6344,243.41,2017-06-21 10:57:28.880
"67 km S of Mawlaik, Myanmar",4.6,94.4765,23.0408,94.73,2017-06-20 08:50:40.090
"3 km WSW of Thoub?l, India",4.6,93.9674,24.6306,21.47,2017-06-18 22:35:46.460
"40 km ESE of Khorugh, Tajikistan",4.2,71.9855,37.3609,191.11,2017-06-18 15:48:22.470
"29 km E of Jurm, Afghanistan",4.2,71.166,36.8519,90.66,2017-06-18 06:15:29.010
"43 km SW of Khorugh, Tajikistan",4.0,71.2642,37.1698,108.58,2017-06-18 00:27:46.520
"40 km SSE of Jurm, Afghanistan",4.1,70.9826,36.5156,154.3,2017-06-17 03:00:52.700
"174 km NNE of Shi Yomi, India",4.2,95.1768,29.9367,24.75,2017-06-16 21:43:11.230
"27 km W of Ashk?sham, Afghanistan",4.1,71.2333,36.718,189.69,2017-06-16 13:16:34.680
"46 km SSW of Khorugh, Tajikistan",4.3,71.3438,37.1097,104.18,2017-06-15 20:33:21.700
"22 km NNW of Shingli Bala, Pakistan",4.7,72.9161,34.8708,25.09,2017-06-14 09:06:06.430
"254 km NNW of Nagqu, China",4.8,91.076,33.616,35.0,2017-06-13 19:38:18.360
"10 km SSE of Jurm, Afghanistan",4.1,70.8937,36.7882,102.06,2017-06-12 23:23:29.600
"61 km SSW of Ashk?sham, Afghanistan",4.3,71.2837,36.1718,102.24,2017-06-12 15:27:23.240
"45 km SW of Ashk?sham, Afghanistan",4.6,71.223,36.3624,77.59,2017-06-12 13:54:25.970
"299 km WNW of Sabang, Indonesia",4.5,92.6617,6.4255,31.58,2017-06-12 00:09:05.310
"40 km ESE of K?lob, Tajikistan",4.4,70.2024,37.7726,18.69,2017-06-11 21:18:09.670
"54 km SSW of Jurm, Afghanistan",4.1,70.5005,36.455,136.44,2017-06-10 20:43:32.300
"74 km SE of Phek, India",4.6,95.1091,25.2784,92.06,2017-06-09 11:48:06.920
"269 km NNW of Nagqu, China",4.0,91.116,33.772,62.21,2017-06-08 04:31:55.080
"254 km NNW of Nagqu, China",4.6,91.0601,33.615,10.0,2017-06-08 00:56:54.020
"6 km ENE of R?j?pur, India",4.3,73.576,16.6688,15.46,2017-06-03 18:14:50.550
"114 km E of W?ngjing, India",4.1,95.1741,24.7698,108.98,2017-06-03 02:42:58.150
"16 km NW of Kharkhauda, India",4.7,76.7797,28.9744,10.0,2017-06-01 22:55:54.880
"160 km SSE of Port Blair, India",4.4,93.2343,10.3004,82.18,2017-05-30 22:24:43.880
"71 km SE of Mawlaik, Myanmar",4.1,94.9352,23.2203,107.23,2017-05-29 15:36:53.250
"42 km NE of Jurm, Afghanistan",4.4,71.2065,37.1091,88.67,2017-05-29 15:18:33.460
"15 km E of Kishtw?r, India",4.5,75.9276,33.2999,35.9,2017-05-29 13:53:29.160
"33 km SE of Khorugh, Tajikistan",4.4,71.8701,37.321,168.04,2017-05-28 23:50:03.540
"19 km E of Khorugh, Tajikistan",4.4,71.766,37.5198,117.03,2017-05-27 22:36:01.120
"35 km S of Jurm, Afghanistan",4.0,70.8308,36.5417,193.09,2017-05-26 18:31:55.810
"22 km S of Maydanshakhr, Afghanistan",3.5,68.8899,34.1898,10.4,2017-05-26 16:11:59.880
western Xizang,4.2,88.9596,33.5188,10.0,2017-05-24 16:08:10.570
"16 km N of Pul-e ‘Alam, Afghanistan",3.7,69.027,34.1411,9.95,2017-05-24 12:40:17.490
"28 km E of Wangdue Phodrang, Bhutan",4.4,90.1818,27.5189,28.39,2017-05-24 03:16:29.050
"Hindu Kush region, Afghanistan",4.3,70.1304,35.6949,87.02,2017-05-23 14:37:27.580
"256 km E of Port Blair, India",4.6,95.0885,11.5138,20.77,2017-05-21 17:38:11.660
"68 km S of Jurm, Afghanistan",4.0,70.8269,36.2491,106.39,2017-05-21 05:33:35.550
"38 km NNE of Chamba, India",4.2,76.2986,32.8696,35.36,2017-05-20 05:48:44.460
"40 km E of Bhadarw?h, India",4.5,76.1431,33.0204,42.99,2017-05-19 00:02:33.540
Eastern Xizang,4.5,96.8954,30.3205,28.76,2017-05-18 23:07:04.660
"36 km SSW of Ashk?sham, Afghanistan",4.2,71.3656,36.384,100.48,2017-05-18 21:34:40.840
"26 km E of Farkh?r, Afghanistan",4.5,70.1552,36.5826,213.29,2017-05-18 10:26:48.170
"147 km NE of Bamboo Flat, India",4.6,93.5971,12.7126,100.98,2017-05-17 17:45:54.770
"24 km NW of ?uk?mat? Azrah, Afghanistan",4.5,69.4223,34.2997,13.2,2017-05-17 16:19:30.230
"27 km NE of Pul-e ‘Alam, Afghanistan",4.3,69.2214,34.1767,17.15,2017-05-17 15:05:27.100
"9 km WNW of Gyalshing, India",4.2,88.1714,27.3266,10.0,2017-05-16 22:13:19.060
"11 km W of Ashk?sham, Afghanistan",4.2,71.4074,36.68,179.29,2017-05-16 18:13:32.860
"252 km E of Port Blair, India",4.6,95.052,11.4865,20.79,2017-05-16 14:04:40.080
"38 km S of Jurm, Afghanistan",4.2,70.8408,36.5205,189.88,2017-05-14 08:40:31.060
"253 km SSE of Hotan, China",4.3,81.4457,35.1792,10.0,2017-05-14 05:28:14.560
"39 km ENE of Jurm, Afghanistan",4.2,71.2586,36.9678,105.14,2017-05-13 19:22:48.300
"17 km W of Ashk?sham, Afghanistan",4.7,71.3433,36.7053,177.09,2017-05-12 16:49:01.210
"137 km ESE of Murghob, Tajikistan",4.8,75.3494,37.6,10.0,2017-05-11 04:03:41.910
"22 km ESE of Farkh?r, Afghanistan",4.3,70.0854,36.4905,230.69,2017-05-10 22:21:36.480
"143 km ESE of Murghob, Tajikistan",5.0,75.4207,37.5941,10.0,2017-05-10 22:00:58.320
"131 km ESE of Murghob, Tajikistan",5.4,75.3098,37.6433,7.62,2017-05-10 21:58:21.700
"150 km NNE of Qamdo, China",4.1,97.5866,32.4418,10.0,2017-05-08 09:18:25.040
western Xizang,4.4,89.2006,33.8033,10.0,2017-05-07 13:35:10.430
northwestern Kashmir,4.2,73.9818,36.7713,77.3,2017-05-06 17:57:06.800
"52 km NW of Mawlaik, Myanmar",4.3,93.9828,23.9172,68.35,2017-05-06 14:48:51.480
"4 km SSE of Ashk?sham, Afghanistan",5.0,71.5463,36.6476,400.57,2017-05-06 09:52:28.780
"226 km N of Bamboo Flat, India",5.0,92.548,13.7401,19.13,2017-05-05 17:58:35.880
"45 km S of Jurm, Afghanistan",4.5,70.9239,36.464,100.08,2017-05-05 09:17:14.950
"12 km WNW of Ashk?sham, Afghanistan",4.3,71.401,36.7233,189.25,2017-05-04 16:16:51.100
"Hindu Kush region, Afghanistan",4.2,70.9662,36.3465,95.87,2017-05-03 22:41:33.010
"228 km E of Port Blair, India",4.7,94.8399,11.7813,28.01,2017-05-01 18:59:31.990
"215 km N of Bamboo Flat, India",4.4,92.851,13.6394,27.84,2017-05-01 06:50:59.270
"41 km S of Jurm, Afghanistan",4.1,70.8958,36.4915,152.06,2017-04-30 20:09:16.190
"45 km N of Fayzabad, Afghanistan",4.4,70.5101,37.5207,9.23,2017-04-29 07:45:24.070
"29 km NE of ?uk?mat? Azrah, Afghanistan",4.0,69.8494,34.3746,10.0,2017-04-29 06:17:01.790
"40 km SE of Farkh?r, Afghanistan",4.1,70.1397,36.2911,121.36,2017-04-28 19:14:13.800
"76 km E of Saga, China",4.4,86.0168,29.2836,8.0,2017-04-27 02:10:11.800
"40 km WNW of Nongstoin, India",4.3,90.8833,25.6263,31.19,2017-04-25 16:14:55.930
"144 km NNE of Barishal, Pakistan",4.3,75.5363,37.437,95.76,2017-04-25 14:33:46.680
"58 km NE of Dipayal, Nepal",4.3,81.3034,29.6836,18.73,2017-04-24 15:04:30.130
"29 km S of Kunduz, Afghanistan",4.3,68.8783,36.4613,31.43,2017-04-23 22:55:36.670
Bay of Bengal,4.1,87.0302,9.2736,17.14,2017-04-22 18:45:12.860
"46 km SE of Farkh?r, Afghanistan",4.1,70.2391,36.29,110.21,2017-04-20 18:27:47.620
"76 km SE of Shache, China",4.6,77.9129,37.9748,10.0,2017-04-20 03:39:14.870
"33 km S of Jurm, Afghanistan",4.3,70.835,36.5623,191.16,2017-04-18 20:33:49.230
"28 km WNW of Ashk?sham, Afghanistan",4.1,71.2289,36.7674,190.61,2017-04-18 18:24:50.680
"4 km NW of Chh?tak, Bangladesh",4.5,91.6394,25.0632,34.06,2017-04-18 14:01:34.540
Kashmir-India border region,4.6,76.422,33.9575,51.3,2017-04-18 05:11:55.400
"36 km S of Jurm, Afghanistan",5.1,70.8619,36.5405,194.44,2017-04-17 23:04:36.490
"67 km ENE of Khorugh, Tajikistan",4.4,72.241,37.7484,119.46,2017-04-17 04:41:30.580
"30 km ESE of Jurm, Afghanistan",4.1,71.12,36.7123,231.37,2017-04-16 15:07:14.760
"36 km S of Jurm, Afghanistan",4.1,70.8467,36.5377,188.64,2017-04-16 00:02:59.250
"47 km SSW of Jurm, Afghanistan",4.0,70.5914,36.4799,206.71,2017-04-15 00:23:59.440
"34 km WSW of Ashk?sham, Afghanistan",4.0,71.1915,36.5339,242.27,2017-04-14 06:53:56.030
"42 km E of Farkh?r, Afghanistan",4.3,70.331,36.5223,220.57,2017-04-12 00:43:31.200
"58 km ENE of Khorugh, Tajikistan",4.6,72.1238,37.7524,121.97,2017-04-10 06:57:36.960
"48 km S of Farkh?r, Afghanistan",4.0,69.8415,36.1403,117.93,2017-04-07 18:06:10.620
"24 km SSE of Jurm, Afghanistan",4.3,70.9754,36.6782,205.36,2017-04-06 03:39:44.220
"Andaman Islands, India region",5.3,93.0491,14.4592,31.8,2017-04-05 16:44:36.740
"62 km SSW of Ashk?sham, Afghanistan",4.9,71.3606,36.1398,108.14,2017-04-04 21:41:07.440
"19 km NW of Ashk?sham, Afghanistan",4.8,71.3571,36.7821,178.43,2017-04-04 04:48:38.490
"31 km NE of Baghl?n, Afghanistan",4.6,68.9415,36.3391,43.02,2017-04-02 02:48:11.600
"17 km E of Farkh?r, Afghanistan",4.0,70.0559,36.5656,229.25,2017-03-31 22:29:28.650
"27 km NNE of A?bak, Afghanistan",4.0,68.1483,36.4843,46.54,2017-03-31 08:37:31.360
"34 km SW of Ashk?sham, Afghanistan",4.0,71.2541,36.4708,90.47,2017-03-30 23:03:09.900
"33 km NE of Nyaungdon, Myanmar",4.2,95.8795,17.236,5.99,2017-03-30 10:34:52.380
"54 km ESE of Farkh?r, Afghanistan",4.1,70.4434,36.4392,151.19,2017-03-29 18:26:05.660
"18 km NE of Khorugh, Tajikistan",4.1,71.6826,37.6245,15.56,2017-03-28 23:51:22.870
"261 km NNW of Nagqu, China",4.2,90.9632,33.6425,30.25,2017-03-28 10:59:21.720
"32 km SSE of Jurm, Afghanistan",4.2,71.0259,36.6117,211.61,2017-03-28 07:31:22.310
"15 km SSE of Yang? Qal‘ah, Afghanistan",4.0,69.665,37.3364,34.46,2017-03-27 16:42:13.690
"204 km NW of Saga, China",4.2,83.6889,30.5998,34.76,2017-03-26 22:54:51.700
"4 km SSE of Rangpo, India",4.5,88.5534,27.1419,24.39,2017-03-26 21:42:11.940
"24 km WSW of Ashk?sham, Afghanistan",4.5,71.2697,36.6296,117.93,2017-03-26 14:11:18.590
"25 km ESE of Farkh?r, Afghanistan",4.0,70.1302,36.4948,220.56,2017-03-26 05:09:49.750
"35 km NNW of Khand?d, Afghanistan",4.2,72.1371,37.2411,98.17,2017-03-26 04:17:27.590
"23 km S of Khanabad, Afghanistan",4.2,69.0923,36.4735,57.77,2017-03-26 00:06:32.480
"19 km WNW of Ashk?sham, Afghanistan",4.4,71.3332,36.7488,185.84,2017-03-25 11:11:49.650
"18 km SE of Khorugh, Tajikistan",4.3,71.68,37.363,114.8,2017-03-25 07:19:49.240
"15 km SE of Jurm, Afghanistan",4.3,70.9663,36.7806,79.84,2017-03-25 06:23:04.980
"86 km SE of Phek, India",4.5,95.0201,25.0469,104.0,2017-03-25 02:05:56.400
"36 km WSW of Ashk?sham, Afghanistan",4.2,71.1704,36.537,229.92,2017-03-23 12:23:44.180
"35 km E of Khorugh, Tajikistan",4.9,71.9527,37.5003,9.93,2017-03-22 11:27:01.940
"51 km WNW of H?flong, India",4.4,92.5623,25.3798,34.67,2017-03-21 15:40:45.410
"46 km S of Jurm, Afghanistan",4.5,70.8119,36.4474,134.32,2017-03-21 14:08:08.270
"32 km SE of Sanjwal, Pakistan",4.3,72.6676,33.5487,40.98,2017-03-21 05:56:37.260
"78 km W of Zangguy, China",4.4,77.8916,37.2025,45.18,2017-03-19 13:45:16.810
"208 km SSE of Port Blair, India",4.6,93.5567,9.9624,35.85,2017-03-19 08:57:06.970
"288 km WSW of Dawei, Myanmar",4.4,95.8132,12.91,23.33,2017-03-18 15:58:21.640
"35 km SSW of Jurm, Afghanistan",4.2,70.7407,36.5563,177.85,2017-03-17 17:58:14.010
"56 km SSE of Port Blair, India",4.8,92.8778,11.1741,46.01,2017-03-17 14:01:43.070
"89 km SSE of Hayuliang, India",4.4,96.7901,27.2997,54.22,2017-03-14 16:39:56.790
"Nicobar Islands, India region",6.0,92.3044,6.1457,10.0,2017-03-14 02:51:16.770
"35 km NNE of Jurm, Afghanistan",4.0,70.9706,37.1609,81.53,2017-03-13 20:12:00.780
"36 km SE of Tharyarwady, Myanmar",5.1,95.9998,17.3991,10.0,2017-03-13 14:19:06.670
"72 km S of Jurm, Afghanistan",4.5,70.6902,36.2226,114.84,2017-03-13 02:07:19.280
"Nicobar Islands, India region",4.3,91.8219,8.3783,32.13,2017-03-10 12:39:35.300
"34 km SSW of Ashk?sham, Afghanistan",4.4,71.3265,36.4244,113.13,2017-03-09 06:18:45.290
"52 km ENE of W?ngjing, India",4.7,94.5703,24.7062,69.71,2017-03-09 02:55:11.360
"southern Xinjiang, China",4.7,84.9348,36.6638,12.83,2017-03-07 16:22:25.740
"2 km NE of Samtse, Bhutan",4.0,89.1143,26.9162,10.0,2017-03-07 10:28:56.500
"88 km SE of Phek, India",4.3,95.1428,25.1149,89.95,2017-03-06 21:30:06.950
"20 km N of Nahr?n, Afghanistan",4.0,69.1498,36.2474,143.25,2017-03-06 11:00:35.600
"106 km E of Khand?d, Afghanistan",4.4,73.5041,37.0511,90.32,2017-03-06 02:44:00.340
"49 km SSE of Jurm, Afghanistan",4.4,71.03,36.4473,86.17,2017-03-05 14:41:27.090
"55 km SSE of Phek, India",5.1,94.6658,25.1865,74.07,2017-03-04 02:11:53.820
"53 km ENE of Yairipok, India",4.1,94.5486,24.8454,65.83,2017-03-03 23:30:03.100
"30 km SSE of Jurm, Afghanistan",4.2,70.9461,36.6037,193.05,2017-03-02 00:37:49.560
"52 km W of Bamboo Flat, India",4.1,92.2347,11.6696,29.78,2017-03-01 16:21:04.660
"77 km NE of Bamboo Flat, India",4.5,93.2046,12.2124,67.58,2017-03-01 03:16:52.370
"22 km WSW of Ashk?sham, Afghanistan",4.1,71.2969,36.6038,233.11,2017-03-01 03:13:41.170
"53 km ENE of Khorugh, Tajikistan",5.2,72.101,37.6873,127.1,2017-02-28 13:42:18.750
"165 km S of Port Blair, India",4.2,92.501,10.1937,32.34,2017-02-28 10:42:06.570
"47 km ESE of Panauti, Nepal",4.6,85.9319,27.3706,20.28,2017-02-27 04:21:41.730
"57 km ESE of Dhulikhel, Nepal",4.7,86.0789,27.4259,11.23,2017-02-27 03:37:45.990
"164 km NE of Jumla, Nepal",4.7,83.5019,30.2107,10.0,2017-02-26 18:48:45.660
"36 km SW of Ashk?sham, Afghanistan",4.1,71.2413,36.4545,103.82,2017-02-26 05:57:03.570
"38 km SSE of Farkh?r, Afghanistan",4.3,69.9842,36.2435,134.58,2017-02-24 12:50:59.750
"37 km SSW of Chur?ch?ndpur, India",5.0,93.4825,24.0437,59.8,2017-02-24 12:02:50.650
"54 km S of Jurm, Afghanistan",4.2,70.9396,36.3781,120.41,2017-02-22 21:40:12.220
"47 km SSE of Jurm, Afghanistan",4.5,70.9962,36.4616,128.88,2017-02-21 13:32:46.850
"41 km SSE of Jurm, Afghanistan",4.2,71.0749,36.5463,152.73,2017-02-19 00:04:52.730
"20 km WSW of Ashk?sham, Afghanistan",4.3,71.3213,36.6067,118.95,2017-02-16 23:20:37.560
"73 km SE of Farkh?r, Afghanistan",4.3,70.3842,36.0715,109.03,2017-02-16 15:54:32.440
"11 km S of Jal?l?b?d, Afghanistan",3.7,70.467,34.3277,58.21,2017-02-14 23:58:55.410
"42 km SSE of Jurm, Afghanistan",4.7,70.9478,36.4952,152.22,2017-02-14 01:51:41.100
"33 km SSW of Ashk?sham, Afghanistan",4.4,71.3808,36.4117,92.81,2017-02-13 05:57:43.470
"16 km WNW of Nongstoin, India",4.4,91.1035,25.548,36.94,2017-02-12 04:05:33.570
"75 km SE of Farkh?r, Afghanistan",4.6,70.4511,36.0949,115.93,2017-02-10 04:49:01.850
"60 km NW of Monywa, Myanmar",4.5,94.7713,22.5372,121.0,2017-02-08 20:46:16.710
"36 km NW of P?palkoti, India",5.1,79.1645,30.6544,16.05,2017-02-06 17:03:06.530
western Xizang,4.6,83.978,32.0126,10.0,2017-02-06 05:24:39.370
"46 km SW of Jurm, Afghanistan",4.2,70.4777,36.557,210.56,2017-02-05 23:21:13.100
"227 km SE of Hotan, China",4.6,81.777,35.6969,10.0,2017-02-04 13:44:32.570
"37 km ESE of Farkh?r, Afghanistan",4.4,70.2643,36.5013,220.96,2017-02-02 13:46:30.690
"193 km NE of Jumla, Nepal",5.1,83.3674,30.6877,10.0,2017-02-01 10:07:44.180
"26 km SSW of Khorugh, Tajikistan",4.3,71.485,37.2534,124.69,2017-01-31 16:32:27.710
"196 km E of Nagqu, China",4.5,94.1235,31.5911,32.7,2017-01-31 06:16:04.290
"18 km WNW of Ashk?sham, Afghanistan",4.3,71.3426,36.7554,165.25,2017-01-30 23:28:27.670
"43 km SW of Sarupathar, India",4.5,96.4968,25.9321,41.14,2017-01-29 21:36:08.190
"56 km SSW of Jurm, Afghanistan",4.1,70.5434,36.4089,142.71,2017-01-28 22:03:59.680
"35 km SW of Ashk?sham, Afghanistan",4.8,71.2933,36.4309,82.93,2017-01-27 07:40:52.540
"48 km NNW of Khand?d, Afghanistan",4.5,72.1364,37.3601,224.37,2017-01-26 00:44:25.390
"14 km NE of Nahr?n, Afghanistan",4.2,69.2529,36.1491,117.37,2017-01-25 18:34:53.150
"13 km ESE of Khorugh, Tajikistan",4.0,71.6981,37.4409,107.71,2017-01-24 20:08:51.230
"8 km N of Shillong, India",4.3,91.8799,25.6419,35.0,2017-01-24 12:25:38.780
"20 km WNW of Dera Bugti, Pakistan",4.5,68.9654,29.0978,23.64,2017-01-23 11:15:52.850
"32 km S of Jurm, Afghanistan",4.0,70.8263,36.5698,181.87,2017-01-22 04:29:41.390
"41 km SSW of Magway, Myanmar",4.3,94.7635,19.8125,71.98,2017-01-21 21:49:18.510
"100 km NE of Tawang, India",4.1,92.6836,28.1784,40.21,2017-01-19 19:18:36.830
"65 km WSW of Rikaze, China",4.1,88.2848,28.9824,10.0,2017-01-19 09:59:42.490
"249 km ENE of Port Blair, India",4.9,94.9698,12.2,27.49,2017-01-18 15:42:40.480
"19 km ESE of Farkh?r, Afghanistan",4.0,70.06,36.5035,227.49,2017-01-18 13:37:37.710
"50 km E of W?ngjing, India",4.5,94.5655,24.559,63.0,2017-01-18 03:03:21.970
"47 km SE of Mon, India",4.5,95.364,26.4049,68.8,2017-01-12 09:32:08.120
"69 km SSE of Zhob, Pakistan",4.3,69.7722,30.782,10.0,2017-01-12 00:53:11.110
"126 km NE of Thang, India",4.1,77.8343,35.679,82.09,2017-01-09 20:25:53.280
"42 km SSE of Shahritus, Tajikistan",5.2,68.3142,36.9069,25.83,2017-01-09 05:59:10.000
"12 km WSW of Jahanian Shah, Pakistan",4.5,72.156,31.7739,10.0,2017-01-08 13:31:26.230
"43 km WNW of Kunduz, Afghanistan",4.9,68.4194,36.8955,14.04,2017-01-07 23:19:47.200
"159 km NNW of Sabang, Indonesia",4.4,94.8709,7.2571,202.12,2017-01-05 20:28:54.050
"6 km SW of Khorugh, Tajikistan",4.6,71.4964,37.4495,34.37,2017-01-05 07:52:59.040
"82 km SSE of Mawlaik, Myanmar",4.6,94.7422,22.9682,123.35,2017-01-04 14:28:07.760
"194 km NW of Saga, China",4.7,83.7309,30.4946,10.0,2017-01-04 14:12:52.310
"45 km W of Mogok, Myanmar",4.2,96.0688,22.8948,13.0,2017-01-04 12:41:18.010
"25 km S of Jurm, Afghanistan",4.2,70.8618,36.6388,207.12,2017-01-04 01:26:09.380
"34 km N of Ziro, India",4.4,93.8486,27.9089,18.03,2017-01-03 19:32:26.800
"37 km SSE of Mawlaik, Myanmar",5.1,94.5035,23.3168,88.62,2017-01-03 18:49:53.560
"6 km SW of Taloqan, Afghanistan",4.4,69.4841,36.6919,10.0,2017-01-03 15:54:31.010
"18 km ENE of ?mb?sa, India",5.7,92.0177,24.0151,32.0,2017-01-03 09:09:02.080
"47 km S of Jurm, Afghanistan",4.1,70.7431,36.4405,205.82,2017-01-02 16:51:07.560
"65 km NNE of Muzaffar?b?d, Pakistan",4.2,73.8226,34.8833,24.52,2017-01-02 07:16:47.530
"13 km SSW of Ashk?sham, Afghanistan",4.2,71.474,36.5673,107.0,2017-01-01 22:06:44.630
"23 km SSE of Khorugh, Tajikistan",4.7,71.6407,37.2871,108.45,2016-12-30 10:43:45.870
"33 km W of Ashk?sham, Afghanistan",4.1,71.164,36.6703,209.12,2016-12-29 22:46:26.260
"65 km W of Pathein, Myanmar",4.4,94.12,16.7482,14.89,2016-12-29 05:52:03.910
"179 km NNW of Sabang, Indonesia",4.4,94.4877,7.2815,22.86,2016-12-29 05:05:33.520
"53 km S of Farkh?r, Afghanistan",4.9,69.819,36.0937,118.41,2016-12-28 14:25:51.150
"186 km NNW of Bamboo Flat, India",4.4,92.327,13.341,28.8,2016-12-27 21:21:53.720
"28 km NNW of Farkhor, Tajikistan",4.3,69.2966,37.7379,34.43,2016-12-27 18:19:29.820
"119 km N of Bamboo Flat, India",4.3,92.9305,12.763,35.0,2016-12-27 10:50:19.090
"65 km NNE of Khand?d, Afghanistan",4.4,72.4873,37.5259,71.06,2016-12-27 08:45:05.300
"28 km ENE of Muzaffar?b?d, Pakistan",4.3,73.7599,34.4738,49.03,2016-12-27 07:17:15.420
"91 km NW of Monywa, Myanmar",4.2,94.5877,22.763,104.09,2016-12-26 17:25:42.030
"30 km ESE of Jurm, Afghanistan",4.1,71.1207,36.7219,239.4,2016-12-25 07:58:54.810
"109 km NW of Bamboo Flat, India",4.4,91.9315,12.3232,27.78,2016-12-23 04:56:16.820
"40 km SW of Ashk?sham, Afghanistan",4.3,71.2111,36.428,106.03,2016-12-20 21:32:48.990
"southern Xinjiang, China",5.6,84.9583,37.1442,10.0,2016-12-20 10:04:39.360
"21 km N of Rawala Kot, Pakistan",4.5,73.8062,34.0507,36.07,2016-12-17 17:25:58.040
"35 km S of Jurm, Afghanistan",4.5,70.8246,36.5432,191.45,2016-12-17 03:50:05.450
"31 km SE of Jurm, Afghanistan",4.2,71.0743,36.6559,212.1,2016-12-15 09:55:15.060
"85 km E of Falam, Myanmar",4.3,94.5033,22.7969,97.7,2016-12-15 03:44:13.010
"southern Xinjiang, China",4.3,84.8527,36.5127,13.17,2016-12-14 00:51:17.520
"65 km SE of Farkh?r, Afghanistan",4.6,70.4468,36.2316,93.88,2016-12-12 11:14:42.240
"34 km S of Jurm, Afghanistan",4.2,70.9003,36.5628,205.77,2016-12-12 00:05:41.100
"9 km E of Khorugh, Tajikistan",4.6,71.6641,37.4749,118.73,2016-12-11 23:47:25.950
"57 km SSE of Mawlaik, Myanmar",4.4,94.5533,23.146,89.75,2016-12-11 20:32:32.210
"52 km SW of Jurm, Afghanistan",4.3,70.4956,36.473,140.03,2016-12-09 17:53:22.590
"26 km NNE of Pul-e ‘Alam, Afghanistan",4.2,69.1294,34.2167,18.64,2016-12-08 14:34:51.910
"30 km NE of Pul-e ‘Alam, Afghanistan",4.6,69.276,34.1753,10.0,2016-12-08 10:01:59.840
"83 km E of W?ngjing, India",4.3,94.8888,24.6052,99.72,2016-12-08 09:32:56.890
"53 km ESE of Mawlaik, Myanmar",4.6,94.8822,23.447,35.56,2016-12-08 07:46:22.410
"41 km SW of Ashk?sham, Afghanistan",5.0,71.1604,36.454,87.51,2016-12-08 00:07:34.110
"4 km SSE of Ishqoshim, Tajikistan",4.2,71.6327,36.6826,281.02,2016-12-06 18:13:29.150
"79 km SSW of Jurm, Afghanistan",4.3,70.6392,36.1657,104.28,2016-12-05 01:13:26.380
"104 km N of Nagqu, China",5.2,92.116,32.4198,10.0,2016-12-04 21:34:23.310
"40 km NNW of Ishqoshim, Tajikistan",4.3,71.3742,37.0311,97.14,2016-12-04 05:50:30.310
"123 km SW of Port Blair, India",4.7,91.886,10.9345,10.0,2016-12-03 19:42:11.180
"18 km NE of Dh?rchula, India",5.2,80.6321,29.979,31.96,2016-12-01 16:52:50.110
"26 km ESE of Jurm, Afghanistan",4.6,71.0964,36.7509,230.42,2016-12-01 06:46:34.740
"17 km W of Namche Bazar, Nepal",5.4,86.5319,27.8015,10.0,2016-11-27 23:35:21.020
"16 km E of Jurm, Afghanistan",4.0,71.0121,36.8375,94.18,2016-11-27 10:21:11.520
"Nicobar Islands, India region",4.4,92.4447,7.1094,29.37,2016-11-25 19:37:57.090
"163 km NNE of Bamboo Flat, India",4.6,93.0599,13.1382,32.79,2016-11-25 11:17:10.660
"33 km NNW of Chakwal, Pakistan",4.5,72.7675,33.227,37.81,2016-11-24 14:16:36.710
"40 km ESE of Farkh?r, Afghanistan",4.2,70.2943,36.4908,211.04,2016-11-22 13:12:47.140
"40 km S of Jurm, Afghanistan",4.1,70.9123,36.506,166.04,2016-11-22 06:26:25.810
"34 km NNW of Ishqoshim, Tajikistan",4.5,71.4619,37.0095,106.69,2016-11-22 03:50:55.360
"64 km E of Khorugh, Tajikistan",4.4,72.27,37.5921,199.5,2016-11-21 14:08:53.470
"200 km E of Nagqu, China",4.1,94.1675,31.4546,33.42,2016-11-21 04:50:41.050
"42 km E of Farkh?r, Afghanistan",4.0,70.332,36.5185,187.38,2016-11-21 00:15:40.150
"18 km WSW of Ashk?sham, Afghanistan",4.6,71.3486,36.6173,84.82,2016-11-18 06:54:37.650
"198 km NNW of Qamdo, China",5.0,96.1511,32.6865,10.0,2016-11-17 21:45:56.570
"34 km NE of Jurm, Afghanistan",4.2,71.0939,37.0906,10.0,2016-11-17 19:33:23.340
"14 km SE of B?wal, India",4.4,76.7017,28.0012,10.0,2016-11-16 22:59:24.610
"59 km E of Khorugh, Tajikistan",4.2,72.2208,37.5322,194.56,2016-11-15 17:03:56.050
"37 km S of Jurm, Afghanistan",5.4,70.8421,36.5242,190.95,2016-11-15 16:02:56.270
"23 km W of Hail?k?ndi, India",4.6,92.3284,24.6475,32.42,2016-11-15 02:10:21.120
"34 km S of Khorugh, Tajikistan",4.7,71.5387,37.1825,97.54,2016-11-14 13:14:56.100
"148 km SE of Port Blair, India",4.6,93.6834,10.6904,8.78,2016-11-13 21:22:24.700
"45 km SSW of Jurm, Afghanistan",4.1,70.5853,36.5075,194.37,2016-11-13 15:19:54.030
"50 km ESE of Farkh?r, Afghanistan",4.5,70.4134,36.4756,147.64,2016-11-13 14:18:32.350
"33 km ESE of K?lob, Tajikistan",4.2,70.1165,37.7586,48.47,2016-11-11 19:34:50.610
"Nicobar Islands, India region",4.1,92.0147,7.1537,28.66,2016-11-11 16:20:10.360
"181 km SSW of Shache, China",4.4,76.7561,36.8245,116.72,2016-11-11 11:23:46.150
"39 km SW of Khorugh, Tajikistan",4.2,71.2227,37.2551,99.48,2016-11-08 00:14:47.920
"28 km ESE of Nahr?n, Afghanistan",4.2,69.4163,35.9576,124.35,2016-11-06 01:44:31.210
western Xizang,4.2,85.9776,34.8888,17.06,2016-10-31 13:25:53.320
"44 km SSW of Ashk?sham, Afghanistan",4.4,71.2926,36.3363,93.25,2016-10-30 23:57:16.190
"274 km NNW of Sabang, Indonesia",4.5,94.3373,8.1719,54.26,2016-10-30 16:26:35.110
"100 km SSE of Saiha, India",4.4,93.4678,21.7014,61.66,2016-10-29 17:47:11.680
"18 km S of Serchh?p, India",4.7,92.8708,23.1261,50.3,2016-10-26 06:29:09.950
"84 km SSE of Mawlaik, Myanmar",4.9,94.6,22.899,107.88,2016-10-26 02:21:58.690
"Nicobar Islands, India region",4.9,92.4518,7.0673,10.0,2016-10-25 22:00:26.020
"62 km S of Jurm, Afghanistan",4.5,70.8596,36.3035,114.1,2016-10-25 04:16:39.680
"22 km SE of Khorugh, Tajikistan",4.4,71.7296,37.348,134.41,2016-10-24 06:31:34.190
"69 km SW of Ashk?sham, Afghanistan",4.4,71.0301,36.2065,99.38,2016-10-24 00:56:27.100
"5 km NW of Lakhipur, India",4.6,90.2619,26.0659,24.31,2016-10-23 15:56:41.960
"30 km SSE of Jurm, Afghanistan",4.3,70.9535,36.6098,206.44,2016-10-23 10:03:29.680
"39 km SE of Khorugh, Tajikistan",4.5,71.9225,37.2854,201.93,2016-10-21 23:31:28.840
"59 km SE of Zhob, Pakistan",4.8,69.8069,30.8984,29.96,2016-10-20 04:53:53.420
"35 km SW of Ashk?sham, Afghanistan",5.1,71.2694,36.4437,106.95,2016-10-20 00:40:01.710
"297 km ENE of Nagqu, China",4.5,94.757,32.8633,10.0,2016-10-19 23:57:18.870
"33 km NNW of Baniachang, Bangladesh",4.4,91.2146,24.7872,29.79,2016-10-19 07:20:49.170
"285 km NW of Qamdo, China",4.4,95.041,32.9504,35.0,2016-10-17 08:24:39.240
"290 km NW of Qamdo, China",4.6,94.9965,32.9799,37.85,2016-10-17 08:06:29.970
"283 km NW of Qamdo, China",4.7,94.9881,32.8717,37.41,2016-10-17 07:33:39.520
Xizang-Qinghai border region,5.9,94.8768,32.8959,35.0,2016-10-17 07:14:50.870
"41 km SSE of Khorugh, Tajikistan",4.6,71.7134,37.1344,151.58,2016-10-17 05:40:02.650
"50 km SSW of Jurm, Afghanistan",4.4,70.5946,36.4571,204.75,2016-10-17 01:56:30.630
"27 km S of Jurm, Afghanistan",4.6,70.827,36.6166,246.99,2016-10-17 00:37:14.440
"68 km S of Jurm, Afghanistan",4.1,70.794,36.2503,106.87,2016-10-16 14:19:23.680
"15 km NE of Khorugh, Tajikistan",4.0,71.6666,37.5941,98.85,2016-10-16 01:46:47.090
"41 km NNW of Ashk?sham, Afghanistan",4.3,71.2834,37.0018,104.32,2016-10-15 17:17:28.830
"34 km S of Khorugh, Tajikistan",4.0,71.5396,37.1772,132.18,2016-10-15 16:54:13.200
"31 km WNW of Ashk?sham, Afghanistan",4.4,71.1985,36.7716,190.95,2016-10-14 17:23:21.280
"25 km NE of A?bak, Afghanistan",4.5,68.229,36.4125,18.03,2016-10-13 06:03:52.710
"250 km ESE of Hotan, China",3.9,82.3816,36.018,15.96,2016-10-12 15:30:18.300
"116 km WNW of Bhamo, Myanmar",4.6,96.2738,24.8275,26.73,2016-10-11 17:41:01.150
"68 km SE of Phek, India",4.7,95.0006,25.2519,95.33,2016-10-11 07:30:14.280
"29 km SSE of Jurm, Afghanistan",4.4,70.9308,36.6135,209.19,2016-10-10 01:58:05.750
"36 km SE of Hakha, Myanmar",4.4,93.8353,22.3856,51.54,2016-10-09 00:08:40.980
"42 km E of Farkh?r, Afghanistan",4.4,70.3285,36.5236,212.12,2016-10-07 23:32:42.680
"55 km SSW of Mawlaik, Myanmar",4.5,94.1855,23.1834,37.84,2016-10-07 19:28:41.000
"43 km N of Kod?ri??, Nepal",4.0,85.9666,28.35,10.0,2016-10-07 04:52:38.250
"51 km S of Farkh?r, Afghanistan",4.4,69.798,36.1088,113.21,2016-10-06 23:15:05.350
"21 km S of Tezpur, India",4.3,92.773,26.443,56.85,2016-10-06 14:47:57.210
"52 km N of Khand?d, Afghanistan",4.2,72.2761,37.4245,219.21,2016-10-05 23:44:47.290
"38 km ESE of Khorugh, Tajikistan",4.2,71.9289,37.3113,197.57,2016-10-05 20:03:23.060
"45 km SE of Pahlg?m, India",4.3,75.6917,33.7459,35.0,2016-10-04 14:19:21.580
Afghanistan-Tajikistan border region,4.3,71.5924,37.3428,123.38,2016-10-01 19:26:37.360
"Southern Qinghai, China",4.4,90.352,34.362,12.3,2016-10-01 13:11:23.200
"206 km NNW of Rikaze, China",4.2,88.1037,30.9806,34.62,2016-10-01 11:36:01.570
"62 km NNE of Muzaffar?b?d, Pakistan",5.4,73.6822,34.9048,10.0,2016-10-01 08:04:34.330
"27 km ENE of Muzaffar?b?d, Pakistan",4.3,73.7603,34.4341,14.28,2016-09-30 21:55:01.660
"Southern Qinghai, China",4.2,90.4046,34.4797,14.44,2016-09-29 13:58:52.560
"78 km E of Khand?d, Afghanistan",4.5,73.1955,36.9956,73.9,2016-09-27 05:12:40.430
"72 km E of Khand?d, Afghanistan",4.4,73.1268,36.8597,52.75,2016-09-27 05:11:50.670
"297 km NNW of Sabang, Indonesia",4.6,94.2744,8.3699,35.0,2016-09-26 19:04:19.150
"29 km W of Ashk?sham, Afghanistan",4.4,71.2088,36.6501,215.91,2016-09-26 00:13:41.400
"38 km SSW of Jurm, Afghanistan",4.0,70.6566,36.5451,202.61,2016-09-24 12:28:51.770
"295 km NNW of Sabang, Indonesia",4.9,94.3791,8.3937,35.0,2016-09-23 22:27:23.980
"12 km N of Sann, Pakistan",4.6,68.1516,26.1494,10.0,2016-09-22 20:24:28.620
"120 km ESE of Phek, India",4.6,95.6127,25.2601,141.47,2016-09-22 13:23:43.950
"29 km ENE of Khorugh, Tajikistan",4.5,71.8373,37.6217,124.13,2016-09-20 09:42:33.230
"180 km NNE of Bamboo Flat, India",4.3,93.048,13.301,35.0,2016-09-20 09:10:11.230
"51 km NW of Qamdo, China",4.0,96.8475,31.4958,46.25,2016-09-20 04:26:28.980
"171 km NE of Hayuliang, India",4.2,97.8313,29.1247,66.57,2016-09-19 21:11:27.000
"145 km S of Port Blair, India",4.6,92.6927,10.3504,33.56,2016-09-19 12:57:31.930
"Nicobar Islands, India region",4.3,92.2383,8.1628,30.06,2016-09-18 23:39:09.760
"12 km NNW of Nagarkot, Nepal",4.2,85.4746,27.8196,25.2,2016-09-18 17:14:17.810
"15 km SSW of Kakching, India",4.3,93.9151,24.368,63.47,2016-09-17 02:46:23.340
"133 km N of Bamboo Flat, India",4.3,92.492,12.8909,29.95,2016-09-16 05:18:49.780
"201 km SW of Port Blair, India",5.0,91.7111,10.1636,20.94,2016-09-15 02:30:46.460
"29 km SE of Jurm, Afghanistan",4.4,71.0232,36.6487,225.57,2016-09-14 11:26:51.610
"198 km SW of Port Blair, India",4.7,91.637,10.2454,27.71,2016-09-13 11:59:49.020
"49 km S of Jurm, Afghanistan",4.2,70.7897,36.4177,143.55,2016-09-12 18:20:53.590
"34 km WNW of Thal, Pakistan",4.3,71.8846,35.5744,35.0,2016-09-12 05:14:15.980
"54 km SSW of Jurm, Afghanistan",4.2,70.6223,36.4073,208.7,2016-09-11 07:07:03.410
"209 km SSE of Port Blair, India",4.6,93.2204,9.8342,75.1,2016-09-11 05:07:48.670
"7 km N of Beri Kh?s, India",4.1,76.5733,28.7684,10.0,2016-09-10 15:27:23.480
"114 km NNE of Jumla, Nepal",4.9,82.6753,30.2163,35.0,2016-09-10 00:46:18.380
"74 km SE of Farkh?r, Afghanistan",4.3,70.5412,36.1855,121.21,2016-09-09 11:03:13.650
"136 km NNE of Jumla, Nepal",4.3,82.8488,30.3571,35.0,2016-09-09 09:10:51.180
"Nicobar Islands, India region",4.5,93.8842,8.6016,80.77,2016-09-08 23:35:06.290
"74 km WSW of Gilgit, Pakistan",4.3,73.5467,35.6742,57.64,2016-09-06 18:02:24.400
"9 km NE of Battagram, Pakistan",4.7,73.098,34.7371,25.92,2016-09-05 04:50:14.360
"199 km N of Bamboo Flat, India",4.2,92.7137,13.5061,31.34,2016-09-04 22:28:38.650
"55 km N of Tawang, India",4.0,92.032,28.0653,28.78,2016-09-04 13:05:48.740
"98 km SSE of Hayuliang, India",4.5,96.8182,27.2224,43.69,2016-09-03 21:38:58.200
"43 km SW of Ashk?sham, Afghanistan",4.2,71.1988,36.3931,82.76,2016-09-03 19:05:19.120
"34 km E of Farkh?r, Afghanistan",4.1,70.2356,36.5205,204.17,2016-09-03 09:07:10.440
"52 km NNE of Along, India",4.6,94.9397,28.6255,23.69,2016-09-02 14:31:00.980
"1 km W of Shingli Bala, Pakistan",4.5,72.9636,34.6817,34.89,2016-09-02 08:19:53.300
"75 km SE of Farkh?r, Afghanistan",4.5,70.373,36.0392,104.05,2016-09-02 06:12:49.230
"33 km SSW of Ashk?sham, Afghanistan",4.0,71.3673,36.4173,109.09,2016-08-31 20:22:48.200
western Xizang,4.7,86.186,34.339,30.29,2016-08-31 09:25:06.570
western Xizang,4.2,86.3077,34.5068,30.16,2016-08-31 09:07:16.400
"29 km S of Jurm, Afghanistan",4.0,70.7749,36.5987,208.72,2016-08-30 20:15:45.180
"49 km SSW of Jurm, Afghanistan",4.4,70.6053,36.4544,202.33,2016-08-30 08:48:32.150
"54 km S of Jurm, Afghanistan",4.4,70.8866,36.3793,142.04,2016-08-28 16:57:37.060
"172 km WSW of Zangguy, China",4.2,76.9302,36.7734,92.12,2016-08-28 04:50:31.080
"2 km ENE of Rohru, India",4.1,77.7742,31.2127,10.0,2016-08-27 03:38:08.270
"6 km NE of R?mpur, India",4.5,77.6806,31.4834,10.0,2016-08-27 01:35:05.900
"33 km S of Jurm, Afghanistan",4.0,70.8799,36.5644,202.32,2016-08-27 01:19:39.460
"8 km ENE of R?mpur, India",4.6,77.7102,31.4746,10.0,2016-08-27 01:14:30.110
"298 km W of Ban Khao Lak, Thailand",4.5,95.5605,9.0105,14.46,2016-08-26 18:24:21.040
"Nicobar Islands, India region",4.4,94.4457,9.1191,10.0,2016-08-26 18:22:55.880
"Nicobar Islands, India region",4.7,93.9606,9.2319,10.0,2016-08-26 18:20:45.580
"15 km WNW of Chauk, Myanmar",4.5,94.6688,20.9317,93.15,2016-08-24 10:57:16.300
"26 km W of Chauk, Myanmar",6.8,94.569,20.9228,82.0,2016-08-24 10:34:54.580
"55 km ESE of Nahr?n, Afghanistan",4.4,69.7244,35.9377,114.4,2016-08-23 22:37:10.560
"Southern Qinghai, China",4.2,91.2726,36.0432,10.0,2016-08-23 05:32:24.350
"41 km NE of Mawlaik, Myanmar",5.0,94.6983,23.8972,101.74,2016-08-23 02:11:12.810
"47 km S of Jurm, Afghanistan",4.3,70.9154,36.4376,104.57,2016-08-22 23:05:38.060
"66 km S of Jurm, Afghanistan",4.5,70.7109,36.2732,114.84,2016-08-22 11:01:16.340
"24 km ESE of Khorugh, Tajikistan",4.2,71.8017,37.3981,162.58,2016-08-19 20:01:26.410
"23 km S of Shwebo, Myanmar",4.2,95.6586,22.3558,22.28,2016-08-19 10:45:55.470
"95 km ENE of Port Blair, India",4.6,93.5881,11.9017,107.98,2016-08-18 18:23:56.270
"210 km NNW of Sabang, Indonesia",4.3,94.2706,7.4749,112.31,2016-08-18 01:39:38.800
"46 km S of Jurm, Afghanistan",4.4,70.8539,36.4498,157.05,2016-08-16 22:35:34.270
"61 km NW of Monywa, Myanmar",4.5,94.7324,22.5185,115.1,2016-08-15 08:57:07.030
"44 km SSE of Jurm, Afghanistan",4.2,70.9594,36.473,158.04,2016-08-14 21:38:20.840
western Xizang,4.5,86.1993,34.3389,25.32,2016-08-14 13:10:14.840
"27 km S of Jurm, Afghanistan",4.2,70.8926,36.6231,217.52,2016-08-13 09:46:18.060
western Xizang,4.4,80.3573,34.6969,25.59,2016-08-12 12:23:24.490
western Xizang,4.7,86.2891,34.4055,10.0,2016-08-12 00:46:24.080
"21 km NE of Khorugh, Tajikistan",4.4,71.7379,37.6106,112.72,2016-08-11 13:50:56.910
"48 km SW of Ashk?sham, Afghanistan",4.5,71.1049,36.4108,133.1,2016-08-11 11:44:12.030
"271 km NW of Sabang, Indonesia",4.8,93.6872,7.7291,40.99,2016-08-11 10:55:13.190
"262 km NW of Sabang, Indonesia",4.5,93.6584,7.59,39.63,2016-08-11 10:52:26.170
western Xizang,4.7,86.2515,34.3687,29.39,2016-08-11 01:01:05.900
western Xizang,4.4,86.1267,34.4074,10.0,2016-08-10 10:23:42.660
western Xizang,4.4,86.1384,34.3563,10.0,2016-08-10 09:35:35.670
western Xizang,4.1,86.0882,34.4747,30.2,2016-08-10 08:56:40.740
western Xizang,4.3,86.1355,34.3848,30.01,2016-08-10 03:00:32.800
"52 km WSW of Ashk?sham, Afghanistan",4.0,71.0451,36.4236,147.42,2016-08-08 11:58:07.720
"50 km SSW of Jurm, Afghanistan",4.4,70.6236,36.4379,207.88,2016-08-04 17:20:44.080
"18 km NNW of Jabal os Saraj, Afghanistan",4.6,69.1851,35.2761,10.0,2016-08-04 02:20:06.480
"54 km SE of Farkh?r, Afghanistan",4.5,70.2216,36.1759,117.22,2016-08-03 09:38:14.190
"16 km SSE of Topi, Pakistan",4.2,72.7103,33.9373,55.87,2016-08-02 01:24:00.030
"51 km SW of Ashk?sham, Afghanistan",4.3,71.0587,36.4155,110.2,2016-08-01 22:21:47.140
"15 km WNW of Seoni, India",4.5,76.9876,31.3148,35.06,2016-08-01 13:38:32.850
"16 km W of Pakokku, Myanmar",5.1,94.9305,21.3109,131.47,2016-08-01 10:01:08.200
"67 km NNE of Shi Yomi, India",4.1,94.6895,29.068,28.23,2016-07-30 11:58:56.360
"51 km SSW of Jurm, Afghanistan",4.1,70.5869,36.4487,206.5,2016-07-30 00:46:38.090
"10 km SSE of Nahr?n, Afghanistan",4.5,69.1865,35.9853,108.31,2016-07-27 12:37:15.470
Myanmar,4.9,94.5705,21.5143,96.84,2016-07-27 04:20:28.200
"49 km SSW of Jurm, Afghanistan",4.3,70.5276,36.4925,202.16,2016-07-25 06:36:22.610
"17 km W of Ashk?sham, Afghanistan",4.4,71.3329,36.6938,177.65,2016-07-25 03:44:58.820
"166 km SSE of Pyapon, Myanmar",5.0,96.4342,14.9748,27.75,2016-07-24 23:09:49.190
"Andaman Islands, India region",4.4,93.3143,12.7303,62.76,2016-07-24 15:33:07.260
"61 km E of Khorugh, Tajikistan",4.2,72.248,37.5308,228.12,2016-07-22 22:13:35.420
"37 km SE of Khorugh, Tajikistan",4.2,71.8885,37.2783,191.52,2016-07-21 21:54:03.810
"89 km SSE of Mawlaik, Myanmar",4.4,94.5868,22.8487,91.45,2016-07-20 03:23:43.710
"74 km SE of Farkh?r, Afghanistan",4.5,70.3348,36.0289,100.81,2016-07-19 20:35:06.330
"41 km ESE of Khorugh, Tajikistan",4.4,71.9435,37.284,202.86,2016-07-19 03:19:21.910
"33 km W of Ashk?sham, Afghanistan",4.1,71.1547,36.6842,240.56,2016-07-18 22:41:22.080
"7 km ESE of Kahna Nau, Pakistan",4.5,74.4464,31.3474,60.73,2016-07-17 11:53:57.580
"12 km SSW of Gariadhar, India",4.1,71.5526,21.4276,10.0,2016-07-17 03:54:57.560
"168 km SSW of Pathein, Myanmar",4.6,93.8979,15.4873,10.0,2016-07-15 16:08:02.180
"268 km E of Port Blair, India",4.5,95.1704,12.0821,10.0,2016-07-13 17:56:32.830
"75 km E of W?ngjing, India",4.0,94.8081,24.5435,91.5,2016-07-13 09:33:32.000
"31 km S of Jurm, Afghanistan",4.3,70.8526,36.5856,225.42,2016-07-12 09:05:26.910
"30 km SE of Jurm, Afghanistan",4.1,71.1049,36.7044,225.4,2016-07-11 20:23:16.530
"56 km ESE of Farkh?r, Afghanistan",4.1,70.4393,36.3859,149.11,2016-07-11 06:51:26.070
"32 km ESE of Ishqoshim, Tajikistan",4.1,71.9199,36.5695,107.63,2016-07-11 06:31:19.250
"40 km NNW of Ishqoshim, Tajikistan",4.4,71.3813,37.0391,106.55,2016-07-10 10:58:12.330
"35 km SW of Ashk?sham, Afghanistan",4.3,71.2995,36.4299,93.53,2016-07-08 18:37:34.370
"33 km SSW of Jurm, Afghanistan",4.4,70.7003,36.5826,170.67,2016-07-07 08:41:38.790
"40 km NW of Khand?d, Afghanistan",4.2,71.9425,37.1547,199.33,2016-07-07 03:41:10.360
"Hindu Kush region, Afghanistan",4.0,70.356,36.5151,204.44,2016-07-06 21:03:01.380
"116 km SE of Phek, India",4.4,95.2089,24.8397,101.26,2016-07-05 09:43:44.490
"30 km SSE of Hakha, Myanmar",4.5,93.7739,22.4144,37.11,2016-07-04 12:07:23.030
"25 km N of Nahr?n, Afghanistan",4.1,69.1169,36.2944,158.04,2016-07-03 11:42:00.890
"50 km ENE of Khorugh, Tajikistan",4.3,72.1034,37.6204,126.76,2016-07-03 08:09:06.030
"64 km W of Chauk, Myanmar",4.3,94.2046,20.8076,78.31,2016-07-02 05:04:15.390
"31 km NNE of Dipayal, Nepal",4.4,81.0984,29.5139,10.0,2016-07-02 00:23:46.380
"117 km SE of Phek, India",4.7,95.3737,24.9691,132.35,2016-07-01 19:22:40.040
"24 km S of Farkh?r, Afghanistan",4.1,69.8297,36.3523,167.97,2016-07-01 13:48:27.030
"35 km W of Dera Ghazi Khan, Pakistan",4.5,70.2698,30.0569,10.0,2016-06-30 20:50:36.800
western Xizang,4.3,84.8263,32.8408,38.86,2016-06-30 10:29:52.510
"37 km NNE of Dipayal, Nepal",4.6,81.1306,29.5553,9.03,2016-06-29 09:10:28.860
"110 km NE of Lobujya, Nepal",4.7,87.4704,28.7638,10.0,2016-06-27 14:53:00.680
Eastern Xizang,4.3,91.995,32.689,38.78,2016-06-27 13:04:41.660
"14 km SSE of Wana, Pakistan",4.6,69.6512,32.1823,46.92,2016-06-27 05:27:43.810
"76 km SE of Farkh?r, Afghanistan",4.1,70.381,36.0248,121.4,2016-06-27 03:35:03.310
"24 km NE of Raoj?n, Bangladesh",4.7,92.0667,22.7084,10.0,2016-06-27 00:27:43.780
"22 km ESE of Farkh?r, Afghanistan",4.9,70.0964,36.5089,214.92,2016-06-26 09:14:06.040
"24 km W of Ashk?sham, Afghanistan",4.5,71.2619,36.6911,191.37,2016-06-24 17:00:10.790
"45 km SSW of Jurm, Afghanistan",5.3,70.6894,36.4695,210.0,2016-06-23 11:35:38.380
"254 km N of Saga, China",4.4,85.1956,31.618,10.0,2016-06-22 20:23:52.190
"82 km NW of Monywa, Myanmar",4.6,94.6296,22.6845,109.32,2016-06-22 13:03:20.220
"52 km S of Gilgit, Pakistan",4.5,74.255,35.444,35.0,2016-06-21 16:47:15.930
"33 km W of Kirtipur, Nepal",3.5,84.9384,27.7243,10.0,2016-06-21 05:49:46.420
"20 km S of ?uk?mat? Dahanah-ye Gh?r?, Afghanistan",4.3,68.4447,35.7257,16.6,2016-06-20 20:27:14.630
"94 km W of Yenangyaung, Myanmar",4.5,93.9691,20.5353,49.03,2016-06-20 08:05:22.150
"40 km ENE of Jurm, Afghanistan",4.4,71.2487,37.0221,107.69,2016-06-18 16:54:26.980
"32 km SSE of Jurm, Afghanistan",4.2,71.0127,36.6132,224.35,2016-06-17 09:32:54.550
"29 km WSW of Ashk?sham, Afghanistan",4.2,71.2357,36.5712,103.94,2016-06-17 08:45:41.290
"68 km SE of Farkh?r, Afghanistan",4.8,70.3346,36.0916,108.87,2016-06-15 09:02:16.350
"29 km N of Bharatpur, Nepal",4.1,84.4925,27.9339,10.0,2016-06-13 23:27:42.520
"119 km WNW of Sabang, Indonesia",4.2,94.3554,6.3836,70.26,2016-06-13 00:16:58.710
"40 km SW of Ashk?sham, Afghanistan",4.7,71.2307,36.4178,104.46,2016-06-11 21:54:08.820
"66 km SE of Tuensang, India",4.5,95.2245,25.7858,83.12,2016-06-11 18:12:23.380
"24 km ENE of Khorugh, Tajikistan",4.6,71.8189,37.563,118.54,2016-06-10 23:11:18.920
"21 km ENE of Hakha, Myanmar",4.3,93.8121,22.6959,40.58,2016-06-10 14:21:08.660
"44 km SSW of Ashk?sham, Afghanistan",4.2,71.2656,36.3468,117.8,2016-06-08 01:33:51.850
Tajikistan,4.5,72.5251,37.9035,10.0,2016-06-06 04:26:02.220
"62 km SE of Farkh?r, Afghanistan",4.1,70.3095,36.1466,105.0,2016-06-05 22:48:10.190
"55 km S of ?uk?mat? Dahanah-ye Gh?r?, Afghanistan",4.0,68.555,35.4118,27.06,2016-06-04 18:20:44.820
"34 km S of Jurm, Afghanistan",4.2,70.8806,36.5575,201.18,2016-06-03 17:35:52.040
"10 km ENE of Pyu, Myanmar",4.6,96.5261,18.5171,10.0,2016-06-02 06:02:40.850
"16 km WSW of Ashk?sham, Afghanistan",4.1,71.3503,36.6446,176.16,2016-06-02 05:17:31.260
"29 km S of Jurm, Afghanistan",4.2,70.8334,36.5976,220.91,2016-06-01 17:39:55.150
"59 km NNE of B?z?rak, Afghanistan",4.6,69.7339,35.8184,107.49,2016-05-31 17:42:41.270
"135 km SW of Zangguy, China",4.0,77.6387,36.4589,94.29,2016-05-31 12:13:19.510
"103 km ENE of Lhasa, China",4.0,92.142,29.8731,36.89,2016-05-30 17:40:24.090
"72 km N of P?r?n, Afghanistan",4.5,70.8256,36.0664,93.28,2016-05-29 06:46:00.100
"31 km W of Ashk?sham, Afghanistan",4.1,71.1757,36.6885,222.3,2016-05-28 11:42:19.540
"34 km NNW of Nagarkot, Nepal",4.6,85.4237,28.0097,10.0,2016-05-28 09:39:10.850
"142 km SSW of Zangguy, China",4.1,77.9088,36.197,84.78,2016-05-27 19:08:10.990
"47 km NW of Sarupathar, India",4.6,96.4968,26.5252,64.3,2016-05-27 05:03:10.200
"86 km NE of Lobujya, Nepal",4.0,87.4821,28.4555,10.0,2016-05-26 09:29:25.640
"36 km ENE of Bhadarw?h, India",4.1,76.0936,33.0759,35.0,2016-05-24 10:17:59.320
"18 km W of Kirtipur, Nepal",4.3,85.0896,27.704,10.0,2016-05-23 19:09:52.790
"84 km NE of Lobujya, Nepal",4.2,87.4903,28.4178,10.0,2016-05-23 18:09:03.320
"23 km ESE of Jurm, Afghanistan",4.2,71.0647,36.7677,82.24,2016-05-23 01:33:12.810
"166 km SSW of Port Blair, India",4.1,92.2057,10.2558,30.04,2016-05-22 22:32:36.380
"37 km SSW of Jurm, Afghanistan",4.4,70.7315,36.5416,194.11,2016-05-22 15:27:07.000
"101 km NE of Lobujya, Nepal",4.3,87.5853,28.5599,11.05,2016-05-22 04:49:45.200
"71 km NE of Lobujya, Nepal",4.0,87.3554,28.3854,10.0,2016-05-22 02:55:42.320
"94 km NE of Lobujya, Nepal",5.1,87.4796,28.5654,4.44,2016-05-22 02:05:54.680
"89 km NE of Lobujya, Nepal",5.4,87.5326,28.4538,9.36,2016-05-22 01:48:48.130
"51 km NE of Lobujya, Nepal",4.0,87.2227,28.2457,10.37,2016-05-22 01:46:09.770
"89 km NE of Lobujya, Nepal",4.5,87.5067,28.4767,6.99,2016-05-22 01:32:31.690
"34 km NNE of Mawlaik, Myanmar",4.0,94.5819,23.9073,83.75,2016-05-21 21:57:39.400
"64 km NE of Lobujya, Nepal",4.0,87.3528,28.2817,10.0,2016-05-21 07:59:00.050
"18 km ENE of Kabul, Afghanistan",4.0,69.3521,34.6112,32.09,2016-05-20 01:40:18.710
Myanmar-India border region,4.8,93.9152,22.7638,42.42,2016-05-19 23:10:24.720
"226 km WNW of Qamdo, China",4.7,95.0925,32.1179,10.0,2016-05-18 16:57:11.390
"8 km W of Ashk?sham, Afghanistan",4.4,71.4348,36.674,155.68,2016-05-17 11:41:48.350
"16 km SSW of Lakhipur, India",4.3,90.2255,25.9006,35.12,2016-05-16 18:03:47.500
"42 km S of Jurm, Afghanistan",4.5,70.8555,36.4865,193.47,2016-05-15 18:41:26.550
"50 km SSW of Jurm, Afghanistan",4.1,70.69,36.4277,176.46,2016-05-15 13:51:36.750
Nepal,4.4,85.3631,27.8608,22.11,2016-05-14 22:45:55.420
"26 km N of Nagarkot, Nepal",4.0,85.5191,27.958,10.0,2016-05-13 23:20:59.460
"Hindu Kush region, Afghanistan",4.2,69.0671,36.0642,45.57,2016-05-12 16:02:04.610
"41 km SE of Kakching, India",4.8,94.3125,24.2716,71.48,2016-05-12 07:54:19.140
"59 km SSW of Ashk?sham, Afghanistan",4.5,71.2012,36.2179,99.82,2016-05-12 03:02:36.730
"42 km SSW of Jurm, Afghanistan",4.2,70.7246,36.4919,206.19,2016-05-11 09:55:03.950
"43 km NNE of Bharatpur, Nepal",4.5,84.5639,28.0545,15.99,2016-05-11 08:52:47.570
"232 km WNW of Qamdo, China",4.1,94.9817,32.0502,45.96,2016-05-11 07:07:52.210
"45 km NW of Kirtipur, Nepal",4.5,84.9277,27.9448,10.23,2016-05-11 01:19:42.320
"227 km WNW of Qamdo, China",5.2,95.0268,32.0221,8.0,2016-05-11 01:15:47.220
"137 km WSW of Bamboo Flat, India",5.2,91.5047,11.3506,10.0,2016-05-09 16:03:47.250
"151 km WSW of Bamboo Flat, India",4.3,91.4012,11.2676,10.0,2016-05-09 16:00:22.140
"33 km NW of Kod?ri??, Nepal",4.2,85.7631,28.21,39.31,2016-05-09 05:17:54.750
"43 km E of Farkh?r, Afghanistan",4.0,70.3441,36.5179,218.85,2016-05-09 00:49:34.220
"36 km S of Jurm, Afghanistan",4.2,70.9054,36.5382,175.94,2016-05-08 20:37:08.950
western Xizang,4.7,86.6563,34.7921,10.0,2016-05-08 10:13:50.900
"14 km NE of Cherrapunji, India",4.1,91.7893,25.4013,37.62,2016-05-07 09:43:39.640
"40 km SE of Khorugh, Tajikistan",4.1,71.9116,37.2692,203.21,2016-05-06 11:28:43.280
"27 km SSW of Mawlaik, Myanmar",4.1,94.287,23.4241,26.82,2016-05-06 03:06:44.170
"22 km NNW of Ashk?sham, Afghanistan",4.6,71.406,36.8594,176.57,2016-05-05 04:52:48.800
"101 km WNW of Rikaze, China",4.1,87.9346,29.6379,25.81,2016-05-03 16:31:51.850
"31 km SSE of Khorugh, Tajikistan",4.6,71.7137,37.239,103.43,2016-05-03 02:54:28.350
"49 km WNW of Monywa, Myanmar",4.2,94.6863,22.2751,119.97,2016-05-02 15:49:02.290
"71 km NW of Monywa, Myanmar",4.2,94.7197,22.6224,79.46,2016-05-01 07:08:41.920
"52 km S of Jurm, Afghanistan",4.4,70.7246,36.4002,114.95,2016-05-01 06:16:12.690
"52 km SSW of Jurm, Afghanistan",4.0,70.6549,36.412,207.55,2016-04-30 19:43:11.590
"63 km NW of P?r?n, Afghanistan",4.2,70.4691,35.8567,91.29,2016-04-28 17:32:42.170
"47 km ESE of Khorugh, Tajikistan",4.1,72.0592,37.3528,149.34,2016-04-27 10:54:33.860
western Xizang,4.2,81.117,34.5095,33.58,2016-04-27 00:26:58.290
"205 km SW of Port Blair, India",4.3,91.5917,10.2055,22.65,2016-04-24 21:55:42.770
Afghanistan-Tajikistan border region,5.1,71.4798,37.0018,114.79,2016-04-24 21:43:10.390
"238 km WNW of Qamdo, China",4.6,94.9179,32.0743,10.0,2016-04-23 10:40:58.160
"219 km WNW of Qamdo, China",4.8,95.1012,31.9952,15.92,2016-04-23 09:32:56.990
"southern Xinjiang, China",4.2,83.6197,36.8034,10.0,2016-04-23 04:16:08.550
"121 km WNW of Bhamo, Myanmar",4.3,96.0794,24.5441,57.11,2016-04-22 07:50:43.770
"224 km SSE of Port Blair, India",4.5,93.8287,9.9398,31.38,2016-04-22 02:43:05.050
"62 km SSW of Ashk?sham, Afghanistan",4.5,71.1964,36.1948,98.31,2016-04-20 11:02:51.660
"25 km ESE of Farkh?r, Afghanistan",4.8,70.1303,36.519,220.7,2016-04-20 03:28:26.650
"192 km SE of Port Blair, India",4.4,93.7772,10.2564,42.83,2016-04-19 20:47:57.190
"190 km SSE of Port Blair, India",5.3,93.6895,10.2153,10.0,2016-04-19 20:32:57.090
"109 km ENE of Lobujya, Nepal",4.3,87.8381,28.3381,55.92,2016-04-19 17:22:17.910
"144 km NNW of Bamboo Flat, India",4.7,92.3335,12.9466,37.35,2016-04-18 15:29:54.930
"44 km SW of Ashk?sham, Afghanistan",4.2,71.2135,36.3757,109.92,2016-04-17 09:52:47.550
"75 km NE of Lobujya, Nepal",4.1,87.4392,28.3437,10.0,2016-04-16 04:33:03.290
"71 km NNW of P?r?n, Afghanistan",4.6,70.7199,36.0464,92.36,2016-04-16 02:10:47.040
"35 km SW of Ashk?sham, Afghanistan",4.4,71.2923,36.4241,104.47,2016-04-15 12:51:25.080
"53 km SE of Farkh?r, Afghanistan",4.4,70.1956,36.1748,110.5,2016-04-15 08:51:56.370
"28 km NW of Mawlaik, Myanmar",4.6,94.1986,23.816,61.25,2016-04-14 05:41:53.140
"282 km ENE of Port Blair, India",4.9,95.1787,12.5623,10.0,2016-04-13 14:14:03.240
"76 km SE of Mawlaik, Myanmar",6.9,94.8654,23.0944,136.0,2016-04-13 13:55:17.800
"26 km ESE of Khorugh, Tajikistan",4.1,71.8263,37.386,137.58,2016-04-13 09:50:42.990
"52 km S of Jurm, Afghanistan",4.2,70.9266,36.3937,137.1,2016-04-13 01:23:26.470
"40 km SSE of Kod?ri??, Nepal",4.3,86.0621,27.6062,10.0,2016-04-12 14:41:52.170
"75 km SSW of Jurm, Afghanistan",4.1,70.6543,36.2029,101.29,2016-04-12 07:10:10.430
"51 km SSW of Ashk?sham, Afghanistan",4.1,71.254,36.2741,101.34,2016-04-11 11:28:54.190
"46 km SW of Ashk?sham, Afghanistan",4.0,71.1157,36.4294,218.52,2016-04-11 07:34:14.950
"40 km E of Farkh?r, Afghanistan",4.0,70.3003,36.5057,219.12,2016-04-10 22:14:17.850
"42 km WSW of Ashk?sham, Afghanistan",6.6,71.1311,36.4725,212.0,2016-04-10 10:28:58.720
"4 km SSW of P?tan, Nepal",4.1,85.3002,27.6354,10.22,2016-04-09 13:20:13.820
"62 km N of Khand?d, Afghanistan",4.1,72.2869,37.5163,188.35,2016-04-08 21:38:10.580
"21 km E of Jurm, Afghanistan",4.9,71.0735,36.8983,76.19,2016-04-08 14:30:43.820
"30 km S of Farkh?r, Afghanistan",4.0,69.8329,36.3025,119.62,2016-04-08 09:59:03.270
"70 km S of Jurm, Afghanistan",4.5,70.7633,36.2347,108.29,2016-04-08 02:19:53.860
"50 km SSE of Jurm, Afghanistan",4.2,71.0287,36.4386,106.74,2016-04-08 00:24:11.910
"27 km SSW of ?uk?mat? Azrah, Afghanistan",4.0,69.4921,33.9561,35.0,2016-04-07 21:24:41.420
"45 km SW of Ashk?sham, Afghanistan",4.4,71.1206,36.4374,106.97,2016-04-07 15:15:58.150
"37 km WNW of Jahanian Shah, Pakistan",4.1,71.8979,31.9049,29.8,2016-04-06 02:06:07.210
"40 km SE of Khorugh, Tajikistan",4.0,71.9275,37.2786,152.99,2016-04-05 07:49:47.290
"38 km SE of Lakhipur, India",5.0,90.5452,25.7595,10.0,2016-04-05 07:42:24.390
Afghanistan-Tajikistan border region,4.1,71.7494,37.2672,106.29,2016-04-05 04:33:24.570
"14 km E of Taloqan, Afghanistan",4.1,69.6987,36.7375,298.26,2016-04-04 12:22:09.890
"43 km E of Farkh?r, Afghanistan",4.3,70.3366,36.6419,79.98,2016-04-04 11:12:53.600
"30 km ESE of Dhulikhel, Nepal",4.2,85.8383,27.5381,23.69,2016-04-04 04:31:26.640
"15 km NW of Mawlaik, Myanmar",4.1,94.3079,23.7551,62.6,2016-04-03 10:58:32.640
"42 km SSW of Jurm, Afghanistan",4.3,70.683,36.5036,190.78,2016-04-01 08:12:42.120
"11 km NNE of Nagarkot, Nepal",4.1,85.5483,27.8164,10.0,2016-03-30 12:26:40.280
"25 km SSE of Go?lp?ra, India",4.0,90.6891,25.9519,10.0,2016-03-28 18:40:06.780
"29 km SSE of Jurm, Afghanistan",4.3,70.9424,36.6162,216.99,2016-03-27 08:11:43.940
"41 km E of Farkh?r, Afghanistan",4.2,70.3097,36.5023,204.29,2016-03-26 18:39:33.580
"44 km S of Jurm, Afghanistan",4.0,70.904,36.4638,147.51,2016-03-25 20:27:37.140
"38 km S of Jurm, Afghanistan",4.0,70.8341,36.5197,155.2,2016-03-25 19:03:59.570
"45 km ENE of Jurm, Afghanistan",4.1,71.2661,37.0865,104.81,2016-03-23 21:23:36.480
"119 km WNW of Bhamo, Myanmar",4.5,96.1321,24.6302,57.15,2016-03-23 10:50:02.380
"40 km WSW of Ashk?sham, Afghanistan",4.1,71.1404,36.5015,95.46,2016-03-22 20:14:55.150
"90 km ENE of Khorugh, Tajikistan",4.3,72.5131,37.775,10.0,2016-03-21 05:32:27.510
"11 km SW of Ashk?sham, Afghanistan",4.3,71.4329,36.6185,242.11,2016-03-20 18:22:55.230
"195 km NW of Shi Yomi, India",4.7,93.1989,29.9569,10.0,2016-03-20 16:54:13.110
"54 km E of Khorugh, Tajikistan",4.2,72.1641,37.5144,188.33,2016-03-20 13:18:28.050
"54 km SSW of Jurm, Afghanistan",4.1,70.6402,36.4012,207.56,2016-03-20 00:19:01.790
Myanmar,4.3,97.6713,20.0446,27.05,2016-03-19 23:17:30.070
"3 km S of Jurm, Afghanistan",4.0,70.8282,36.8381,81.76,2016-03-19 00:11:27.860
"46 km WNW of Khand?d, Afghanistan",4.1,71.8376,37.1191,193.67,2016-03-17 23:46:42.250
"46 km ESE of Leh, India",4.1,78.0686,34.044,31.9,2016-03-17 16:47:01.810
"25 km WNW of Zangguy, China",3.9,78.482,37.3331,41.84,2016-03-17 02:13:24.830
"1 km NE of Nagarkot, Nepal",4.3,85.534,27.7234,27.09,2016-03-14 21:27:35.270
"175 km SSE of Port Blair, India",4.3,93.5317,10.2834,125.89,2016-03-13 15:04:36.930
"9 km W of Morigaon, India",4.5,92.2565,26.245,53.71,2016-03-13 10:30:11.160
"41 km ENE of Bharatpur, Nepal",4.4,84.8208,27.8303,10.0,2016-03-13 05:15:33.690
"9 km NW of Birpara, India",3.9,89.092,26.7746,14.88,2016-03-12 16:15:12.250
"29 km ESE of Farkh?r, Afghanistan",4.1,70.1695,36.4782,222.01,2016-03-12 13:52:05.560
"144 km SSW of Port Blair, India",4.2,92.4579,10.3914,27.86,2016-03-12 09:39:37.700
"43 km ESE of Farkh?r, Afghanistan",4.1,70.2987,36.4096,212.16,2016-03-12 02:01:26.890
"southern Xinjiang, China",4.6,84.0352,36.5452,14.06,2016-03-11 14:44:27.290
"23 km E of Hakha, Myanmar",4.2,93.8341,22.6044,34.99,2016-03-10 15:02:10.940
"24 km SSE of Khorugh, Tajikistan",4.2,71.6303,37.276,139.54,2016-03-08 18:35:05.180
"243 km SSE of Port Blair, India",4.4,93.4345,9.5751,10.0,2016-03-08 09:55:34.760
"32 km ESE of Falam, Myanmar",4.5,93.9433,22.7585,50.03,2016-03-07 12:23:01.700
"23 km ENE of Chauk, Myanmar",4.6,95.0238,20.98,100.99,2016-03-07 03:13:58.190
"45 km WSW of Ashk?sham, Afghanistan",4.3,71.0971,36.4804,102.63,2016-03-06 02:46:00.230
"62 km W of P?r?n, Afghanistan",4.0,70.2435,35.5288,89.48,2016-03-04 22:55:48.520
western Xizang,4.4,81.4137,33.454,13.68,2016-03-03 14:52:47.620
"41 km ESE of Barkhan, Pakistan",4.6,69.9154,29.7391,10.0,2016-03-02 06:35:11.210
"45 km SE of Mon, India",4.1,95.4216,26.4817,21.67,2016-03-02 04:03:50.420
"8 km N of Pul-e Khumr?, Afghanistan",4.5,68.7058,36.0236,35.29,2016-03-01 07:33:41.990
"80 km WNW of Zangguy, China",4.3,77.9369,37.5781,10.0,2016-02-29 18:37:58.470
"57 km W of Zangguy, China",4.0,78.1255,37.3385,10.0,2016-02-29 18:35:46.170
"180 km SSE of Port Blair, India",4.0,93.6503,10.2974,127.6,2016-02-28 23:11:03.470
"235 km NNE of Bamboo Flat, India",4.5,93.915,13.4762,98.7,2016-02-27 00:31:05.120
"24 km ENE of Nagarkot, Nepal",4.7,85.7365,27.8322,10.0,2016-02-24 09:22:16.670
"22 km SE of Jurm, Afghanistan",4.2,71.0155,36.7273,77.91,2016-02-24 08:29:22.100
"38 km ESE of Farkh?r, Afghanistan",4.4,70.2726,36.4712,205.63,2016-02-24 07:06:57.610
"227 km WNW of Qamdo, China",5.1,95.0448,32.0565,10.0,2016-02-23 00:33:38.210
"Nicobar Islands, India region",4.6,92.1235,7.122,10.0,2016-02-22 18:20:53.250
"40 km NE of Bharatpur, Nepal",5.1,84.6943,27.9633,16.72,2016-02-21 18:10:00.970
"141 km SSW of Zangguy, China",4.5,78.0985,36.1288,35.7,2016-02-21 16:32:02.560
"41 km S of Jurm, Afghanistan",5.2,70.8607,36.4892,174.0,2016-02-21 09:12:08.130
"Nicobar Islands, India region",4.8,92.4103,6.9364,23.56,2016-02-21 03:39:38.190
"44 km ESE of Farkh?r, Afghanistan",4.4,70.3448,36.4912,198.7,2016-02-20 18:43:47.080
"40 km WSW of Kulachi, Pakistan",4.3,70.0646,31.802,51.34,2016-02-20 00:58:00.930
"43 km E of Farkh?r, Afghanistan",4.4,70.3403,36.4991,214.32,2016-02-18 06:06:07.130
"34 km NW of Bokaj?n, India",4.7,93.4977,26.196,39.72,2016-02-16 23:06:59.690
"50 km WNW of Dera Ghazi Khan, Pakistan",4.1,70.1651,30.2409,24.67,2016-02-14 19:57:15.690
"16 km NNE of Samtse, Bhutan",3.7,89.1875,27.0268,50.32,2016-02-13 21:37:54.080
"32 km S of Jurm, Afghanistan",4.1,70.8196,36.5751,211.46,2016-02-13 20:50:25.700
"10 km W of Ashk?sham, Afghanistan",4.5,71.4161,36.6957,146.91,2016-02-13 19:40:20.770
"20 km SSW of Jurm, Afghanistan",4.0,70.7096,36.7057,261.42,2016-02-13 12:06:34.100
"50 km SW of Jurm, Afghanistan",4.1,70.4939,36.5054,200.83,2016-02-12 23:21:58.230
"69 km SSW of Ashk?sham, Afghanistan",4.2,71.1977,36.1167,97.71,2016-02-10 21:33:14.350
"34 km S of Jurm, Afghanistan",4.2,70.809,36.5573,187.31,2016-02-10 19:15:18.870
"10 km E of Nagarkot, Nepal",4.1,85.6292,27.7118,21.15,2016-02-10 16:27:41.910
"33 km E of Bhadarw?h, India",4.2,76.0777,32.9944,40.2,2016-02-09 15:13:53.700
"195 km NNE of Saga, China",4.7,86.284,30.8319,32.43,2016-02-09 02:29:04.040
"51 km SW of Ashk?sham, Afghanistan",4.1,71.078,36.3944,124.61,2016-02-08 01:15:35.260
"35 km E of Farkh?r, Afghanistan",4.3,70.2478,36.5306,195.73,2016-02-08 00:33:08.340
"63 km E of Qamdo, China",4.1,97.8505,31.1369,10.0,2016-02-07 23:40:01.440
"40 km E of Farkh?r, Afghanistan",4.5,70.3108,36.5279,205.91,2016-02-07 14:16:56.810
"19 km N of Kathmandu, Nepal",5.2,85.3377,27.8782,23.53,2016-02-05 16:20:11.740
"100 km ENE of Khorugh, Tajikistan",4.4,72.5322,37.9452,56.64,2016-02-05 03:32:24.150
"291 km N of Bamboo Flat, India",5.1,93.204,14.2933,10.0,2016-02-04 15:30:49.930
"49 km E of Farkh?r, Afghanistan",4.3,70.4041,36.5376,215.39,2016-02-04 07:28:18.160
"33 km NNW of Chamba, India",4.3,76.043,32.8455,58.67,2016-02-04 07:10:36.880
"158 km SSE of Port Blair, India",4.4,93.3475,10.3608,96.08,2016-02-03 15:24:07.060
"18 km E of Chubek, Tajikistan",4.1,69.9131,37.6295,4.8,2016-02-02 15:27:55.840
Xizang-Qinghai border region,4.5,89.2272,34.7456,11.97,2016-02-02 13:20:36.750
Xizang-Qinghai border region,4.2,89.6622,34.8454,11.42,2016-02-02 04:20:04.990
"26 km W of Ashk?sham, Afghanistan",4.1,71.2393,36.7026,186.45,2016-02-02 00:32:10.500
"99 km WNW of Saga, China",4.1,84.2685,29.6353,10.0,2016-01-31 04:39:48.230
"103 km WNW of Saga, China",4.2,84.2327,29.6637,10.0,2016-01-31 04:18:25.460
"32 km ESE of Farkh?r, Afghanistan",4.0,70.1989,36.4794,203.21,2016-01-30 00:29:25.720
Afghanistan-Tajikistan-Pakistan region,4.2,71.1763,36.7887,82.99,2016-01-28 11:52:56.060
"93 km WNW of Rikaze, China",4.1,87.9565,29.4663,10.0,2016-01-28 09:36:03.450
"253 km NNE of Bamboo Flat, India",4.6,93.8004,13.7261,88.89,2016-01-27 22:09:56.710
"32 km SSW of Baraki Barak, Afghanistan",4.4,68.7772,33.7119,25.24,2016-01-27 10:41:06.650
"19 km N of Farkh?r, Afghanistan",5.2,69.8659,36.7511,307.31,2016-01-26 23:19:08.860
"104 km WNW of Rikaze, China",4.2,87.8553,29.5248,24.65,2016-01-26 16:57:30.840
"61 km SSW of Jurm, Afghanistan",4.5,70.5351,36.3695,146.4,2016-01-26 14:59:59.380
"52 km SSW of Jurm, Afghanistan",4.2,70.6516,36.4196,211.62,2016-01-26 09:16:57.860
"41 km ESE of Farkh?r, Afghanistan",4.2,70.313,36.4912,203.28,2016-01-26 08:45:10.520
"58 km S of Jurm, Afghanistan",4.3,70.9159,36.3396,94.05,2016-01-26 02:24:26.320
"41 km SE of Khorugh, Tajikistan",4.1,71.8376,37.1902,164.49,2016-01-26 00:24:55.520
"50 km SSW of Jurm, Afghanistan",4.4,70.5999,36.4498,205.07,2016-01-24 06:05:56.980
"16 km W of Ashk?sham, Afghanistan",5.0,71.3509,36.6676,94.89,2016-01-23 04:54:11.320
"73 km SE of Farkh?r, Afghanistan",4.5,70.3951,36.0766,117.84,2016-01-22 12:56:30.340
Xizang-Nepal border region,4.5,85.0515,28.0269,19.01,2016-01-21 19:22:43.590
"78 km NE of Mawlaik, Myanmar",4.3,94.9004,24.1868,84.65,2016-01-18 06:04:53.130
"54 km E of Khorugh, Tajikistan",4.1,72.1614,37.5367,191.46,2016-01-18 00:50:35.420
"36 km NE of Jurm, Afghanistan",4.8,71.1693,37.05,85.39,2016-01-17 19:46:45.060
"6 km SW of Farkh?r, Afghanistan",4.5,69.7999,36.5317,47.9,2016-01-16 20:43:47.930
"40 km ESE of Farkh?r, Afghanistan",4.5,70.2817,36.4524,200.56,2016-01-16 17:11:51.580
"16 km NE of Port Blair, India",4.3,92.8636,11.7568,50.41,2016-01-15 19:24:52.540
"51 km SSW of Jurm, Afghanistan",4.1,70.6232,36.4294,211.67,2016-01-14 23:21:45.880
"63 km SW of Ashk?sham, Afghanistan",4.1,71.1002,36.2347,97.32,2016-01-14 22:46:01.120
"54 km SW of Jurm, Afghanistan",4.0,70.4554,36.4844,200.94,2016-01-14 18:45:57.430
"107 km WNW of Rikaze, China",4.1,87.8145,29.4873,10.0,2016-01-14 00:03:52.650
"98 km WNW of Rikaze, China",4.4,88.0054,29.7043,10.0,2016-01-13 23:15:46.160
"136 km NNW of Nagqu, China",5.2,91.6264,32.6531,10.0,2016-01-13 20:34:58.780
"34 km SW of Ashk?sham, Afghanistan",4.5,71.2144,36.5107,85.67,2016-01-13 14:19:27.640
"31 km SSE of Jurm, Afghanistan",5.7,70.9503,36.5979,239.0,2016-01-12 20:04:59.710
"21 km SSW of Thongwa, Myanmar",4.4,96.4762,16.5725,50.56,2016-01-12 14:59:35.080
"20 km ESE of Jurm, Afghanistan",4.0,71.0407,36.7924,88.84,2016-01-11 12:43:03.040
"204 km N of Bamboo Flat, India",4.1,92.7103,13.5519,35.0,2016-01-11 06:56:37.000
"22 km ENE of Nahr?n, Afghanistan",4.0,69.3645,36.1342,102.3,2016-01-09 23:45:04.830
"12 km W of Ashk?sham, Afghanistan",4.2,71.3903,36.6959,177.62,2016-01-09 05:50:34.310
"31 km SSE of Jurm, Afghanistan",5.0,70.9688,36.6015,223.13,2016-01-08 09:07:09.450
"35 km S of Jurm, Afghanistan",4.2,70.8024,36.5421,192.7,2016-01-07 15:32:46.060
"40 km ENE of Lakhipur, India",4.3,93.4003,24.8896,58.15,2016-01-06 10:25:13.360
"northern Qinghai, China",4.8,97.6386,36.429,14.32,2016-01-04 13:56:11.800
"57 km NE of Bamboo Flat, India",4.2,93.1309,12.0291,68.01,2016-01-04 02:28:04.870
"29 km W of Imph?l, India",6.7,93.6505,24.8036,55.0,2016-01-03 23:05:22.270
"36 km SSE of Jurm, Afghanistan",5.2,70.932,36.5426,189.0,2016-01-02 08:37:22.510
"44 km SSW of Jurm, Afghanistan",4.5,70.6274,36.5007,202.74,2016-01-01 11:16:49.860
"97 km ENE of Khorugh, Tajikistan",4.5,72.5048,37.9288,15.18,2016-01-01 09:09:25.060
"51 km NNW of Khand?d, Afghanistan",4.1,72.1566,37.395,219.41,2015-12-31 21:54:15.450
"182 km NNW of Sabang, Indonesia",4.7,94.4026,7.2618,35.0,2015-12-31 03:23:25.440
"Hindu Kush region, Afghanistan",4.5,70.6786,36.4237,206.22,2015-12-29 07:15:01.440
"19 km WSW of ?uk?mat? Dahanah-ye Gh?r?, Afghanistan",4.0,68.2822,35.8427,47.34,2015-12-29 00:44:41.840
Pakistan,4.7,73.0507,34.9819,48.92,2015-12-29 00:07:03.970
"60 km N of P?r?n, Afghanistan",4.1,70.985,35.9606,100.6,2015-12-28 04:53:54.010
"28 km E of Farkh?r, Afghanistan",4.0,70.168,36.5294,191.46,2015-12-28 03:31:18.480
"Nicobar Islands, India region",4.3,91.7745,7.5136,29.06,2015-12-27 11:34:24.100
"47 km E of Dipayal, Nepal",4.1,81.42,29.1913,10.0,2015-12-26 04:48:40.050
"42 km WSW of Ashk?sham, Afghanistan",6.3,71.1263,36.4935,206.0,2015-12-25 19:14:47.190
"36 km NE of Hoj?i, India",4.3,93.0894,26.2583,48.5,2015-12-23 09:22:06.370
"3 km SE of Gafargaon, Bangladesh",4.0,90.5812,24.4134,14.16,2015-12-21 23:52:28.680
"74 km WNW of Zangguy, China",4.3,78.026,37.596,40.48,2015-12-20 13:47:55.540
"53 km WNW of Jumla, Nepal",5.4,81.6541,29.3985,10.0,2015-12-18 22:16:56.550
"Nicobar Islands, India region",4.2,92.0565,8.3257,30.67,2015-12-17 16:42:57.020
"266 km SSE of Port Blair, India",4.6,93.7925,9.4948,55.42,2015-12-17 03:04:44.760
western Xizang,4.1,82.2113,34.101,10.0,2015-12-16 13:24:51.690
"132 km NE of Bamboo Flat, India",4.7,93.4126,12.6843,72.62,2015-12-16 04:48:19.990
"15 km WNW of Ashk?sham, Afghanistan",4.0,71.3647,36.7146,177.11,2015-12-15 09:34:56.380
"6 km E of Gobindpur, India",4.5,86.5783,23.8301,14.79,2015-12-15 02:35:15.500
"35 km WSW of Ashk?sham, Afghanistan",4.1,71.1905,36.531,85.7,2015-12-15 00:21:03.350
"61 km S of Jurm, Afghanistan",4.3,70.823,36.3076,126.73,2015-12-14 15:56:47.090
"53 km SSW of Jurm, Afghanistan",4.4,70.6886,36.3942,210.24,2015-12-14 13:45:40.300
"98 km E of W?ngjing, India",4.0,95.0379,24.5749,146.62,2015-12-13 11:17:29.250
"136 km NW of Sabang, Indonesia",4.4,94.4573,6.7778,10.0,2015-12-12 14:29:45.930
"178 km NNE of P?sigh?t, India",4.3,95.7458,29.6312,24.84,2015-12-11 22:09:40.200
"38 km E of Farkh?r, Afghanistan",4.1,70.2848,36.5115,197.58,2015-12-11 00:07:37.120
"41 km E of Farkh?r, Afghanistan",4.3,70.3172,36.5008,203.87,2015-12-10 08:43:27.700
"185 km SE of Port Blair, India",4.5,93.9392,10.4689,10.0,2015-12-09 12:00:19.910
"74 km SE of Farkh?r, Afghanistan",4.4,70.5092,36.1541,118.17,2015-12-07 09:13:34.580
"19 km S of Khorugh, Tajikistan",4.5,71.511,37.3127,109.67,2015-12-06 16:06:36.590
"53 km E of Nahr?n, Afghanistan",4.1,69.7227,35.9912,97.47,2015-12-06 03:57:40.950
"179 km W of Al?b?g, India",4.3,71.1922,18.4361,10.0,2015-12-05 23:13:32.200
"18 km SE of Nahr?n, Afghanistan",4.4,69.2819,35.9493,45.02,2015-12-02 10:02:15.310
"67 km W of Monywa, Myanmar",4.2,94.4847,22.0764,35.0,2015-12-01 23:27:08.550
"46 km S of Jurm, Afghanistan",4.0,70.8177,36.4459,102.43,2015-12-01 01:10:30.710
"42 km SSE of Jurm, Afghanistan",4.3,71.0579,36.5237,125.93,2015-11-30 16:27:26.820
"159 km NW of Sabang, Indonesia",4.1,94.4304,7.0269,16.39,2015-11-30 02:31:22.420
"76 km NNE of Uttark?shi, India",4.1,78.7325,31.373,35.0,2015-11-29 02:47:52.820
"Andaman Islands, India region",4.4,93.687,12.5328,111.54,2015-11-28 18:32:56.410
"44 km SE of Paungde, Myanmar",4.1,95.8133,18.2175,65.62,2015-11-28 07:02:35.570
"195 km SW of Port Blair, India",4.4,91.622,10.2874,26.52,2015-11-27 18:58:53.130
"55 km NNW of Monywa, Myanmar",4.6,94.9855,22.5864,13.79,2015-11-27 12:04:18.890
"66 km NE of Muzaffar?b?d, Pakistan",5.0,73.9303,34.8307,5.0,2015-11-27 11:40:34.340
"290 km NNW of Rikaze, China",3.8,87.7802,31.6879,11.43,2015-11-26 18:59:49.210
"135 km NW of Sabang, Indonesia",4.3,94.5744,6.8689,30.36,2015-11-26 17:14:19.180
"32 km SW of Ashk?sham, Afghanistan",4.1,71.2626,36.4905,98.83,2015-11-26 12:57:04.820
"86 km NNW of Sabang, Indonesia",4.4,94.8981,6.5543,10.0,2015-11-25 22:44:27.900
"30 km SE of Tezpur, India",4.7,92.9745,26.4076,54.52,2015-11-25 16:15:10.640
"87 km WSW of Dêqên, China",4.7,89.8692,29.6929,77.42,2015-11-25 05:02:06.220
"31 km W of Ashk?sham, Afghanistan",4.1,71.1867,36.7278,186.45,2015-11-24 13:13:44.590
Nepal,4.6,84.7587,28.1552,8.19,2015-11-24 12:24:15.590
"32 km SW of Ashk?sham, Afghanistan",4.1,71.2726,36.4739,98.24,2015-11-23 15:39:44.090
"51 km NNW of Khand?d, Afghanistan",4.0,72.1706,37.4012,211.85,2015-11-23 04:27:18.100
"29 km SSW of Ashk?sham, Afghanistan",5.7,71.4233,36.4344,102.0,2015-11-22 18:16:04.710
"6 km SE of Maydanshakhr, Afghanistan",3.5,68.92,34.3627,10.18,2015-11-20 09:26:08.430
"41 km E of Farkh?r, Afghanistan",4.0,70.3098,36.5039,200.98,2015-11-20 00:02:28.100
"26 km SSE of Khorugh, Tajikistan",4.3,71.6159,37.2561,114.51,2015-11-19 23:28:19.250
"64 km ESE of Farkh?r, Afghanistan",4.4,70.4923,36.2986,120.7,2015-11-19 06:31:47.040
"21 km NE of Nagarkot, Nepal",5.0,85.6776,27.8525,16.51,2015-11-19 04:15:52.600
"49 km ESE of Farkh?r, Afghanistan",4.3,70.4006,36.4837,202.01,2015-11-18 00:59:10.870
"231 km WNW of Qamdo, China",4.6,95.0279,32.1192,10.0,2015-11-17 22:15:29.430
"42 km NNW of Ishqoshim, Tajikistan",4.2,71.451,37.084,108.96,2015-11-17 21:04:46.800
"35 km WSW of Ashk?sham, Afghanistan",4.2,71.167,36.5552,222.58,2015-11-17 09:17:08.900
"65 km SSW of Jurm, Afghanistan",4.1,70.6224,36.3012,138.71,2015-11-16 05:10:10.900
"77 km ENE of W?ngjing, India",4.4,94.8163,24.7399,89.65,2015-11-15 23:24:40.040
"43 km E of Farkh?r, Afghanistan",4.6,70.3388,36.5049,208.78,2015-11-15 15:47:50.700
"167 km NW of Sabang, Indonesia",4.5,94.2723,6.9908,9.16,2015-11-15 14:49:39.240
"137 km NW of Sabang, Indonesia",4.6,94.3491,6.6724,10.0,2015-11-15 13:07:45.240
"240 km NNE of Bamboo Flat, India",4.5,93.5448,13.714,47.89,2015-11-15 09:18:57.800
"173 km NNW of Sabang, Indonesia",4.4,94.7778,7.3609,10.0,2015-11-14 22:11:28.660
"Nicobar Islands, India region",4.3,94.371,7.0032,10.0,2015-11-14 22:09:53.600
"135 km NW of Sabang, Indonesia",5.3,94.5324,6.8326,10.0,2015-11-14 16:53:31.340
"60 km E of W?ngjing, India",4.2,94.6561,24.4982,70.68,2015-11-13 01:56:21.860
"43 km E of Farkh?r, Afghanistan",4.1,70.3463,36.5646,205.55,2015-11-12 23:53:56.600
"143 km NW of Sabang, Indonesia",4.5,94.5431,6.9315,10.0,2015-11-12 22:34:55.770
"102 km NW of Sabang, Indonesia",4.4,94.7456,6.6144,22.91,2015-11-10 19:20:06.440
"86 km WNW of Sabang, Indonesia",4.5,94.6633,6.3208,10.0,2015-11-10 17:22:44.220
"139 km NW of Sabang, Indonesia",4.0,94.4351,6.7858,10.0,2015-11-10 16:26:33.700
"142 km NW of Sabang, Indonesia",4.5,94.4887,6.8776,10.0,2015-11-10 15:59:33.190
"15 km WNW of Ashk?sham, Afghanistan",4.6,71.3622,36.7176,185.69,2015-11-09 13:58:45.510
"148 km WNW of Sabang, Indonesia",4.3,94.0881,6.4353,22.42,2015-11-09 09:01:47.100
"80 km NW of Sabang, Indonesia",5.5,94.8019,6.4078,10.0,2015-11-09 08:12:46.020
"90 km NW of Sabang, Indonesia",4.4,94.6534,6.3719,10.0,2015-11-09 07:36:45.260
"99 km NW of Sabang, Indonesia",4.7,94.7965,6.6272,10.0,2015-11-09 07:28:00.600
"96 km NW of Sabang, Indonesia",4.4,94.7657,6.571,25.18,2015-11-09 07:21:33.000
"94 km NW of Sabang, Indonesia",4.9,94.725,6.5052,10.0,2015-11-09 07:13:27.180
"104 km NW of Sabang, Indonesia",4.8,94.6341,6.5379,12.58,2015-11-09 07:07:44.320
"98 km NNW of Sabang, Indonesia",4.6,94.8281,6.6385,10.0,2015-11-09 07:05:13.930
"106 km NW of Sabang, Indonesia",4.7,94.6421,6.5806,10.0,2015-11-09 07:02:56.350
"90 km NW of Sabang, Indonesia",4.4,94.8069,6.5349,10.0,2015-11-09 06:56:02.590
"103 km NNW of Sabang, Indonesia",4.3,94.9712,6.7631,10.0,2015-11-09 06:18:55.740
"84 km NW of Sabang, Indonesia",5.3,94.8833,6.5177,11.83,2015-11-09 06:12:13.970
"89 km NW of Sabang, Indonesia",4.4,94.7107,6.426,10.0,2015-11-09 06:08:47.830
"95 km WNW of Sabang, Indonesia",4.4,94.5539,6.2913,10.0,2015-11-09 06:02:34.380
"88 km NNW of Sabang, Indonesia",4.2,94.9403,6.5938,10.0,2015-11-09 05:55:04.070
"149 km NNW of Sabang, Indonesia",4.4,94.571,7.0161,10.0,2015-11-08 22:37:21.570
"146 km NW of Sabang, Indonesia",4.8,94.4761,6.9108,10.0,2015-11-08 20:59:39.200
"156 km NNW of Sabang, Indonesia",4.7,94.6264,7.1265,10.0,2015-11-08 20:30:07.080
"139 km WNW of Sabang, Indonesia",4.2,94.2589,6.5819,10.0,2015-11-08 19:49:44.420
"147 km NW of Sabang, Indonesia",4.2,94.3758,6.8286,10.0,2015-11-08 19:25:39.910
"148 km NW of Sabang, Indonesia",5.6,94.534,6.984,10.0,2015-11-08 19:14:47.430
"128 km NW of Sabang, Indonesia",4.5,94.5809,6.7839,10.0,2015-11-08 19:10:52.680
"142 km NW of Sabang, Indonesia",4.6,94.4746,6.8607,10.0,2015-11-08 18:48:44.340
"115 km NNW of Sabang, Indonesia",4.7,94.7617,6.7698,10.0,2015-11-08 17:46:51.300
"151 km NNW of Sabang, Indonesia",4.5,95.0085,7.2222,10.0,2015-11-08 17:12:40.030
"130 km NNW of Sabang, Indonesia",5.2,94.7617,6.9335,10.0,2015-11-08 16:59:20.850
"Nicobar Islands, India region",6.6,94.648,6.8431,10.0,2015-11-08 16:47:02.160
"140 km NW of Sabang, Indonesia",4.9,94.4869,6.8531,10.0,2015-11-08 16:42:38.530
"127 km NW of Sabang, Indonesia",4.4,94.6383,6.822,11.77,2015-11-08 16:38:01.850
"134 km NW of Sabang, Indonesia",4.5,94.5865,6.8647,10.0,2015-11-08 16:29:59.530
"142 km NW of Sabang, Indonesia",4.2,94.2518,6.6218,10.0,2015-11-08 16:19:27.590
"138 km NW of Sabang, Indonesia",4.4,94.3653,6.7063,10.0,2015-11-08 15:56:25.900
"139 km NW of Sabang, Indonesia",4.7,94.5069,6.861,10.0,2015-11-08 15:50:49.630
"138 km NNW of Sabang, Indonesia",4.7,94.6742,6.9641,8.19,2015-11-08 15:49:46.680
"Nicobar Islands, India region",4.3,94.4725,6.4769,10.0,2015-11-08 15:45:46.560
"45 km E of Farkh?r, Afghanistan",4.3,70.3617,36.5148,206.87,2015-11-08 15:37:33.670
"123 km NW of Sabang, Indonesia",4.1,94.3981,6.5302,10.0,2015-11-08 15:14:39.690
"147 km NNW of Sabang, Indonesia",4.6,94.7563,7.1016,10.0,2015-11-08 14:54:22.900
"144 km NW of Sabang, Indonesia",4.9,94.4633,6.8777,10.0,2015-11-08 14:47:01.290
"137 km NW of Sabang, Indonesia",4.4,94.5916,6.9,10.0,2015-11-08 14:46:02.390
"130 km NNW of Sabang, Indonesia",4.7,94.7105,6.9036,10.0,2015-11-08 14:36:58.130
"130 km NW of Sabang, Indonesia",5.1,94.4431,6.679,10.0,2015-11-08 14:34:05.390
"183 km NW of Sabang, Indonesia",4.3,94.2678,7.1775,10.0,2015-11-08 14:18:34.930
"149 km NNW of Sabang, Indonesia",4.7,94.7661,7.1209,10.0,2015-11-08 13:38:39.430
"129 km NNW of Sabang, Indonesia",4.5,94.8632,6.9647,10.0,2015-11-08 13:38:13.180
"134 km NW of Sabang, Indonesia",4.0,94.3693,6.6543,10.0,2015-11-08 13:31:22.740
"134 km NW of Sabang, Indonesia",5.2,94.479,6.769,9.75,2015-11-08 13:23:47.760
"136 km NNW of Sabang, Indonesia",4.7,94.6642,6.9391,10.0,2015-11-08 12:06:26.980
"127 km NW of Sabang, Indonesia",5.1,94.6065,6.7923,10.13,2015-11-08 11:54:39.320
"139 km NNW of Sabang, Indonesia",4.9,94.6815,6.982,10.0,2015-11-08 11:44:05.530
"145 km NNW of Sabang, Indonesia",4.8,94.8839,7.1355,10.0,2015-11-08 11:42:02.300
"167 km N of Sabang, Indonesia",4.6,95.4292,7.3995,22.56,2015-11-08 11:17:21.660
"143 km NNW of Sabang, Indonesia",4.9,94.7215,7.0389,20.48,2015-11-08 10:53:31.770
"138 km NW of Sabang, Indonesia",5.5,94.5455,6.8782,8.0,2015-11-08 10:42:01.590
"151 km NNW of Sabang, Indonesia",4.7,94.7714,7.1453,10.0,2015-11-08 10:07:21.180
"145 km NW of Sabang, Indonesia",4.7,94.3555,6.7934,20.48,2015-11-08 10:04:36.570
"142 km NNW of Sabang, Indonesia",4.6,94.6259,6.9822,19.56,2015-11-08 09:51:51.780
"133 km NW of Sabang, Indonesia",4.4,94.5793,6.8495,10.0,2015-11-08 09:27:33.200
"28 km SE of Mawlaik, Myanmar",4.3,94.5795,23.4416,104.83,2015-11-07 09:29:27.590
"47 km SSW of Jurm, Afghanistan",4.2,70.66,36.4582,204.83,2015-11-06 14:12:02.070
"40 km E of Farkh?r, Afghanistan",4.0,70.3048,36.5177,195.41,2015-11-05 00:12:23.530
"26 km S of Wana, Pakistan",4.6,69.5481,32.0564,39.95,2015-11-02 17:03:05.830
"23 km S of Wana, Pakistan",5.0,69.5562,32.0869,44.73,2015-11-02 13:40:36.200
"44 km E of Farkh?r, Afghanistan",4.0,70.3502,36.5075,208.08,2015-11-01 15:49:44.590
"52 km SW of Jurm, Afghanistan",4.6,70.4659,36.4916,211.11,2015-11-01 12:50:10.250
"50 km SW of Jurm, Afghanistan",4.0,70.4874,36.5004,203.02,2015-11-01 03:26:10.370
"11 km E of Maydanshakhr, Afghanistan",3.6,68.9948,34.3967,13.26,2015-10-31 22:02:23.070
"49 km E of Farkh?r, Afghanistan",4.2,70.4026,36.4941,182.41,2015-10-31 20:52:14.570
"54 km N of Sarupathar, India",4.3,96.7414,26.6982,29.65,2015-10-31 02:05:19.820
"32 km SSW of Jurm, Afghanistan",4.2,70.7011,36.5889,218.42,2015-10-30 23:33:48.040
"29 km S of Taloqan, Afghanistan",4.1,69.5063,36.4715,33.29,2015-10-30 04:40:00.150
"11 km W of Hail?k?ndi, India",4.8,92.4488,24.6819,36.31,2015-10-29 22:15:56.450
"71 km SW of Ashk?sham, Afghanistan",4.1,71.0357,36.1758,97.07,2015-10-29 17:11:29.810
"13 km NW of Darlawn, India",4.3,92.8262,24.1002,38.49,2015-10-28 23:54:49.660
"42 km E of Farkh?r, Afghanistan",4.3,70.3246,36.5244,198.57,2015-10-28 23:26:26.910
"39 km E of Farkh?r, Afghanistan",4.1,70.2865,36.5078,199.7,2015-10-28 22:50:42.120
"38 km E of Farkh?r, Afghanistan",4.2,70.283,36.5111,204.83,2015-10-28 15:29:41.120
"Hindu Kush region, Afghanistan",4.3,70.3214,36.533,197.92,2015-10-28 14:16:33.340
"34 km SE of Jurm, Afghanistan",4.1,71.1327,36.6742,216.95,2015-10-28 10:12:53.300
"46 km E of Farkh?r, Afghanistan",4.4,70.3745,36.5036,211.66,2015-10-28 10:04:17.780
"44 km E of Farkh?r, Afghanistan",3.9,70.3525,36.5276,208.55,2015-10-28 00:04:08.150
"43 km E of Farkh?r, Afghanistan",4.3,70.3405,36.5212,199.96,2015-10-27 17:55:48.120
"35 km E of Farkh?r, Afghanistan",4.2,70.2516,36.5262,216.44,2015-10-27 15:30:45.230
"94 km E of W?ngjing, India",4.1,94.9918,24.5022,93.35,2015-10-27 13:50:48.860
"49 km SW of Jurm, Afghanistan",4.6,70.5117,36.4977,201.93,2015-10-27 13:14:07.950
"Hindu Kush region, Afghanistan",4.2,70.3178,36.5177,199.77,2015-10-27 01:17:51.920
"34 km ESE of Farkh?r, Afghanistan",4.0,70.2149,36.4639,204.31,2015-10-27 00:44:37.510
"37 km E of Farkh?r, Afghanistan",4.0,70.2776,36.5236,196.51,2015-10-27 00:27:29.660
"36 km ESE of Farkh?r, Afghanistan",4.2,70.2511,36.4838,199.64,2015-10-27 00:17:13.620
"39 km E of Farkh?r, Afghanistan",4.0,70.2941,36.5367,210.26,2015-10-27 00:01:37.550
"41 km E of Farkh?r, Afghanistan",4.1,70.3194,36.5162,209.1,2015-10-26 23:35:20.850
"40 km E of Farkh?r, Afghanistan",4.5,70.2991,36.5164,196.96,2015-10-26 16:47:22.090
"40 km E of Farkh?r, Afghanistan",4.0,70.3065,36.5211,208.12,2015-10-26 15:47:27.810
"50 km E of Farkh?r, Afghanistan",4.0,70.4245,36.5271,198.54,2015-10-26 15:39:10.550
"41 km ESE of Farkh?r, Afghanistan",4.1,70.307,36.5004,202.87,2015-10-26 13:41:53.030
"43 km E of Farkh?r, Afghanistan",4.3,70.3375,36.4971,214.61,2015-10-26 12:50:58.170
"42 km E of Farkh?r, Afghanistan",4.4,70.3272,36.5229,197.38,2015-10-26 11:16:16.500
"49 km E of Farkh?r, Afghanistan",4.0,70.4075,36.5443,217.27,2015-10-26 11:14:43.150
"42 km ESE of Farkh?r, Afghanistan",4.0,70.3241,36.4929,211.16,2015-10-26 10:37:05.110
"24 km WSW of Ashk?sham, Afghanistan",4.0,71.2837,36.5845,227.92,2015-10-26 10:30:33.850
"50 km E of Farkh?r, Afghanistan",4.6,70.4177,36.5467,202.76,2015-10-26 09:49:38.550
"50 km SW of Jurm, Afghanistan",4.5,70.4716,36.5145,190.81,2015-10-26 09:48:23.120
"70 km S of Jurm, Afghanistan",4.5,70.7958,36.2335,212.91,2015-10-26 09:47:01.530
"42 km ESE of Farkh?r, Afghanistan",4.3,70.32,36.4921,200.84,2015-10-26 09:46:17.350
"48 km SW of Jurm, Afghanistan",4.6,70.521,36.5034,204.28,2015-10-26 09:36:11.580
"38 km ESE of Farkh?r, Afghanistan",4.2,70.2743,36.481,209.17,2015-10-26 09:26:26.810
"Hindu Kush region, Afghanistan",7.5,70.3676,36.5244,231.0,2015-10-26 09:09:42.560
"46 km SSW of Jurm, Afghanistan",5.9,70.6847,36.459,206.94,2015-10-26 09:09:32.020
"131 km SW of Zangguy, China",4.0,77.9005,36.3253,88.64,2015-10-23 18:19:02.470
"212 km WNW of Qamdo, China",4.4,95.1918,32.0156,43.24,2015-10-23 10:24:50.030
"19 km WNW of Jampur, Pakistan",4.0,70.4277,29.7336,27.67,2015-10-23 04:42:59.710
"45 km WNW of Rajanpur, Pakistan",4.4,69.9194,29.3004,20.0,2015-10-23 04:03:31.130
"37 km ESE of Barkhan, Pakistan",4.2,69.9062,29.8143,24.74,2015-10-23 02:27:16.080
"11 km W of Dajal, Pakistan",4.4,70.2625,29.5481,10.0,2015-10-23 01:24:26.460
"16 km SW of Dajal, Pakistan",4.0,70.265,29.4472,22.83,2015-10-23 01:06:29.670
"8 km WSW of Dajal, Pakistan",4.5,70.2972,29.5365,26.87,2015-10-23 00:36:53.210
"10 km NNW of Dajal, Pakistan",5.6,70.326,29.6377,11.0,2015-10-23 00:27:39.560
"221 km WNW of Qamdo, China",4.4,95.1051,32.0359,35.05,2015-10-22 07:11:07.230
"48 km ENE of Nahr?n, Afghanistan",4.2,69.6569,36.1658,105.03,2015-10-21 23:37:21.140
"55 km ENE of Khorugh, Tajikistan",4.4,72.0982,37.7369,126.04,2015-10-20 17:54:14.240
"24 km SSE of Jurm, Afghanistan",4.0,70.9248,36.6557,214.31,2015-10-20 03:46:05.660
"46 km SW of Ashk?sham, Afghanistan",4.5,71.1998,36.3588,96.2,2015-10-19 13:21:14.780
"33 km S of Jurm, Afghanistan",4.1,70.8043,36.5675,189.2,2015-10-18 06:44:52.640
"44 km E of Yairipok, India",4.3,94.4863,24.7157,63.02,2015-10-17 06:29:39.650
"242 km WNW of Qamdo, China",4.1,94.7913,31.9029,10.0,2015-10-14 12:50:36.420
"38 km SE of Jurm, Afghanistan",4.2,71.0948,36.594,220.38,2015-10-14 01:14:28.580
"47 km SSW of Jurm, Afghanistan",4.7,70.5636,36.4973,203.31,2015-10-13 15:40:08.900
"117 km ESE of Saga, China",4.5,86.3729,28.9796,10.0,2015-10-12 15:39:07.360
"55 km NE of B?z?rak, Afghanistan",4.0,69.974,35.6427,112.3,2015-10-12 11:32:40.290
"122 km W of Bhamo, Myanmar",4.5,96.0264,24.2558,49.02,2015-10-10 23:54:35.280
"20 km ESE of Gangtok, India",4.3,88.8009,27.2548,48.22,2015-10-10 01:48:45.570
"105 km NNW of Lobujya, Nepal",4.9,86.469,28.8544,10.0,2015-10-09 20:29:56.020
"43 km ESE of Farkh?r, Afghanistan",4.7,70.3328,36.4812,202.74,2015-10-09 06:09:36.150
"64 km WNW of Zangguy, China",4.2,78.0871,37.4883,10.0,2015-10-09 01:07:35.660
"110 km NNE of Kod?ri??, Nepal",4.0,86.3397,28.8999,10.0,2015-10-09 01:01:21.970
"8 km NE of Sundarnagar, India",4.2,76.9677,31.5958,36.04,2015-10-08 01:04:21.950
"21 km WSW of Jurm, Afghanistan",4.4,70.5999,36.8064,316.59,2015-10-07 08:01:57.010
"44 km WNW of Kirtipur, Nepal",4.2,84.8817,27.8771,34.7,2015-10-07 04:58:20.550
"32 km S of Kod?ri??, Nepal",4.3,85.9838,27.6712,14.04,2015-10-06 23:30:29.260
"30 km SE of Kod?ri??, Nepal",4.0,86.1479,27.7479,10.0,2015-10-06 12:02:40.700
"70 km S of Islamkot, Pakistan",4.3,70.2017,24.0615,10.0,2015-10-06 00:28:23.290
"270 km NNE of Saga, China",4.5,86.4956,31.4974,10.0,2015-10-05 16:18:02.750
"28 km SE of Kod?ri??, Nepal",4.3,86.1587,27.7703,10.0,2015-10-05 07:36:25.480
"36 km SSE of Kod?ri??, Nepal",4.5,86.0343,27.6395,10.0,2015-10-05 07:33:21.920
"23 km SE of Jurm, Afghanistan",4.4,70.9869,36.6923,231.49,2015-10-04 21:39:21.990
"49 km SW of Ashk?sham, Afghanistan",4.1,71.119,36.3869,102.05,2015-10-03 23:17:16.460
"33 km SW of Ashk?sham, Afghanistan",4.3,71.2298,36.5021,224.54,2015-10-02 16:20:19.120
"21 km SW of Hakha, Myanmar",4.6,93.4444,22.5271,42.65,2015-10-02 11:29:24.030
"33 km SSE of Jurm, Afghanistan",4.5,70.9179,36.5696,194.05,2015-09-30 11:27:24.910
"194 km SE of Port Blair, India",4.3,93.803,10.2513,90.34,2015-09-29 19:05:17.550
"64 km W of Taunsa, Pakistan",4.3,69.9845,30.6508,24.83,2015-09-29 16:33:32.250
"24 km SW of Kod?ri??, Nepal",4.4,85.8162,27.7769,10.0,2015-09-29 10:54:42.010
"21 km NW of Dh?rchula, India",4.6,80.3737,29.996,35.0,2015-09-29 09:27:17.090
"35 km NW of Chauk, Myanmar",4.4,94.5437,21.0922,89.18,2015-09-29 01:59:35.790
"Nicobar Islands, India region",4.3,91.6548,7.3472,29.53,2015-09-27 22:54:54.890
"Nicobar Islands, India region",4.3,91.5204,7.4738,29.74,2015-09-27 18:02:20.180
"33 km SE of Khorugh, Tajikistan",4.0,71.8102,37.2727,142.88,2015-09-27 14:31:27.070
"11 km WSW of Kashmor, Pakistan",4.1,69.4784,28.3779,16.75,2015-09-27 02:24:53.160
"46 km WSW of Ashk?sham, Afghanistan",4.0,71.075,36.4854,122.4,2015-09-27 01:13:30.830
"56 km SSE of Mawlaik, Myanmar",4.1,94.5161,23.1474,90.41,2015-09-25 20:28:38.850
"11 km NE of Rangia, India",4.4,91.6928,26.5308,48.82,2015-09-25 16:57:41.390
"55 km SSE of Jurm, Afghanistan",4.5,71.0109,36.389,89.06,2015-09-25 05:06:17.480
"50 km E of Khorugh, Tajikistan",4.3,72.1209,37.4908,189.33,2015-09-24 18:25:41.390
"65 km WNW of Zangguy, China",4.7,78.1191,37.5663,42.76,2015-09-24 16:50:42.160
"49 km SW of Ashk?sham, Afghanistan",4.3,71.0954,36.4122,163.41,2015-09-24 14:50:53.470
"23 km WSW of Ashk?sham, Afghanistan",4.3,71.293,36.6042,228.73,2015-09-24 06:12:32.010
"155 km N of Bamboo Flat, India",4.4,92.4507,13.0849,28.2,2015-09-23 04:51:32.590
"23 km SW of Khorugh, Tajikistan",4.4,71.3604,37.3399,97.89,2015-09-23 03:33:20.840
"76 km S of Mawlaik, Myanmar",4.7,94.4498,22.9503,82.76,2015-09-22 13:19:20.760
"253 km ENE of Port Blair, India",4.7,95.0107,12.1895,28.09,2015-09-22 09:33:46.950
"21 km W of Kirtipur, Nepal",4.4,85.0633,27.6915,10.0,2015-09-22 06:32:45.680
Tajikistan,4.5,72.0998,37.4628,195.28,2015-09-20 14:30:23.100
"241 km NW of Sabang, Indonesia",4.6,93.9038,7.5512,37.59,2015-09-19 01:01:19.250
"52 km NNE of Falam, Myanmar",4.4,93.9401,23.3233,80.2,2015-09-18 21:16:45.700
"55 km W of Mawlaik, Myanmar",4.0,93.8603,23.6991,64.09,2015-09-18 20:25:19.330
"61 km E of W?ngjing, India",4.7,94.6668,24.5969,80.13,2015-09-17 18:34:17.230
"southern Xinjiang, China",4.6,77.9713,37.6844,41.76,2015-09-17 14:50:12.890
"47 km SSE of Kod?ri??, Nepal",4.2,86.1894,27.5875,7.48,2015-09-16 14:52:12.070
"154 km NNE of Leh, India",4.9,78.5062,35.3339,10.0,2015-09-16 11:10:08.400
"153 km NNE of Leh, India",4.6,78.4343,35.3587,10.0,2015-09-15 22:38:31.950
"31 km S of Jurm, Afghanistan",4.2,70.8303,36.5803,205.73,2015-09-14 19:17:49.000
"19 km SSE of Khorugh, Tajikistan",4.2,71.6628,37.3374,129.81,2015-09-14 15:43:08.010
"50 km W of Mogok, Myanmar",4.2,96.0216,22.9668,35.0,2015-09-13 15:43:29.150
"285 km NNW of Rikaze, China",4.2,87.7942,31.6437,14.92,2015-09-12 09:40:28.760
"13 km SE of D?nh?ta, India",4.0,89.5568,26.0549,18.5,2015-09-11 23:56:59.380
"37 km E of Farkh?r, Afghanistan",4.0,70.2692,36.5223,201.76,2015-09-10 16:55:11.200
"28 km SSW of Khorugh, Tajikistan",4.7,71.4872,37.2345,123.78,2015-09-10 15:25:52.170
"76 km NNW of P?r?n, Afghanistan",5.4,70.4897,36.0086,107.39,2015-09-09 21:03:24.050
"28 km SSE of Jurm, Afghanistan",4.0,70.9972,36.6472,208.86,2015-09-09 02:06:18.840
"20 km WSW of Ashk?sham, Afghanistan",4.1,71.3156,36.6416,156.88,2015-09-08 21:21:39.710
"278 km NE of Nagqu, China",4.3,93.9252,33.424,10.0,2015-09-08 09:07:52.200
"37 km SW of Ashk?sham, Afghanistan",4.4,71.27,36.4247,104.72,2015-09-07 23:38:07.960
"36 km S of Jurm, Afghanistan",4.1,70.8032,36.5351,193.53,2015-09-07 17:51:02.430
"153 km SSW of Zangguy, China",4.1,78.3246,35.9454,72.87,2015-09-06 03:21:38.370
"Nicobar Islands, India region",4.2,91.1856,7.3479,10.0,2015-09-05 22:19:23.340
"21 km N of Hoj?i, India",4.2,92.8261,26.1923,47.23,2015-09-05 05:39:03.450
"39 km ESE of Farkh?r, Afghanistan",4.1,70.2926,36.4998,205.89,2015-09-05 04:15:24.060
"20 km SW of Jurm, Afghanistan",4.0,70.6985,36.7142,69.03,2015-09-04 20:45:57.460
"33 km WSW of Zangguy, China",3.5,78.4226,37.155,39.4,2015-09-04 17:54:20.060
"21 km S of Jurm, Afghanistan",4.4,70.8277,36.675,82.34,2015-09-04 11:49:54.650
"76 km E of W?ngjing, India",4.5,94.8224,24.5826,43.17,2015-09-03 20:49:23.600
"7 km W of R?ngas, India",4.0,75.4937,27.3767,14.2,2015-09-03 17:57:47.570
"68 km WNW of Zangguy, China",4.2,78.0609,37.5331,41.86,2015-09-03 12:55:10.150
"15 km WSW of Jilik?l, Tajikistan",4.2,68.3813,37.4273,10.0,2015-09-02 21:09:50.490
"48 km SSE of Jurm, Afghanistan",4.1,71.0463,36.4605,114.98,2015-09-02 14:40:11.370
"Nicobar Islands, India region",4.4,92.4425,8.7191,30.78,2015-09-02 10:52:03.500
"44 km WSW of Namche Bazar, Nepal",4.1,86.2819,27.6836,16.02,2015-09-01 23:06:40.640
"48 km WSW of Ashk?sham, Afghanistan",4.7,71.0755,36.4509,239.6,2015-09-01 19:17:07.340
"74 km SE of Mawlaik, Myanmar",4.1,94.8938,23.1486,59.66,2015-08-31 01:52:54.080
"116 km NNE of Thang, India",4.3,77.451,35.8299,76.73,2015-08-31 00:27:50.150
"12 km ENE of Dhulikhel, Nepal",4.5,85.6673,27.6519,10.0,2015-08-30 13:17:34.680
"111 km E of Yairipok, India",4.1,95.143,24.8239,113.11,2015-08-29 16:31:16.400
"234 km N of Bamboo Flat, India",4.2,92.9054,13.8085,28.8,2015-08-29 02:05:17.340
"20 km SW of Chilm?ri, Bangladesh",4.2,89.5164,25.432,13.7,2015-08-28 19:21:58.020
"36 km ESE of Khorugh, Tajikistan",4.0,71.9229,37.3378,199.13,2015-08-27 12:51:15.460
"186 km NNE of P?sigh?t, India",4.3,95.8334,29.6875,27.31,2015-08-26 18:05:05.270
"23 km S of Khorugh, Tajikistan",4.7,71.5439,37.2753,120.03,2015-08-26 14:48:07.900
"32 km ESE of Khorugh, Tajikistan",4.2,71.8859,37.3721,163.75,2015-08-26 13:18:30.470
"northern Qinghai, China",4.2,94.2905,37.8104,10.0,2015-08-25 21:06:14.910
Xinjiang-Xizang border region,4.1,84.5014,35.2707,20.22,2015-08-25 17:18:17.490
"59 km NE of Lobujya, Nepal",4.0,87.2202,28.3466,10.53,2015-08-24 06:53:44.060
"202 km NNW of Sabang, Indonesia",4.4,94.6005,7.5711,29.3,2015-08-23 11:10:26.120
"18 km SE of Kod?ri??, Nepal",5.0,86.0795,27.8355,10.0,2015-08-23 09:02:05.080
"60 km SW of Ashk?sham, Afghanistan",4.3,71.1079,36.2579,98.85,2015-08-21 11:12:27.380
"4 km WSW of Lakhipur, India",3.9,90.2598,26.0142,42.95,2015-08-20 19:21:14.810
"39 km NNE of Jurm, Afghanistan",4.1,71.0618,37.1714,93.72,2015-08-19 20:50:09.580
"13 km ENE of Upper Dir, Pakistan",4.0,72.0198,35.2373,72.03,2015-08-18 00:23:50.640
"18 km ESE of Kod?ri??, Nepal",4.2,86.1322,27.9066,10.44,2015-08-17 22:23:57.910
"11 km N of Farkhor, Tajikistan",4.4,69.4254,37.593,8.54,2015-08-17 02:24:09.890
"197 km NNE of Bamboo Flat, India",4.5,93.6061,13.257,110.3,2015-08-16 21:35:31.560
"58 km SSW of Jurm, Afghanistan",4.3,70.5858,36.3773,144.64,2015-08-16 10:53:19.390
"24 km ESE of Paungde, Myanmar",4.5,95.7085,18.3756,10.0,2015-08-16 08:24:16.780
"28 km S of Kod?ri??, Nepal",4.7,85.9473,27.7023,10.0,2015-08-15 18:11:39.530
Myanmar,4.1,96.886,23.5475,40.5,2015-08-15 11:45:51.350
"40 km WNW of Gyalshing, India",4.4,87.8566,27.3759,10.0,2015-08-15 05:42:20.300
"26 km NNE of Baffa, Pakistan",4.5,73.3111,34.6642,29.17,2015-08-14 13:48:30.210
"45 km SSE of Kod?ri??, Nepal",4.6,86.086,27.5691,10.0,2015-08-14 13:02:26.290
western Xizang,4.3,89.0539,33.8258,10.0,2015-08-14 04:18:20.580
"211 km NNE of Shi Yomi, India",4.1,94.8054,30.4022,32.63,2015-08-13 15:51:58.560
"204 km NNE of Shi Yomi, India",4.2,94.9074,30.3165,32.77,2015-08-13 14:56:13.560
"209 km NNE of Shi Yomi, India",4.7,94.8333,30.3746,38.31,2015-08-13 02:00:31.650
"80 km E of W?ngjing, India",4.5,94.8588,24.6339,42.8,2015-08-12 02:44:51.250
"206 km NNE of Shi Yomi, India",4.9,94.8676,30.3421,35.0,2015-08-11 19:13:13.380
"2 km SE of P?tan, Nepal",3.7,85.3301,27.6651,2.64,2015-08-11 04:57:40.960
"Hindu Kush region, Afghanistan",4.2,70.4428,36.495,154.65,2015-08-10 18:51:45.140
"49 km E of Paungde, Myanmar",4.5,95.9666,18.4281,21.22,2015-08-10 17:05:25.620
"33 km WSW of Ashk?sham, Afghanistan",5.9,71.2147,36.5326,224.0,2015-08-10 10:05:25.750
"Hindu Kush region, Afghanistan",4.3,70.0564,36.495,230.19,2015-08-10 05:41:15.550
"70 km NNE of Bharatpur, Nepal",4.2,84.8043,28.2257,10.0,2015-08-09 22:30:26.860
"75 km SE of Farkh?r, Afghanistan",4.4,70.4616,36.1009,103.62,2015-08-07 22:00:17.310
"212 km NNE of Shi Yomi, India",4.5,95.0135,30.3637,34.91,2015-08-07 13:52:43.800
"14 km ESE of Farkh?r, Afghanistan",4.3,70.0061,36.5183,220.75,2015-08-07 01:54:22.700
Eastern Xizang,4.8,94.8898,30.3636,32.33,2015-08-06 12:34:07.000
"220 km SE of Hotan, China",4.8,81.5677,35.6223,10.0,2015-08-05 21:04:28.690
"60 km NNW of Dh?rchula, India",4.1,80.3368,30.3652,10.0,2015-08-05 19:15:56.760
"26 km W of Jal?l?b?d, Afghanistan",4.2,70.1713,34.3883,50.3,2015-08-04 22:18:25.470
"45 km SSE of Jurm, Afghanistan",4.7,71.0542,36.4995,122.75,2015-08-04 16:44:40.500
"24 km SE of Khorugh, Tajikistan",4.4,71.7551,37.3348,127.56,2015-08-04 02:10:32.210
"40 km W of Bamboo Flat, India",4.7,92.3479,11.7006,30.39,2015-08-03 20:47:48.290
"206 km NNE of Shi Yomi, India",4.1,94.9657,30.3228,33.4,2015-08-03 00:55:25.230
"208 km NNE of Shi Yomi, India",4.8,94.9251,30.3447,31.19,2015-08-02 05:58:04.620
"121 km NE of Lobujya, Nepal",4.4,87.6636,28.7475,34.28,2015-08-01 12:14:28.560
"68 km NNW of Kod?ri??, Nepal",4.0,85.6808,28.532,10.0,2015-08-01 01:37:42.690
"205 km NNE of Shi Yomi, India",4.5,95.0443,30.2889,35.64,2015-07-31 07:00:36.230
"210 km NNE of Shi Yomi, India",4.9,94.8784,30.3779,10.49,2015-07-31 03:18:17.940
"157 km N of Bamboo Flat, India",4.2,92.4848,13.1078,30.23,2015-07-28 21:29:07.560
"204 km NNE of Shi Yomi, India",4.9,94.8379,30.3325,32.15,2015-07-28 09:40:50.330
"201 km SSE of Hotan, China",4.1,81.0628,35.5398,23.43,2015-07-27 22:05:00.210
"10 km NNW of Mongar, Bhutan",4.4,91.184,27.3538,32.22,2015-07-27 07:33:41.920
"28 km WSW of Khorugh, Tajikistan",4.0,71.2466,37.4101,96.55,2015-07-26 18:09:09.300
"8 km NW of Ashk?sham, Afghanistan",4.5,71.4692,36.7367,92.36,2015-07-26 10:04:10.980
"11 km ESE of Zangguy, China",4.3,78.8949,37.2601,10.0,2015-07-25 21:47:57.470
"37 km WSW of Ashk?sham, Afghanistan",4.1,71.1658,36.5206,242.13,2015-07-25 19:24:14.680
"22 km ENE of B?z?rak, Afghanistan",4.4,69.7492,35.3898,97.02,2015-07-25 16:38:51.180
"5 km N of Gujar Khan, Pakistan",4.6,73.3002,33.3021,39.11,2015-07-24 21:30:07.260
"19 km WSW of Murree, Pakistan",5.1,73.1926,33.8564,17.03,2015-07-24 20:59:54.120
"66 km WNW of Zangguy, China",4.9,78.0652,37.4984,39.45,2015-07-24 13:23:48.560
"207 km NNE of Shi Yomi, India",4.7,94.8889,30.3434,10.0,2015-07-22 22:00:35.550
"2 km N of Kirtipur, Nepal",3.9,85.2824,27.7012,14.54,2015-07-22 16:29:47.770
western Xizang,4.1,86.8138,33.1185,43.72,2015-07-21 23:35:05.320
"205 km NNE of Shi Yomi, India",4.7,94.8353,30.3416,33.88,2015-07-21 15:10:20.470
"34 km S of Chur?ch?ndpur, India",4.2,93.694,24.0249,59.71,2015-07-21 08:21:37.980
"207 km NNE of Shi Yomi, India",4.1,95.047,30.3099,40.39,2015-07-21 04:19:38.070
"26 km NW of Taungoo, Myanmar",5.0,96.2302,19.0777,9.49,2015-07-21 01:27:07.530
"205 km NNE of Shi Yomi, India",4.9,94.9308,30.3218,33.65,2015-07-20 15:28:44.690
"26 km E of Jurm, Afghanistan",4.1,71.1292,36.9035,84.39,2015-07-19 23:57:49.510
"52 km SSE of Jurm, Afghanistan",4.1,71.0152,36.4182,129.71,2015-07-19 01:29:51.860
"98 km ENE of Khorugh, Tajikistan",4.2,72.4886,37.9667,140.19,2015-07-19 01:26:13.780
"24 km NE of Rudrapray?g, India",4.4,79.1538,30.4476,10.0,2015-07-18 23:48:08.680
"212 km NNE of Shi Yomi, India",4.1,94.944,30.3823,35.94,2015-07-18 09:10:39.960
"212 km NNE of Shi Yomi, India",5.1,94.8689,30.4,10.0,2015-07-18 05:41:26.540
"21 km NE of Khanabad, Afghanistan",4.1,69.2581,36.8331,13.55,2015-07-17 19:51:18.340
"24 km SW of ?rt Khw?jah, Afghanistan",4.1,69.2987,36.9174,24.08,2015-07-17 19:36:53.890
western Xizang,4.2,83.3035,32.7191,10.0,2015-07-17 04:21:39.940
"39 km E of Farkh?r, Afghanistan",4.0,70.3008,36.5603,203.77,2015-07-15 21:35:55.780
"22 km S of Jurm, Afghanistan",4.1,70.8415,36.6593,220.7,2015-07-14 22:12:08.630
"50 km N of P?r?n, Afghanistan",4.7,70.9958,35.8708,89.24,2015-07-14 14:35:51.600
"89 km SE of Shache, China",4.5,77.8219,37.7525,43.07,2015-07-14 12:29:14.420
"59 km WNW of Zangguy, China",4.5,78.1263,37.4521,31.9,2015-07-14 06:07:24.070
"24 km E of Muzaffar?b?d, Pakistan",4.5,73.738,34.3654,25.36,2015-07-14 05:46:15.620
"41 km NW of Sarupathar, India",4.5,96.5118,26.4644,101.35,2015-07-13 11:03:03.810
"70 km WSW of Gilgit, Pakistan",4.2,73.5958,35.6768,60.1,2015-07-13 01:46:26.290
"28 km S of Jurm, Afghanistan",4.2,70.8303,36.6051,218.63,2015-07-12 23:20:25.980
"29 km SSE of Jurm, Afghanistan",4.1,70.9799,36.626,214.09,2015-07-12 21:36:51.610
"40 km SE of Khorugh, Tajikistan",4.3,71.8974,37.2431,162.32,2015-07-12 16:45:54.820
"49 km SSW of Jurm, Afghanistan",4.1,70.6885,36.4308,196.64,2015-07-11 05:19:39.920
"27 km SSE of Jurm, Afghanistan",4.1,70.9983,36.6584,253.4,2015-07-11 00:34:13.520
"28 km SSE of Kod?ri??, Nepal",4.2,86.0836,27.7297,10.0,2015-07-10 21:13:01.030
"20 km N of Bongaigaon, India",4.3,90.5991,26.6628,19.67,2015-07-10 12:53:23.250
"22 km N of North Lakhimpur, India",4.1,94.1447,27.4318,14.66,2015-07-10 01:53:14.730
"287 km NNE of Burang, China",4.0,81.9042,32.8153,16.44,2015-07-10 00:09:08.210
"55 km NW of Sopur, India",4.2,74.1123,34.6941,63.07,2015-07-09 03:30:01.840
"178 km SE of Hotan, China",4.1,81.1399,35.8218,10.0,2015-07-08 23:39:19.780
"11 km S of Rust?q, Afghanistan",4.1,69.831,37.0193,7.8,2015-07-07 21:15:36.340
"57 km NW of Jumla, Nepal",4.2,81.733,29.6068,10.0,2015-07-07 09:31:41.580
"31 km E of Farkh?r, Afghanistan",4.3,70.2106,36.5342,216.08,2015-07-07 07:05:08.570
"88 km WNW of Zangguy, China",4.1,77.8771,37.6574,10.0,2015-07-06 19:22:38.770
"26 km W of Kod?ri??, Nepal",4.2,85.6886,27.9368,10.0,2015-07-06 15:29:07.940
"79 km WNW of Zangguy, China",4.2,77.9778,37.6247,44.09,2015-07-06 12:58:20.470
"34 km S of Jurm, Afghanistan",4.0,70.8065,36.5507,209.92,2015-07-06 04:23:39.300
"44 km SSW of Jurm, Afghanistan",4.3,70.6298,36.5012,215.19,2015-07-05 23:29:08.750
"55 km WNW of Zangguy, China",4.4,78.1875,37.4832,10.0,2015-07-05 15:12:09.120
"128 km SE of Phek, India",4.4,95.3332,24.7918,131.72,2015-07-04 23:08:20.420
"148 km NNE of Bamboo Flat, India",4.5,93.2393,12.9416,48.47,2015-07-04 18:41:36.360
"34 km W of Zangguy, China",4.2,78.3817,37.2272,10.0,2015-07-04 02:49:40.770
"79 km WNW of Zangguy, China",4.3,78.0066,37.6589,10.0,2015-07-04 00:36:38.580
"45 km S of Jurm, Afghanistan",4.0,70.8816,36.4531,110.13,2015-07-03 21:20:25.950
"34 km NNW of Hetauda, Nepal",4.5,84.9064,27.7236,3.36,2015-07-03 20:04:07.080
"21 km ENE of Mawlaik, Myanmar",4.0,94.6007,23.7112,81.49,2015-07-03 17:01:22.160
"30 km WSW of Ashk?sham, Afghanistan",4.1,71.2206,36.5835,128.14,2015-07-03 15:18:05.140
"43 km SW of Zangguy, China",4.0,78.4349,36.9946,10.0,2015-07-03 04:43:48.460
"61 km SSE of Zangguy, China",4.1,79.1432,36.8172,10.0,2015-07-03 03:50:05.500
"250 km E of Port Blair, India",5.5,95.032,11.4234,8.71,2015-07-03 03:16:35.510
"52 km WNW of Zangguy, China",4.7,78.1928,37.3915,10.0,2015-07-03 03:11:12.520
"40 km W of Zangguy, China",4.2,78.3213,37.216,10.0,2015-07-03 02:48:10.790
"72 km WNW of Zangguy, China",4.5,78.0162,37.5548,10.0,2015-07-03 02:37:25.460
"43 km WNW of Zangguy, China",4.2,78.3278,37.4582,10.0,2015-07-03 02:32:49.450
"239 km E of Port Blair, India",4.8,94.9322,11.4867,10.0,2015-07-03 02:20:32.030
"44 km W of Zangguy, China",4.1,78.2775,37.214,10.0,2015-07-03 02:17:27.800
"southern Xinjiang, China",4.7,78.0286,37.4606,10.0,2015-07-03 01:44:44.450
"southern Xinjiang, China",4.6,77.934,37.3901,10.0,2015-07-03 01:31:23.110
"63 km WNW of Zangguy, China",4.7,78.1121,37.5234,10.0,2015-07-03 01:25:11.100
"69 km NW of Zangguy, China",4.5,78.1287,37.6516,10.0,2015-07-03 01:22:50.040
"74 km WNW of Zangguy, China",4.8,77.9969,37.5644,10.0,2015-07-03 01:17:48.030
"57 km W of Zangguy, China",4.9,78.1194,37.3086,10.0,2015-07-03 01:13:13.910
"57 km WNW of Zangguy, China",6.4,78.1542,37.4593,20.0,2015-07-03 01:07:47.290
"172 km NNE of Bamboo Flat, India",4.8,93.2895,13.1543,50.79,2015-07-03 00:37:45.350
"23 km ENE of Muzaffar?b?d, Pakistan",5.3,73.7102,34.4513,10.0,2015-07-02 07:18:24.020
"30 km N of Nagarkot, Nepal",4.2,85.5714,27.9835,10.0,2015-07-02 01:56:11.700
"4 km E of Mongar, Bhutan",4.5,91.2869,27.2728,35.46,2015-07-01 02:42:40.790
"228 km ESE of Port Blair, India",4.5,94.7854,11.1788,45.33,2015-06-30 15:48:07.630
"19 km SE of Go?lp?ra, India",4.0,90.7596,26.0436,42.34,2015-06-30 13:15:57.200
"20 km W of Ashk?sham, Afghanistan",5.5,71.3004,36.6802,191.0,2015-06-29 22:07:48.500
"26 km ESE of Panauti, Nepal",4.3,85.7525,27.4724,10.0,2015-06-29 21:46:23.940
"32 km W of Kod?ri??, Nepal",4.0,85.6279,28.003,10.0,2015-06-29 17:42:43.450
"12 km NE of Kod?ri??, Nepal",4.7,86.056,28.0316,10.0,2015-06-28 23:57:15.530
"18 km N of B?sugaon, India",5.1,90.41,26.6384,26.0,2015-06-28 01:05:28.560
"41 km ESE of Khorugh, Tajikistan",4.1,71.942,37.2855,174.0,2015-06-27 18:44:33.620
"39 km SW of Ashk?sham, Afghanistan",4.3,71.1676,36.4864,85.42,2015-06-27 18:37:20.010
"76 km ESE of Farkh?r, Afghanistan",4.1,70.576,36.1931,121.8,2015-06-27 04:05:36.330
"26 km SE of Khanabad, Afghanistan",4.7,69.2895,36.4885,39.04,2015-06-26 17:42:00.100
"12 km N of Kathmandu, Nepal",3.7,85.3302,27.8139,10.0,2015-06-25 15:22:19.450
"36 km SW of Ashk?sham, Afghanistan",4.3,71.2152,36.4748,104.24,2015-06-23 17:38:39.240
"45 km ESE of Dhulikhel, Nepal",4.3,85.9898,27.5413,10.0,2015-06-22 07:34:31.780
"34 km SSE of Jurm, Afghanistan",4.1,70.925,36.559,202.28,2015-06-22 05:16:20.270
"18 km SSE of Kod?ri??, Nepal",4.1,86.0295,27.8059,10.0,2015-06-21 13:41:47.330
western Xizang,4.3,83.238,32.69,10.0,2015-06-21 04:02:46.670
"33 km S of Jurm, Afghanistan",4.0,70.8625,36.5679,217.02,2015-06-21 01:28:18.250
"45 km SSW of Jurm, Afghanistan",4.0,70.6227,36.4905,218.76,2015-06-20 18:46:56.080
"72 km NW of P?r?n, Afghanistan",4.2,70.4685,35.962,96.96,2015-06-20 17:20:03.890
"41 km NNE of Besisahar, Nepal",4.7,82.6319,28.5523,10.0,2015-06-20 12:23:05.580
"48 km SW of Jurm, Afghanistan",4.3,70.4432,36.5602,199.84,2015-06-19 07:12:48.200
"13 km WSW of Kashmor, Pakistan",4.1,69.4654,28.3717,17.1,2015-06-18 11:28:10.860
"16 km WSW of Ashk?sham, Afghanistan",4.2,71.3584,36.6319,100.53,2015-06-18 01:32:01.430
"45 km ESE of Khorugh, Tajikistan",4.0,72.0555,37.4007,187.89,2015-06-17 11:56:42.580
"35 km NNW of Kod?ri??, Nepal",4.3,85.8766,28.2774,10.0,2015-06-17 02:15:14.610
"25 km N of Nagarkot, Nepal",4.3,85.4981,27.9426,10.0,2015-06-17 00:29:59.050
"4 km NNW of Kathmandu, Nepal",4.0,85.2944,27.7381,5.7,2015-06-17 00:13:20.190
"82 km SE of Hakha, Myanmar",4.3,94.1411,22.0838,75.37,2015-06-15 21:39:20.250
"224 km SSE of Port Blair, India",4.3,93.3507,9.7304,58.68,2015-06-15 19:10:26.830
"33 km SSW of Ashk?sham, Afghanistan",4.2,71.4082,36.3973,109.51,2015-06-15 18:17:02.580
"32 km ESE of Jurm, Afghanistan",4.3,71.1842,36.7883,96.28,2015-06-15 14:21:17.490
"46 km NE of Tag?b, Afghanistan",4.1,69.9989,35.1606,123.25,2015-06-14 23:51:14.700
"39 km E of Farkh?r, Afghanistan",4.1,70.2894,36.5184,200.11,2015-06-14 13:12:22.780
"31 km NW of Kod?ri??, Nepal",4.1,85.7529,28.1763,10.0,2015-06-14 07:47:46.830
"25 km W of Ashk?sham, Afghanistan",4.2,71.2586,36.7272,156.3,2015-06-14 06:09:59.760
"38 km SSE of Kod?ri??, Nepal",4.8,86.0709,27.6326,10.0,2015-06-13 01:18:30.200
"27 km NE of Baghl?n, Afghanistan",4.4,68.9424,36.2913,34.16,2015-06-12 18:37:34.460
"272 km NNE of Bamboo Flat, India",5.2,93.5776,14.0119,48.57,2015-06-12 18:29:30.290
"65 km SE of Farkh?r, Afghanistan",4.3,70.3623,36.1499,94.96,2015-06-12 08:52:01.440
"22 km SSE of Kod?ri??, Nepal",4.0,86.0379,27.7705,10.0,2015-06-12 04:34:10.000
"91 km NNW of Monywa, Myanmar",4.2,94.7168,22.8401,97.79,2015-06-12 00:24:19.850
"54 km NNE of Bharatpur, Nepal",4.4,84.6937,28.115,10.32,2015-06-11 19:37:06.220
"14 km NNE of Nagarkot, Nepal",4.8,85.5836,27.8321,24.49,2015-06-11 16:12:20.290
"251 km NNW of Sabang, Indonesia",4.4,94.1797,7.8563,10.0,2015-06-11 06:28:55.230
"17 km WSW of Kod?ri??, Nepal",4.2,85.7959,27.8955,10.0,2015-06-11 04:17:46.340
"Nicobar Islands, India region",4.5,91.9733,6.6741,34.82,2015-06-08 15:21:14.840
"38 km S of Jurm, Afghanistan",4.3,70.7788,36.5184,193.84,2015-06-08 03:28:12.500
"45 km SW of Thayetmyo, Myanmar",4.2,94.8369,19.0767,62.42,2015-06-07 19:47:29.440
"28 km N of Nagarkot, Nepal",4.2,85.5328,27.9734,10.0,2015-06-07 05:17:45.900
"40 km NNW of Khand?d, Afghanistan",4.1,72.218,37.3074,241.11,2015-06-05 00:09:07.980
"14 km E of Farkh?r, Afghanistan",4.4,70.0129,36.5499,215.33,2015-06-04 06:53:01.360
"Southern Qinghai, China",4.0,91.4559,34.711,25.29,2015-06-04 03:47:42.710
"14 km ENE of Kod?ri??, Nepal",4.0,86.0953,28.011,10.0,2015-06-03 07:52:37.640
"66 km SE of Farkh?r, Afghanistan",4.8,70.3377,36.1184,115.07,2015-06-01 14:41:08.570
"86 km SSE of Khonsa, India",4.3,95.7989,26.2683,114.83,2015-06-01 07:12:08.970
"23 km NNW of Kalabagh, Pakistan",4.5,71.4176,33.1388,37.52,2015-05-31 16:55:50.180
"40 km NE of Barkhan, Pakistan",4.4,69.8306,30.1426,39.32,2015-05-31 12:48:31.010
Afghanistan-Tajikistan-Pakistan region,4.7,71.0941,36.4807,234.88,2015-05-30 16:44:20.210
"41 km WNW of Kirtipur, Nepal",4.3,84.9263,27.8802,10.0,2015-05-30 16:28:19.320
"Southern Qinghai, China",4.8,90.9881,34.5823,10.0,2015-05-30 00:04:45.590
"47 km NE of Bharatpur, Nepal",4.8,84.7819,27.9798,10.0,2015-05-29 10:00:00.270
"50 km NNE of Bharatpur, Nepal",4.0,84.6435,28.0923,10.0,2015-05-28 23:35:52.170
"17 km N of Farkhor, Tajikistan",4.1,69.3785,37.6529,18.28,2015-05-28 15:04:59.100
"Southern Qinghai, China",4.4,90.9239,34.5503,13.97,2015-05-28 06:04:23.110
"70 km NNW of Kathmandu, Nepal",4.1,84.9717,28.2528,10.0,2015-05-27 16:45:00.460
"35 km S of Jurm, Afghanistan",4.0,70.8976,36.5483,197.05,2015-05-27 13:29:27.040
"31 km W of Hetauda, Nepal",4.4,84.716,27.4029,10.0,2015-05-27 07:30:58.810
"38 km ENE of R?mnagar, India",4.0,84.6635,27.3256,10.0,2015-05-27 07:30:41.910
"27 km S of Kakching, India",4.3,93.9733,24.2488,64.58,2015-05-26 17:24:13.450
"62 km NNW of Kathmandu, Nepal",4.6,85.1005,28.2338,10.0,2015-05-26 17:07:14.360
"14 km SSE of Hetauda, Nepal",3.7,85.0688,27.3029,10.0,2015-05-26 14:15:30.970
"Hindu Kush region, Afghanistan",4.3,70.9237,36.6077,204.62,2015-05-25 22:26:22.580
"46 km SSE of Saiha, India",4.5,93.2059,22.1323,53.29,2015-05-25 15:59:02.060
"80 km NNE of Lobujya, Nepal",4.3,87.2411,28.5718,42.44,2015-05-25 10:46:03.060
"45 km NNE of Bharatpur, Nepal",4.4,84.6734,28.0271,10.0,2015-05-24 21:38:40.840
"73 km SE of Burang, China",4.3,81.6888,29.8042,10.0,2015-05-22 19:07:41.930
Nepal,4.1,85.6936,27.6635,10.0,2015-05-22 13:04:05.930
"47 km SSE of Kod?ri??, Nepal",4.3,86.0511,27.5438,10.0,2015-05-22 11:45:47.370
"43 km NW of Kirtipur, Nepal",4.7,84.9671,27.9555,10.0,2015-05-22 10:59:33.780
"44 km SW of Jurm, Afghanistan",4.1,70.5591,36.5351,183.51,2015-05-22 01:55:10.850
"27 km NE of Shwebo, Myanmar",4.2,95.8893,22.7454,22.56,2015-05-21 12:43:35.350
"16 km NNW of Kirtipur, Nepal",4.0,85.209,27.8173,10.0,2015-05-21 09:11:55.640
"11 km S of Hetauda, Nepal",4.6,85.0483,27.3231,10.0,2015-05-20 09:02:32.260
"31 km SW of Ashk?sham, Afghanistan",4.0,71.2685,36.4993,107.41,2015-05-20 08:54:27.900
"22 km SSW of Kod?ri??, Nepal",4.2,85.868,27.7722,10.0,2015-05-19 10:59:30.690
"64 km S of Jurm, Afghanistan",4.0,70.8843,36.283,124.12,2015-05-19 09:34:31.210
"34 km E of Dhulikhel, Nepal",4.4,85.8925,27.5867,10.0,2015-05-18 22:49:50.890
"30 km WNW of Uri, India",4.3,73.7435,34.1771,32.32,2015-05-18 16:46:36.840
"Nicobar Islands, India region",4.5,93.4951,8.4736,58.52,2015-05-18 13:05:35.290
"39 km NE of Bharatpur, Nepal",4.1,84.6997,27.9438,10.0,2015-05-18 12:42:09.240
"49 km SW of Ashk?sham, Afghanistan",4.2,71.0982,36.4139,150.42,2015-05-18 12:18:43.120
"50 km ENE of Barkhan, Pakistan",4.2,70.0315,30.0204,24.42,2015-05-17 09:10:12.060
"28 km E of Dhulikhel, Nepal",4.3,85.8239,27.5777,10.0,2015-05-17 05:45:38.500
"northern Qinghai, China",4.2,92.3499,37.4551,10.0,2015-05-16 23:57:46.850
"31 km S of Kod?ri??, Nepal",4.4,85.9514,27.6804,10.0,2015-05-16 23:15:26.060
"44 km NE of Bharatpur, Nepal",4.1,84.6978,28.0094,10.0,2015-05-16 20:02:53.740
"45 km SSE of Kod?ri??, Nepal",5.5,86.0734,27.5603,7.0,2015-05-16 11:34:09.980
"59 km SE of Zhob, Pakistan",4.3,69.8295,30.9149,10.0,2015-05-16 08:36:17.410
"14 km ENE of Hetauda, Nepal",4.2,85.1653,27.4751,10.0,2015-05-16 03:50:21.210
"16 km E of Dhulikhel, Nepal",4.7,85.713,27.6386,10.0,2015-05-16 03:39:26.920
"37 km NNE of Bharatpur, Nepal",4.1,84.5187,28.0074,10.0,2015-05-16 00:46:06.830
"45 km NE of Bharatpur, Nepal",4.9,84.7499,27.9719,10.0,2015-05-15 01:42:42.800
"45 km NNW of Nagarkot, Nepal",3.9,85.3994,28.1148,10.0,2015-05-14 14:36:39.530
"37 km SSE of Kod?ri??, Nepal",4.4,86.1515,27.6713,10.0,2015-05-14 03:07:38.770
"28 km SSE of Kod?ri??, Nepal",5.0,86.0503,27.7199,8.38,2015-05-13 21:38:06.390
"19 km SSE of Kod?ri??, Nepal",4.2,86.038,27.8014,10.0,2015-05-13 10:59:41.150
"39 km W of Namche Bazar, Nepal",4.2,86.3084,27.7666,10.0,2015-05-13 09:52:27.990
"35 km SE of Kod?ri??, Nepal",4.8,86.1891,27.7201,10.0,2015-05-13 06:53:00.780
"28 km SE of Kod?ri??, Nepal",4.5,86.1379,27.7582,10.0,2015-05-13 06:37:30.290
"39 km SSE of Kod?ri??, Nepal",4.7,86.1557,27.6539,10.0,2015-05-13 06:26:07.550
"42 km WSW of Namche Bazar, Nepal",4.1,86.3299,27.6248,10.0,2015-05-13 02:43:47.590
"42 km SE of Kod?ri??, Nepal",4.1,86.2315,27.6695,10.0,2015-05-13 02:23:10.920
"18 km SSE of Kod?ri??, Nepal",4.0,86.0034,27.8032,10.0,2015-05-12 21:57:14.320
"23 km ENE of Bharatpur, Nepal",5.2,84.6384,27.783,10.0,2015-05-12 21:25:11.930
"28 km E of Kod?ri??, Nepal",4.0,86.2389,27.9152,5.36,2015-05-12 20:44:28.940
"16 km SW of Kirtipur, Nepal",4.3,85.1413,27.5858,13.35,2015-05-12 20:22:16.260
"34 km SSE of Kod?ri??, Nepal",4.5,86.1308,27.6868,8.52,2015-05-12 19:37:40.910
"40 km SSE of Kod?ri??, Nepal",4.3,86.1584,27.6432,10.93,2015-05-12 19:34:59.090
"44 km WSW of Namche Bazar, Nepal",4.1,86.294,27.6456,11.23,2015-05-12 18:51:44.210
"39 km SE of Kod?ri??, Nepal",4.0,86.2514,27.717,15.68,2015-05-12 18:49:05.090
"53 km SSE of Kod?ri??, Nepal",4.8,86.1266,27.4989,10.0,2015-05-12 17:28:39.250
"27 km S of Kod?ri??, Nepal",4.4,85.9418,27.712,6.54,2015-05-12 16:55:22.990
"46 km SE of Kod?ri??, Nepal",4.0,86.2307,27.617,10.0,2015-05-12 16:32:09.050
"35 km SE of Kod?ri??, Nepal",4.0,86.2211,27.7411,10.0,2015-05-12 16:15:14.100
"44 km WSW of Namche Bazar, Nepal",4.4,86.2971,27.6485,10.0,2015-05-12 15:59:46.930
"22 km SSE of Kod?ri??, Nepal",4.2,86.0808,27.7866,10.0,2015-05-12 15:32:25.690
"39 km SE of Kod?ri??, Nepal",4.4,86.2602,27.721,10.0,2015-05-12 15:28:19.810
"49 km WSW of Namche Bazar, Nepal",4.5,86.2659,27.6013,10.0,2015-05-12 13:58:57.540
"25 km SSW of Kod?ri??, Nepal",4.4,85.8975,27.7321,10.0,2015-05-12 13:47:05.250
"24 km SSW of Kod?ri??, Nepal",4.4,85.9016,27.7461,10.0,2015-05-12 13:43:17.520
"39 km SSE of Kod?ri??, Nepal",4.2,86.1632,27.6516,7.9,2015-05-12 13:25:25.120
"9 km S of Kod?ri??, Nepal",4.1,85.9511,27.8728,10.61,2015-05-12 13:10:40.840
"38 km S of Kod?ri??, Nepal",4.4,85.9896,27.6132,10.0,2015-05-12 13:08:10.140
"26 km E of Dhulikhel, Nepal",4.0,85.8062,27.6406,10.0,2015-05-12 13:02:17.180
Nepal,4.5,85.9931,27.6751,10.0,2015-05-12 12:28:22.930
"30 km S of Kod?ri??, Nepal",4.3,85.9018,27.6936,10.0,2015-05-12 11:58:12.150
"35 km SSE of Kod?ri??, Nepal",4.4,86.1369,27.6838,10.0,2015-05-12 11:21:30.590
"15 km S of Kod?ri??, Nepal",4.1,85.982,27.8202,10.0,2015-05-12 11:13:21.490
"42 km SE of Kod?ri??, Nepal",4.2,86.2033,27.6414,10.0,2015-05-12 11:06:34.600
"34 km SE of Kod?ri??, Nepal",4.0,86.199,27.7305,10.0,2015-05-12 10:53:22.920
"51 km SW of Namche Bazar, Nepal",4.0,86.3405,27.4765,10.0,2015-05-12 10:42:22.330
"41 km SE of Kod?ri??, Nepal",4.5,86.2746,27.716,10.0,2015-05-12 10:41:32.260
"30 km W of Namche Bazar, Nepal",4.6,86.4044,27.7987,10.0,2015-05-12 10:40:07.870
"35 km SSE of Kod?ri??, Nepal",4.5,86.0849,27.6606,10.0,2015-05-12 10:35:39.950
"30 km S of Kod?ri??, Nepal",4.4,85.9158,27.6896,10.01,2015-05-12 10:31:00.570
"34 km SE of Kod?ri??, Nepal",4.3,86.1734,27.7172,10.0,2015-05-12 10:15:07.680
"22 km S of Kod?ri??, Nepal",4.2,85.9301,27.7617,10.0,2015-05-12 09:44:38.980
"43 km SE of Kod?ri??, Nepal",4.5,86.2505,27.6658,10.0,2015-05-12 09:38:19.460
"17 km S of Yang? Qal‘ah, Afghanistan",4.6,69.6421,37.31,11.05,2015-05-12 09:15:30.030
"27 km SSE of Kod?ri??, Nepal",4.6,86.0672,27.7318,10.0,2015-05-12 09:02:09.780
"31 km SE of Kod?ri??, Nepal",4.5,86.195,27.7729,10.0,2015-05-12 08:59:39.740
"37 km E of Kod?ri??, Nepal",4.0,86.3358,28.0084,10.0,2015-05-12 08:52:30.290
"43 km SE of Kod?ri??, Nepal",4.3,86.2138,27.6469,10.0,2015-05-12 08:51:32.500
"24 km SSE of Kod?ri??, Nepal",4.0,86.01,27.7431,10.0,2015-05-12 08:39:07.940
"37 km SE of Kod?ri??, Nepal",4.4,86.2108,27.7042,10.0,2015-05-12 08:35:36.710
"25 km NNE of Kod?ri??, Nepal",4.3,86.0143,28.1877,16.34,2015-05-12 08:34:24.130
"25 km SSE of Kod?ri??, Nepal",4.8,86.0692,27.7486,10.0,2015-05-12 08:24:24.340
"30 km SE of Kod?ri??, Nepal",5.2,86.1316,27.7298,15.0,2015-05-12 08:21:10.760
"23 km ENE of Nagarkot, Nepal",5.1,85.7574,27.7629,15.0,2015-05-12 08:13:54.600
"24 km ESE of Panauti, Nepal",4.3,85.7306,27.4654,10.0,2015-05-12 08:11:22.590
"27 km SSE of Kod?ri??, Nepal",5.0,86.0161,27.7221,15.0,2015-05-12 08:06:05.530
"18 km ESE of Kod?ri??, Nepal",4.2,86.1387,27.9198,10.0,2015-05-12 08:05:25.540
"17 km WSW of Namche Bazar, Nepal",4.5,86.5554,27.7351,10.0,2015-05-12 07:57:17.360
"39 km SE of Kod?ri??, Nepal",4.9,86.2576,27.7224,10.0,2015-05-12 07:48:51.490
"45 km S of Kod?ri??, Nepal",4.9,86.039,27.5579,10.0,2015-05-12 07:47:46.350
"44 km SE of Kod?ri??, Nepal",4.9,86.2387,27.6521,11.77,2015-05-12 07:43:17.310
"42 km SSE of Kod?ri??, Nepal",6.3,86.1617,27.625,15.0,2015-05-12 07:36:54.490
"37 km SE of Kod?ri??, Nepal",5.4,86.2449,27.7458,10.0,2015-05-12 07:34:22.630
"24 km SSE of Kod?ri??, Nepal",4.1,86.0099,27.7477,10.0,2015-05-12 07:33:09.760
"52 km WSW of Namche Bazar, Nepal",5.0,86.2566,27.5589,10.0,2015-05-12 07:23:32.670
"50 km SSE of Kod?ri??, Nepal",4.8,86.2338,27.5796,10.0,2015-05-12 07:22:15.290
"69 km NNW of Lah?n, Nepal",4.9,86.2369,27.3073,10.0,2015-05-12 07:20:47.170
"37 km SE of Kod?ri??, Nepal",5.5,86.2177,27.7141,13.01,2015-05-12 07:17:20.640
Nepal,7.3,86.0655,27.8087,15.0,2015-05-12 07:05:19.730
"11 km SE of Yang? Qal‘ah, Afghanistan",4.6,69.7172,37.4055,13.92,2015-05-12 06:10:58.840
"40 km ESE of Farkh?r, Afghanistan",4.1,70.3036,36.491,212.41,2015-05-11 22:43:11.090
"26 km E of Nagarkot, Nepal",4.3,85.789,27.7589,10.0,2015-05-11 14:52:40.550
"3 km SSW of Kod?ri??, Nepal",4.3,85.9366,27.9326,10.0,2015-05-11 14:50:59.760
"13 km WNW of Kod?ri??, Nepal",4.0,85.827,28.0071,10.0,2015-05-11 03:20:36.900
Nepal,4.3,85.5858,27.4485,10.0,2015-05-10 09:38:32.750
"55 km SSW of Jurm, Afghanistan",4.4,70.5774,36.4056,148.7,2015-05-10 03:47:20.020
"72 km SW of Ashk?sham, Afghanistan",4.2,71.0469,36.1667,100.22,2015-05-10 03:18:11.710
"20 km SSE of Kod?ri??, Nepal",4.0,86.001,27.7776,10.0,2015-05-10 00:49:52.770
"40 km NW of Kirtipur, Nepal",4.0,85.0259,27.9634,10.0,2015-05-08 21:23:27.700
"10 km S of Kod?ri??, Nepal",4.2,85.9591,27.8668,10.0,2015-05-08 07:47:54.460
"221 km N of Bamboo Flat, India",4.5,92.8907,13.6955,32.32,2015-05-08 03:02:32.780
"35 km S of Kod?ri??, Nepal",4.9,85.979,27.6418,11.56,2015-05-08 00:32:33.960
"179 km WSW of Zangguy, China",4.1,76.8647,36.7572,96.8,2015-05-07 05:09:56.880
"69 km SW of Ashk?sham, Afghanistan",4.3,71.0441,36.1943,101.54,2015-05-07 03:13:59.450
"14 km SW of Kirtipur, Nepal",3.5,85.1661,27.5965,10.0,2015-05-06 21:56:28.670
"4 km ENE of Dhulikhel, Nepal",3.8,85.5861,27.6348,10.0,2015-05-06 15:13:19.940
"283 km ENE of Port Blair, India",4.4,95.1783,12.5837,18.77,2015-05-06 14:45:25.850
"29 km S of Kod?ri??, Nepal",4.1,85.9535,27.6962,10.0,2015-05-05 11:15:40.410
"26 km S of Kod?ri??, Nepal",4.1,85.9867,27.7226,10.0,2015-05-05 10:38:47.120
"16 km SSW of Kod?ri??, Nepal",4.2,85.9036,27.8147,10.0,2015-05-04 14:19:03.470
"19 km SSE of Kod?ri??, Nepal",4.1,86.0097,27.7864,10.0,2015-05-04 12:17:13.450
"21 km E of Kod?ri??, Nepal",4.0,86.1704,27.926,10.0,2015-05-04 08:50:00.820
"36 km S of Kod?ri??, Nepal",4.5,85.9746,27.6326,10.0,2015-05-04 01:15:07.070
"26 km SSW of Kod?ri??, Nepal",4.2,85.8791,27.7349,10.0,2015-05-03 23:14:15.460
"31 km NNW of Hetauda, Nepal",4.3,84.9331,27.6999,10.0,2015-05-03 11:35:11.090
western Xizang,4.2,87.3764,35.2031,30.71,2015-05-03 05:43:14.270
"19 km ENE of Bharatpur, Nepal",4.0,84.6005,27.7665,10.0,2015-05-03 02:15:26.910
"35 km S of Kod?ri??, Nepal",4.3,85.9324,27.6395,10.0,2015-05-02 21:44:09.970
"33 km S of Kod?ri??, Nepal",4.3,85.9494,27.6545,10.0,2015-05-02 15:16:18.050
"24 km NNE of Kathmandu, Nepal",4.2,85.369,27.9171,10.0,2015-05-02 09:41:16.290
"36 km W of Ashk?sham, Afghanistan",4.4,71.133,36.625,232.9,2015-05-02 08:01:09.590
Nepal,4.9,84.6576,28.3143,10.0,2015-05-02 05:35:46.930
"11 km NNE of Kathmandu, Nepal",4.0,85.3532,27.7972,10.0,2015-05-02 03:47:03.740
"21 km SSW of Kod?ri??, Nepal",4.0,85.9042,27.7751,10.0,2015-05-02 01:03:10.740
"15 km ESE of Hetauda, Nepal",4.0,85.1775,27.3802,10.0,2015-05-02 00:10:49.450
"3 km ESE of Dhulikhel, Nepal",4.0,85.5759,27.6072,10.0,2015-05-01 22:10:09.980
"20 km ENE of Bharatpur, Nepal",4.1,84.6329,27.7249,10.0,2015-05-01 18:47:16.520
"47 km S of Jurm, Afghanistan",4.1,70.7728,36.4419,208.3,2015-05-01 15:09:58.500
"northern Qinghai, China",4.0,92.6379,37.5781,18.69,2015-05-01 14:44:57.570
"135 km SW of Port Blair, India",5.3,91.9645,10.7112,29.31,2015-05-01 08:58:41.800
"68 km NNE of Kod?ri??, Nepal",4.0,86.2397,28.5301,10.0,2015-05-01 04:39:19.300
"3 km SW of Tuensang, India",4.8,94.7996,26.2401,10.0,2015-04-30 19:21:18.100
"31 km NNW of Kod?ri??, Nepal",3.8,85.8071,28.2119,10.0,2015-04-30 17:34:37.620
"34 km NE of Bharatpur, Nepal",4.3,84.6664,27.9057,10.0,2015-04-30 00:37:10.880
"58 km NE of Lobujya, Nepal",4.5,87.2319,28.33,10.0,2015-04-29 22:10:52.110
"24 km NE of Nagarkot, Nepal",4.4,85.7031,27.8677,10.0,2015-04-29 17:16:33.470
"50 km NNE of Bharatpur, Nepal",4.1,84.676,28.0838,18.76,2015-04-29 17:16:14.460
"19 km NW of Nagarkot, Nepal",4.6,85.4086,27.864,10.0,2015-04-29 11:27:45.310
"14 km ENE of Bharatpur, Nepal",4.2,84.564,27.7449,10.0,2015-04-29 09:39:14.120
"35 km SSE of Khorugh, Tajikistan",4.3,71.655,37.1806,127.03,2015-04-29 05:52:13.410
"239 km N of Bamboo Flat, India",4.2,93.0926,13.8314,64.87,2015-04-29 01:29:52.960
"7 km W of Kod?ri??, Nepal",4.1,85.8817,27.9577,10.0,2015-04-28 21:44:23.980
"37 km ESE of Khorugh, Tajikistan",4.6,71.9357,37.3429,166.62,2015-04-28 05:03:25.410
"29 km N of Kathmandu, Nepal",4.2,85.2821,27.9641,10.0,2015-04-27 23:20:28.520
"21 km SW of Kod?ri??, Nepal",4.2,85.7877,27.841,10.0,2015-04-27 21:27:41.790
Nepal,3.7,85.4008,27.8402,10.0,2015-04-27 21:14:57.990
"276 km NE of Burang, China",4.2,83.5157,31.7602,10.0,2015-04-27 20:21:55.240
"43 km NNE of Bharatpur, Nepal",4.8,84.682,28.0066,21.35,2015-04-27 18:59:57.010
"15 km W of Kirtipur, Nepal",4.3,85.1212,27.6728,10.0,2015-04-27 15:51:46.110
"18 km SSW of Kod?ri??, Nepal",4.0,85.8855,27.8065,10.0,2015-04-27 14:57:00.080
"9 km NE of Dhulikhel, Nepal",4.3,85.6085,27.6802,10.0,2015-04-27 14:42:39.210
"41 km NNE of Bharatpur, Nepal",4.3,84.5829,28.0231,19.52,2015-04-27 13:17:47.600
"13 km ESE of Il?m, Nepal",5.1,88.055,26.8644,31.71,2015-04-27 12:35:53.930
"22 km SE of Kod?ri??, Nepal",4.0,86.1373,27.8347,10.0,2015-04-27 06:00:00.390
"40 km NE of Bharatpur, Nepal",4.1,84.7251,27.9352,10.0,2015-04-27 04:14:44.840
"29 km ESE of Panauti, Nepal",4.3,85.7818,27.4565,10.0,2015-04-27 01:15:51.060
"28 km NNW of Hetauda, Nepal",4.1,84.9579,27.6794,10.0,2015-04-27 00:39:16.330
"16 km ESE of Panauti, Nepal",4.6,85.6751,27.5298,10.0,2015-04-26 22:32:34.720
"19 km WSW of Kod?ri??, Nepal",4.3,85.7813,27.8804,10.0,2015-04-26 20:39:20.030
"47 km NE of Bharatpur, Nepal",4.4,84.7645,27.9888,10.0,2015-04-26 18:54:49.080
"7 km NE of Kathmandu, Nepal",4.2,85.3686,27.7579,10.0,2015-04-26 18:06:31.490
"17 km SSW of Kod?ri??, Nepal",5.0,85.865,27.8297,14.0,2015-04-26 16:26:06.730
"53 km NNE of Bharatpur, Nepal",4.3,84.6464,28.1223,10.0,2015-04-26 14:57:04.380
"30 km S of Kod?ri??, Nepal",4.5,85.9657,27.686,10.0,2015-04-26 14:44:50.510
"14 km N of Madhyapur Thimi, Nepal",4.5,85.4088,27.8112,10.0,2015-04-26 13:11:15.170
"18 km ESE of Dhulikhel, Nepal",4.0,85.7179,27.5683,8.42,2015-04-26 12:34:41.310
"43 km ESE of Dhulikhel, Nepal",4.3,85.9371,27.4422,10.0,2015-04-26 09:42:03.630
"9 km ENE of Pul-e Khumr?, Afghanistan",4.1,68.8122,35.9811,70.66,2015-04-26 09:14:36.730
"15 km WSW of Kod?ri??, Nepal",4.4,85.8032,27.9232,10.0,2015-04-26 08:46:17.050
"27 km SSW of Kod?ri??, Nepal",4.6,85.854,27.7307,10.0,2015-04-26 08:40:55.820
"12 km WNW of Kod?ri??, Nepal",4.4,85.8449,28.0119,10.0,2015-04-26 08:22:12.350
"24 km SW of Kod?ri??, Nepal",4.3,85.781,27.8072,10.0,2015-04-26 08:10:37.340
"25 km SSE of Kod?ri??, Nepal",4.2,86.0078,27.7325,10.0,2015-04-26 07:50:26.020
"34 km N of Janakpur, Nepal",4.3,85.9863,27.0336,10.0,2015-04-26 07:43:17.480
"22 km S of Kod?ri??, Nepal",4.7,85.9822,27.7555,10.0,2015-04-26 07:36:26.570
"29 km S of Kod?ri??, Nepal",4.9,85.9136,27.7004,10.0,2015-04-26 07:26:04.190
"21 km SSE of Kod?ri??, Nepal",6.7,86.0173,27.7711,22.91,2015-04-26 07:09:10.670
"44 km NE of Bharatpur, Nepal",4.5,84.7082,27.9966,10.0,2015-04-26 04:58:40.040
"36 km N of Kathmandu, Nepal",4.1,85.3595,28.0281,10.0,2015-04-26 04:50:29.550
"59 km NNE of Bharatpur, Nepal",4.0,84.6699,28.1724,10.0,2015-04-26 04:40:16.330
"13 km SSE of Panauti, Nepal",4.3,85.5624,27.469,10.0,2015-04-26 03:21:36.160
"60 km E of Pokhara, Nepal",4.5,84.5858,28.2272,10.0,2015-04-26 02:48:39.070
"38 km SSE of Kod?ri??, Nepal",4.1,86.0531,27.6257,10.0,2015-04-26 02:33:26.940
"4 km SSW of Hari Bdr Tamang House, Nepal",4.2,85.4424,27.5936,10.0,2015-04-26 02:02:07.850
"28 km E of Dhulikhel, Nepal",4.1,85.8354,27.6098,6.57,2015-04-25 23:55:46.070
"34 km SSE of Kod?ri??, Nepal",4.5,86.0726,27.6678,15.68,2015-04-25 23:41:53.750
"42 km WNW of Kirtipur, Nepal",5.1,84.8715,27.7993,13.61,2015-04-25 23:16:15.450
"41 km SSE of Kod?ri??, Nepal",4.0,86.0873,27.6038,9.21,2015-04-25 23:12:52.060
"25 km SSW of Kod?ri??, Nepal",4.6,85.8114,27.7657,23.88,2015-04-25 21:07:20.000
"35 km S of Kod?ri??, Nepal",4.4,85.9241,27.6437,10.0,2015-04-25 20:32:48.240
"34 km NNE of Bharatpur, Nepal",4.4,84.5282,27.9754,10.0,2015-04-25 20:07:01.970
"5 km SE of P?tan, Nepal",4.2,85.3501,27.6376,14.2,2015-04-25 18:58:34.530
"31 km NNE of Kod?ri??, Nepal",4.5,86.1072,28.2139,35.26,2015-04-25 17:46:17.590
"33 km NNW of Kod?ri??, Nepal",5.1,85.829,28.238,10.0,2015-04-25 17:42:50.910
"20 km NNE of Nagarkot, Nepal",4.9,85.6359,27.8695,10.0,2015-04-25 16:27:21.660
"28 km SSW of Kod?ri??, Nepal",4.6,85.8748,27.7109,10.0,2015-04-25 14:10:03.730
"26 km S of Kod?ri??, Nepal",4.7,85.9826,27.7266,10.0,2015-04-25 13:36:14.620
"50 km NNW of Kirtipur, Nepal",4.6,85.0378,28.0768,10.0,2015-04-25 13:30:28.030
"23 km SW of Kod?ri??, Nepal",4.3,85.7909,27.8055,10.0,2015-04-25 13:29:31.610
"48 km NNE of Bharatpur, Nepal",5.2,84.5594,28.0979,10.0,2015-04-25 12:44:05.170
"54 km SSE of Kod?ri??, Nepal",4.0,86.0952,27.4844,10.0,2015-04-25 12:39:52.630
"24 km NNW of Nagarkot, Nepal",4.5,85.449,27.9261,10.0,2015-04-25 12:17:54.790
"33 km S of Kod?ri??, Nepal",4.3,85.8954,27.6645,10.0,2015-04-25 12:12:14.790
"11 km SSW of Kod?ri??, Nepal",4.2,85.9255,27.8638,10.0,2015-04-25 12:01:10.730
"47 km NNW of Kathmandu, Nepal",4.2,85.0566,28.0596,10.0,2015-04-25 11:41:47.700
"3 km NW of Hari Bdr Tamang House, Nepal",4.5,85.4309,27.6483,10.0,2015-04-25 11:23:47.560
"47 km ESE of Dhulikhel, Nepal",4.4,86.0058,27.4923,10.0,2015-04-25 11:18:30.100
"40 km SSE of Kod?ri??, Nepal",4.0,86.0505,27.6021,10.0,2015-04-25 11:15:18.020
"24 km N of Nagarkot, Nepal",4.2,85.5471,27.933,10.0,2015-04-25 11:05:01.240
"18 km SSW of Kod?ri??, Nepal",4.6,85.8842,27.8061,10.0,2015-04-25 10:53:43.530
"13 km SE of Panauti, Nepal",4.0,85.6304,27.5075,10.0,2015-04-25 10:52:00.490
"55 km NNE of Bharatpur, Nepal",4.2,84.6237,28.1447,10.0,2015-04-25 10:50:45.880
Nepal,4.8,85.9565,27.6033,10.0,2015-04-25 10:40:35.550
"24 km SSW of Kod?ri??, Nepal",4.1,85.8322,27.7704,10.0,2015-04-25 10:40:13.500
"23 km SW of Kod?ri??, Nepal",4.4,85.8035,27.7999,10.0,2015-04-25 10:23:17.670
"73 km NNE of Bharatpur, Nepal",4.2,84.7255,28.2838,10.0,2015-04-25 10:10:32.840
"20 km ESE of Dhulikhel, Nepal",4.0,85.7255,27.5326,10.0,2015-04-25 09:53:32.600
"57 km NW of Kirtipur, Nepal",4.4,84.8842,28.0668,10.0,2015-04-25 09:43:00.840
"30 km N of Nagarkot, Nepal",4.9,85.5209,27.9945,10.0,2015-04-25 09:30:29.690
"33 km N of Kathmandu, Nepal",4.4,85.3104,28.0061,10.0,2015-04-25 09:28:00.080
"22 km E of Nagarkot, Nepal",4.7,85.7503,27.7192,10.0,2015-04-25 09:22:36.900
"69 km NE of Lobujya, Nepal",5.7,87.3173,28.3902,10.0,2015-04-25 09:17:02.310
"19 km N of Kathmandu, Nepal",4.8,85.3426,27.8743,10.0,2015-04-25 09:03:14.960
"24 km NW of Kirtipur, Nepal",4.4,85.0718,27.8084,10.0,2015-04-25 09:01:51.540
"0 km WNW of Panauti??, Nepal",5.3,85.5058,27.5866,10.0,2015-04-25 08:55:55.960
"37 km NNW of Hetauda, Nepal",4.4,84.8893,27.7404,10.0,2015-04-25 08:49:09.080
Nepal,4.2,85.1727,27.7292,10.0,2015-04-25 08:36:05.260
"32 km S of Kod?ri??, Nepal",4.6,85.9539,27.6708,10.0,2015-04-25 08:31:32.430
"33 km NNE of Bharatpur, Nepal",5.0,84.6218,27.9351,10.0,2015-04-25 08:29:24.560
"12 km NNE of Nagarkot, Nepal",4.6,85.5666,27.8166,10.0,2015-04-25 08:22:47.620
"12 km WSW of Kirtipur, Nepal",4.9,85.16,27.6429,10.0,2015-04-25 08:20:48.800
"19 km SW of Kod?ri??, Nepal",4.7,85.7931,27.8549,10.0,2015-04-25 08:20:11.160
"22 km ENE of Dhulikhel, Nepal",4.9,85.7563,27.7014,10.0,2015-04-25 08:16:59.230
"22 km SW of Kod?ri??, Nepal",4.6,85.7943,27.8132,10.0,2015-04-25 08:05:37.950
"22 km SW of Kod?ri??, Nepal",4.4,85.7676,27.8426,10.0,2015-04-25 07:59:14.660
"14 km NNW of Nagarkot, Nepal",4.4,85.4875,27.846,10.0,2015-04-25 07:55:44.070
"13 km NNE of Nagarkot, Nepal",5.0,85.5955,27.8172,10.0,2015-04-25 07:47:01.480
"20 km ENE of Dhulikhel, Nepal",4.5,85.7383,27.6821,10.0,2015-04-25 07:39:33.970
"28 km NNE of Nagarkot, Nepal",4.3,85.6099,27.9633,10.0,2015-04-25 07:34:55.190
"28 km W of Kirtipur, Nepal",4.3,84.9918,27.6891,10.0,2015-04-25 07:33:47.410
"18 km SSW of Kod?ri??, Nepal",4.4,85.8924,27.8053,10.0,2015-04-25 07:23:38.520
"13 km SW of Kod?ri??, Nepal",4.2,85.8478,27.8854,10.0,2015-04-25 07:22:55.740
"6 km NNE of Kathmandu, Nepal",4.0,85.3405,27.7574,10.0,2015-04-25 07:20:24.230
"24 km NE of Nagarkot, Nepal",4.7,85.6791,27.8818,10.0,2015-04-25 07:16:55.060
"18 km E of Dhulikhel, Nepal",4.8,85.7307,27.615,10.0,2015-04-25 07:13:44.150
"19 km SSW of Kod?ri??, Nepal",4.9,85.914,27.7879,10.0,2015-04-25 07:07:59.920
"26 km NNE of Nagarkot, Nepal",4.3,85.5837,27.9482,10.0,2015-04-25 07:05:28.010
"36 km N of Kathmandu, Nepal",4.2,85.3682,28.029,10.0,2015-04-25 07:05:00.930
"40 km NE of Bharatpur, Nepal",4.4,84.6843,27.964,10.0,2015-04-25 07:03:49.750
"52 km ESE of Dhulikhel, Nepal",4.4,86.0237,27.4173,10.0,2015-04-25 07:03:09.350
"26 km S of Kod?ri??, Nepal",5.1,86.0061,27.7219,10.0,2015-04-25 06:58:27.570
"22 km WSW of Kod?ri??, Nepal",5.5,85.7505,27.8822,10.0,2015-04-25 06:56:33.860
"7 km W of Kirtipur, Nepal",5.0,85.2009,27.672,10.0,2015-04-25 06:53:42.750
"71 km NNE of Bharatpur, Nepal",6.6,84.8216,28.2244,10.0,2015-04-25 06:45:21.320
"1 km W of Panauti??, Nepal",4.6,85.5012,27.5862,10.0,2015-04-25 06:44:39.040
"27 km SSW of Kod?ri??, Nepal",5.1,85.8302,27.7435,10.0,2015-04-25 06:37:58.690
"26 km S of Kod?ri??, Nepal",4.6,85.9479,27.7244,10.0,2015-04-25 06:32:48.870
Nepal,4.7,85.0717,27.8478,10.0,2015-04-25 06:29:46.130
"2 km SW of Nagarkot, Nepal",4.8,85.5043,27.7006,10.0,2015-04-25 06:28:05.780
"7 km ESE of Nagarkot, Nepal",5.0,85.5854,27.687,10.0,2015-04-25 06:25:55.260
"12 km NNW of Nagarkot, Nepal",5.26,85.448,27.813,18.0,2015-04-25 06:22:23.350
"21 km NW of Kirtipur, Nepal",5.1,85.1141,27.8006,10.0,2015-04-25 06:22:02.750
Nepal,5.4,84.492,28.2046,10.0,2015-04-25 06:20:40.340
"31 km SSE of Kod?ri??, Nepal",5.6,86.0213,27.6857,10.0,2015-04-25 06:18:10.870
"0 km NNW of Dhulikhel, Nepal",6.1,85.5398,27.6285,10.0,2015-04-25 06:15:22.910
"67 km NNE of Bharatpur, Nepal",7.8,84.7314,28.2305,8.22,2015-04-25 06:11:25.950
"17 km NNW of Baghl?n, Afghanistan",4.6,68.6365,36.282,36.94,2015-04-24 06:20:46.960
"48 km NNW of Khand?d, Afghanistan",4.3,72.2106,37.3767,208.41,2015-04-24 05:39:15.600
"253 km ENE of Port Blair, India",4.9,94.9874,12.2983,34.43,2015-04-23 23:58:22.380
"53 km SE of Jumla, Nepal",4.4,82.5414,28.9068,10.0,2015-04-22 01:29:09.390
"33 km ENE of Fayzabad, Afghanistan",4.1,70.9321,37.2278,97.46,2015-04-21 23:07:09.040
"46 km SSE of Jumla, Nepal",5.0,82.3938,28.8947,10.0,2015-04-21 14:02:15.550
"269 km N of Bamboo Flat, India",5.1,92.9493,14.1208,27.07,2015-04-21 00:17:28.930
"122 km SSE of Port Blair, India",4.2,93.2625,10.6798,101.08,2015-04-18 17:22:28.990
"42 km ESE of Farkh?r, Afghanistan",4.0,70.3276,36.4976,202.64,2015-04-17 00:13:08.740
"11 km ESE of Rang?p?ra, India",4.8,92.7714,26.7924,35.0,2015-04-16 22:05:49.650
"108 km W of Bhamo, Myanmar",4.2,96.1785,24.3994,42.01,2015-04-15 17:57:00.890
"147 km SE of Port Blair, India",4.1,93.8077,10.8469,138.56,2015-04-14 22:01:59.150
"31 km WSW of Ashk?sham, Afghanistan",4.7,71.2159,36.5648,113.41,2015-04-13 09:27:05.420
"256 km NNE of Bamboo Flat, India",4.3,93.8242,13.7526,35.0,2015-04-13 05:55:04.530
"9 km WNW of Ashk?sham, Afghanistan",4.1,71.4296,36.7062,96.75,2015-04-13 04:27:25.980
"27 km S of Jurm, Afghanistan",4.2,70.8393,36.6187,221.25,2015-04-10 18:49:41.530
western Xizang,4.5,81.0836,33.394,10.0,2015-04-10 09:19:56.020
"262 km N of Bamboo Flat, India",5.1,92.8474,14.0702,27.94,2015-04-09 22:49:42.590
"40 km SE of Khorugh, Tajikistan",4.6,71.83,37.1953,178.38,2015-04-09 14:12:49.800
"36 km NNW of Ashk?sham, Afghanistan",4.0,71.3377,36.9754,97.71,2015-04-09 02:14:19.890
"60 km SSW of Sarankhola, Bangladesh",4.6,89.5318,21.8203,17.68,2015-04-08 01:43:47.840
"28 km SW of Ashk?sham, Afghanistan",4.1,71.2798,36.5313,78.73,2015-04-07 17:07:24.510
western Xizang,4.8,83.4081,32.8699,11.91,2015-04-07 04:41:50.850
"29 km SE of Khorugh, Tajikistan",4.2,71.7477,37.2769,128.14,2015-04-05 00:21:57.050
"90 km SE of Murghob, Tajikistan",4.3,74.6018,37.5247,56.58,2015-04-03 21:42:51.660
"142 km SSE of Port Blair, India",4.6,93.3413,10.5197,104.21,2015-04-03 12:45:21.710
"45 km SSW of Mawlaik, Myanmar",4.5,94.263,23.255,109.7,2015-04-03 12:23:55.350
"89 km NNE of Kod?ri??, Nepal",4.6,86.3309,28.7007,57.33,2015-04-02 00:56:38.960
"11 km SE of P?palkoti, India",4.9,79.5107,30.3521,10.0,2015-04-01 21:23:54.400
"208 km SSE of Port Blair, India",4.9,93.3838,9.891,89.84,2015-03-27 18:51:49.170
"30 km SW of Ashk?sham, Afghanistan",4.0,71.2628,36.5202,227.02,2015-03-27 02:00:48.680
"Nicobar Islands, India region",4.3,91.5815,7.4635,30.05,2015-03-26 10:44:02.100
"Nicobar Islands, India region",4.6,91.6389,7.5207,29.98,2015-03-26 03:20:42.950
"214 km NNW of Bamboo Flat, India",4.3,91.9212,13.474,29.3,2015-03-25 10:13:10.700
"13 km SW of Ashk?sham, Afghanistan",4.8,71.4463,36.5833,111.99,2015-03-25 06:41:31.720
"54 km SSW of Jurm, Afghanistan",4.3,70.6537,36.395,140.16,2015-03-24 00:10:58.580
"16 km ENE of Jurm, Afghanistan",4.1,71.0127,36.8966,100.3,2015-03-23 12:46:04.360
"31 km SE of Jurm, Afghanistan",4.1,71.0704,36.658,217.06,2015-03-22 20:23:42.390
"43 km SE of Khorugh, Tajikistan",4.3,71.8547,37.1821,179.78,2015-03-22 13:26:53.610
"44 km E of Farkh?r, Afghanistan",4.1,70.3533,36.531,219.13,2015-03-22 11:05:10.120
"65 km S of Jurm, Afghanistan",4.2,70.9036,36.2775,126.29,2015-03-21 23:14:18.810
"22 km SSE of Ashk?sham, Afghanistan",4.9,71.5953,36.4849,101.15,2015-03-21 17:44:38.260
"22 km NNE of Gardez, Afghanistan",4.2,69.3536,33.773,10.0,2015-03-20 08:24:27.700
"69 km ESE of W?ngjing, India",4.3,94.6817,24.3192,98.9,2015-03-17 15:28:39.650
"45 km WSW of Ashk?sham, Afghanistan",4.1,71.0999,36.4748,240.25,2015-03-16 20:10:40.820
"18 km W of Ashk?sham, Afghanistan",4.2,71.332,36.6877,178.49,2015-03-15 20:21:06.890
"68 km SE of Farkh?r, Afghanistan",4.2,70.4107,36.1426,130.35,2015-03-14 19:42:19.500
"200 km SSE of Port Blair, India",4.1,93.4516,9.9915,88.33,2015-03-13 04:17:24.150
"40 km SE of Farkh?r, Afghanistan",4.2,70.176,36.3165,142.91,2015-03-12 21:55:44.740
"40 km WSW of Ashk?sham, Afghanistan",4.4,71.1417,36.4926,88.97,2015-03-11 19:14:37.510
"80 km N of Thang, India",4.1,76.82,35.6511,39.2,2015-03-10 17:52:02.220
"194 km N of Bamboo Flat, India",4.6,92.7483,13.4596,40.08,2015-03-08 15:43:47.220
"13 km E of Shwebo, Myanmar",4.4,95.8284,22.5853,10.0,2015-03-08 05:45:15.900
"34 km NW of Taunsa, Pakistan",4.0,70.4473,30.9635,35.0,2015-03-05 23:57:33.580
"18 km W of Ashk?sham, Afghanistan",4.6,71.3314,36.6879,196.08,2015-03-05 21:27:28.970
"34 km ENE of Nahr?n, Afghanistan",4.1,69.4824,36.1937,135.8,2015-03-04 06:00:52.190
"37 km SSW of Jurm, Afghanistan",4.3,70.6818,36.547,205.08,2015-03-03 20:58:40.640
"northern Qinghai, China",4.0,95.7316,37.6103,32.94,2015-03-03 17:25:22.430
"50 km ENE of Khorugh, Tajikistan",4.4,72.0616,37.703,124.45,2015-03-03 14:53:58.790
"79 km N of Thang, India",4.5,76.799,35.6466,10.0,2015-03-02 20:51:54.570
"34 km WSW of Ashk?sham, Afghanistan",4.5,71.1955,36.5247,95.91,2015-03-02 16:01:23.600
"20 km NNE of Baffa, Pakistan",4.2,73.3339,34.5959,26.86,2015-02-27 03:39:10.950
"14 km NNE of Baffa, Pakistan",4.0,73.307,34.5484,27.37,2015-02-27 01:29:21.270
"22 km NE of Baffa, Pakistan",4.2,73.3801,34.5936,32.59,2015-02-27 01:04:38.690
"23 km E of Battagram, Pakistan",5.4,73.2777,34.671,29.74,2015-02-26 21:59:05.140
"Nicobar Islands, India region",4.4,90.326,9.6585,29.47,2015-02-26 18:52:32.790
"47 km SSE of Jurm, Afghanistan",4.7,70.985,36.4499,143.52,2015-02-26 13:58:12.060
"28 km E of Jurm, Afghanistan",4.4,71.1551,36.8467,180.75,2015-02-24 19:28:48.940
"40 km SSW of Jurm, Afghanistan",4.5,70.6999,36.5143,202.4,2015-02-24 14:30:24.820
"18 km ESE of Muzaffar?b?d, Pakistan",3.7,73.6631,34.3206,59.79,2015-02-24 08:04:27.930
"53 km E of Khorugh, Tajikistan",4.1,72.1509,37.5359,189.45,2015-02-23 07:45:13.350
"65 km SSE of Tuensang, India",4.4,95.1743,25.7707,94.12,2015-02-23 06:36:34.870
"119 km SW of Port Blair, India",4.5,92.0612,10.8233,29.72,2015-02-23 06:32:07.690
"39 km N of Sarupathar, India",4.0,96.7339,26.5563,56.84,2015-02-19 09:18:19.650
"28 km SSE of Khorugh, Tajikistan",4.3,71.6933,37.2543,125.62,2015-02-18 13:49:29.700
"100 km SE of Phek, India",4.0,95.3089,25.1347,35.0,2015-02-16 05:31:15.360
"218 km SSW of Port Blair, India",4.0,91.7393,9.9607,35.0,2015-02-15 20:51:40.490
"15 km SSE of Kargil, India",4.7,76.2031,34.4283,48.05,2015-02-15 14:14:20.990
"30 km SSE of Ashk?sham, Afghanistan",4.9,71.6395,36.425,101.03,2015-02-14 18:16:46.220
"41 km NE of Jurm, Afghanistan",4.0,71.1934,37.103,90.28,2015-02-14 09:18:17.390
"117 km NE of Josh?math, India",4.2,80.3877,31.3449,32.72,2015-02-14 00:44:36.430
"107 km NE of Josh?math, India",4.1,80.3855,31.215,29.91,2015-02-13 22:21:52.220
"61 km S of Chur?ch?ndpur, India",4.4,93.7186,23.7765,54.61,2015-02-12 15:33:50.100
"45 km SE of Chur?ch?ndpur, India",4.8,93.923,23.9982,65.84,2015-02-12 14:33:07.830
"174 km NNW of Bamboo Flat, India",5.1,92.3474,13.2332,20.15,2015-02-11 03:30:11.780
"61 km N of Khand?d, Afghanistan",4.1,72.2935,37.5083,204.85,2015-02-10 23:16:31.430
"29 km ESE of Khorugh, Tajikistan",4.0,71.861,37.3936,135.44,2015-02-10 12:34:20.040
"174 km S of Port Blair, India",4.7,92.9256,10.1025,43.86,2015-02-09 14:13:06.360
"Nicobar Islands, India region",4.1,92.3705,8.8706,30.62,2015-02-09 00:33:26.480
"36 km SSE of Jurm, Afghanistan",4.0,70.9988,36.5626,201.14,2015-02-08 14:44:34.970
"83 km E of Khand?d, Afghanistan",4.5,73.2398,36.8267,49.29,2015-02-07 23:35:59.360
"35 km NNW of Ishqoshim, Tajikistan",4.2,71.4223,37.0023,127.12,2015-02-07 17:25:48.660
western Xizang,4.3,83.4162,32.9159,10.0,2015-02-07 06:27:19.450
"38 km E of Farkh?r, Afghanistan",4.2,70.2832,36.5472,211.09,2015-02-07 01:42:58.220
"24 km SSW of Farkh?r, Afghanistan",4.0,69.7578,36.3684,130.6,2015-02-06 17:53:30.180
western Xizang,5.1,83.4305,32.866,10.0,2015-02-04 10:44:16.740
"58 km ESE of Khand?d, Afghanistan",4.5,72.9535,36.8057,62.2,2015-02-02 23:51:41.970
"36 km S of Jurm, Afghanistan",4.5,70.9039,36.5447,197.28,2015-02-01 16:54:45.250
"34 km SW of Bok?kh?t, India",4.2,93.3551,26.4166,45.22,2015-02-01 16:00:48.230
"104 km NW of Bhamo, Myanmar",4.1,96.4688,24.8923,61.78,2015-02-01 13:33:06.580
"3 km N of Pokhara, Nepal",4.8,83.9732,28.2987,32.41,2015-01-31 13:59:45.250
"43 km E of Khorugh, Tajikistan",4.4,72.045,37.4425,185.92,2015-01-31 09:35:17.100
"294 km ENE of Port Blair, India",4.2,95.2811,12.5865,10.0,2015-01-30 06:37:34.860
"56 km WNW of Mogok, Myanmar",4.2,95.9982,23.1027,38.62,2015-01-27 12:41:34.870
"70 km N of Bamboo Flat, India",4.4,92.7859,12.3316,29.61,2015-01-26 18:29:23.530
"58 km SE of Farkh?r, Afghanistan",4.0,70.242,36.145,87.51,2015-01-24 17:19:18.560
"99 km SE of Phek, India",4.7,95.1923,25.0231,120.19,2015-01-24 16:11:42.660
"40 km WNW of Khand?d, Afghanistan",4.0,71.8778,37.0346,145.53,2015-01-23 19:04:38.660
"51 km E of Khorugh, Tajikistan",4.1,72.1315,37.4689,196.61,2015-01-23 04:25:28.280
"88 km NNE of Bamboo Flat, India",4.2,92.8765,12.4886,33.17,2015-01-23 00:29:41.070
"Andaman Islands, India region",4.0,93.048,12.8591,35.0,2015-01-22 07:43:14.270
"17 km NE of Dipayal, Nepal",4.0,81.0522,29.3853,40.66,2015-01-22 03:42:38.040
"34 km S of Jurm, Afghanistan",4.3,70.8878,36.5587,193.7,2015-01-20 18:43:54.330
"82 km ESE of Tuensang, India",4.2,95.5982,26.0195,78.99,2015-01-18 13:09:51.220
"40 km SSW of Farkh?r, Afghanistan",4.4,69.6703,36.2383,133.72,2015-01-17 23:30:17.060
"32 km SSW of Lunglei, India",4.3,92.6144,22.6215,50.37,2015-01-15 01:33:04.600
"57 km ENE of Khorugh, Tajikistan",4.0,72.1679,37.6614,133.92,2015-01-14 21:29:05.750
"65 km S of Jurm, Afghanistan",4.5,70.8293,36.2717,106.01,2015-01-11 20:55:33.800
"53 km E of Khorugh, Tajikistan",4.2,72.1612,37.5055,188.12,2015-01-11 20:05:58.470
"118 km SE of Port Blair, India",4.6,93.5415,10.9378,123.96,2015-01-10 13:06:35.640
"30 km ESE of Farkh?r, Afghanistan",4.0,70.185,36.4986,218.34,2015-01-09 04:09:05.280
"31 km SE of Jurm, Afghanistan",4.3,71.0791,36.6644,206.0,2015-01-08 16:29:26.380
"29 km S of Jurm, Afghanistan",4.0,70.8073,36.5963,223.23,2015-01-07 04:08:30.080
"57 km S of Jurm, Afghanistan",4.4,70.9338,36.3488,109.0,2015-01-06 20:21:49.240
"160 km NE of Nagqu, China",4.6,93.0194,32.6654,28.18,2015-01-05 23:25:38.310
"9 km WNW of Dailekh, Nepal",4.2,81.6126,28.8652,34.47,2015-01-05 19:41:44.280
"8 km S of Chur?ch?ndpur, India",4.2,93.6863,24.257,61.69,2015-01-05 15:39:33.240
"29 km SE of Khorugh, Tajikistan",4.9,71.7699,37.2889,128.42,2015-01-03 12:46:34.300
"41 km ENE of Shwebo, Myanmar",4.1,96.0449,22.7664,16.27,2015-01-02 23:23:20.420
"106 km ENE of Khorugh, Tajikistan",4.7,72.6023,37.9736,119.48,2014-12-31 19:04:51.730
"70 km SE of Saiha, India",4.5,93.3698,21.9688,57.44,2014-12-31 16:12:02.950
"10 km ENE of H?jo, India",4.0,91.6204,26.2946,45.02,2014-12-29 17:26:57.600
"39 km SW of Khorugh, Tajikistan",4.1,71.2955,37.2039,98.09,2014-12-29 13:03:22.660
"51 km E of Hakha, Myanmar",4.5,94.1131,22.6329,54.32,2014-12-28 17:22:52.590
"77 km NNE of Barkhan, Pakistan",4.1,69.8556,30.5395,30.35,2014-12-28 01:50:08.090
"34 km WSW of Khorugh, Tajikistan",4.1,71.1821,37.3975,97.02,2014-12-27 17:04:03.180
"61 km S of Jurm, Afghanistan",4.1,70.8852,36.3085,124.72,2014-12-27 06:37:50.010
"67 km SE of Mawlaik, Myanmar",4.2,94.908,23.2423,122.04,2014-12-27 02:02:34.830
"34 km SSW of Khorugh, Tajikistan",4.1,71.3989,37.2075,98.49,2014-12-26 21:29:21.060
"202 km NNW of Sabang, Indonesia",4.6,94.3739,7.4602,41.59,2014-12-26 20:38:40.740
"200 km NNW of Sabang, Indonesia",4.2,94.5363,7.5236,60.16,2014-12-26 17:40:17.070
"128 km NNW of Sabang, Indonesia",4.8,94.8245,6.9411,35.0,2014-12-26 13:00:09.400
"126 km NNW of Sabang, Indonesia",4.3,95.0049,6.9926,53.33,2014-12-26 10:46:25.570
"82 km NE of Lobujya, Nepal",4.9,87.3541,28.5278,57.27,2014-12-26 07:08:09.590
"42 km S of Jurm, Afghanistan",4.1,70.7759,36.482,162.55,2014-12-26 04:26:30.360
"18 km WNW of Ashk?sham, Afghanistan",4.4,71.3286,36.7217,163.44,2014-12-24 13:53:20.580
"98 km E of Barishal, Pakistan",4.1,75.7881,36.2347,74.09,2014-12-24 05:38:33.440
"13 km SE of Saiha, India",4.4,93.0824,22.4184,48.25,2014-12-22 23:24:48.140
"68 km NNE of Muzaffar?b?d, Pakistan",4.2,73.843,34.91,41.11,2014-12-21 05:59:52.120
"68 km NNE of Mawlaik, Myanmar",5.1,94.6939,24.2001,99.66,2014-12-21 05:37:39.090
"52 km NNE of Barkhan, Pakistan",4.4,69.6709,30.3573,4.22,2014-12-21 01:32:00.540
"68 km WNW of Skardu, Pakistan",4.2,74.9357,35.5214,66.27,2014-12-19 23:30:38.340
"134 km NNW of Sabang, Indonesia",4.4,94.8284,7.0038,35.0,2014-12-19 15:48:04.100
"134 km NNW of Sabang, Indonesia",5.3,94.7191,6.9475,35.0,2014-12-19 14:41:46.490
"130 km NNW of Sabang, Indonesia",4.3,94.7053,6.9036,35.0,2014-12-19 14:39:15.160
"207 km NW of Sabang, Indonesia",4.8,94.2726,7.4533,23.4,2014-12-19 02:36:15.090
"33 km SSW of Ashk?sham, Afghanistan",4.6,71.3538,36.4149,98.81,2014-12-18 22:44:35.590
"190 km NNW of Sabang, Indonesia",4.3,94.5521,7.4311,63.4,2014-12-18 20:31:46.290
"34 km WSW of Namche Bazar, Nepal",5.0,86.3702,27.7395,33.6,2014-12-18 15:32:12.950
"37 km S of Jurm, Afghanistan",4.7,70.8023,36.5312,196.85,2014-12-18 12:14:30.640
"202 km NNW of Sabang, Indonesia",4.2,94.4044,7.4751,23.06,2014-12-18 04:13:22.010
"37 km S of Jurm, Afghanistan",4.3,70.8979,36.5305,160.56,2014-12-18 02:55:20.010
"45 km SSE of Jurm, Afghanistan",4.0,70.9915,36.4776,151.16,2014-12-13 03:36:33.880
"51 km ESE of W?ngjing, India",4.7,94.5261,24.405,79.9,2014-12-11 19:27:36.410
"208 km NNW of Sabang, Indonesia",4.3,94.419,7.5472,10.0,2014-12-10 23:38:08.580
"53 km ESE of W?ngjing, India",4.2,94.5466,24.401,84.1,2014-12-10 14:44:46.300
"94 km E of Port Blair, India",4.5,93.5972,11.8283,126.47,2014-12-08 05:39:01.540
western Xizang-India border region,4.1,80.0267,30.6685,10.0,2014-12-06 04:27:42.580
"32 km SSE of Khorugh, Tajikistan",4.8,71.7387,37.2379,122.18,2014-12-05 16:12:51.610
"48 km ENE of Khorugh, Tajikistan",4.3,72.0666,37.6509,138.09,2014-12-05 13:20:25.110
"7 km NW of Rang?p?ra, India",4.6,92.6206,26.886,53.1,2014-12-04 23:53:51.870
"43 km NW of Khand?d, Afghanistan",4.2,71.9458,37.2096,95.57,2014-12-01 00:40:02.720
"141 km NE of Thang, India",4.0,78.0392,35.696,10.0,2014-11-30 02:51:12.240
"112 km ESE of Port Blair, India",4.6,93.6105,11.1086,128.58,2014-11-29 18:01:01.570
"33 km SE of Khorugh, Tajikistan",4.0,71.8116,37.268,161.33,2014-11-28 23:34:39.570
"90 km N of Bamboo Flat, India",5.3,92.7957,12.5135,43.76,2014-11-28 01:18:45.610
"15 km WSW of Bago, Myanmar",4.4,96.3481,17.2751,15.39,2014-11-28 01:09:41.670
"23 km NW of Mandalay, Myanmar",4.1,95.8985,22.1044,22.23,2014-11-27 11:17:29.720
western Xizang,4.5,83.5541,34.2075,10.0,2014-11-26 19:28:48.960
"116 km WNW of Chauk, Myanmar",4.2,93.7431,21.1981,60.4,2014-11-26 15:56:40.590
"188 km NNW of Sabang, Indonesia",4.3,94.4622,7.364,23.56,2014-11-26 08:04:49.460
"219 km N of Sabang, Indonesia",4.4,95.2648,7.8725,83.43,2014-11-26 05:07:34.140
"65 km NNE of Bharatpur, Nepal",4.4,84.7414,28.2061,21.05,2014-11-25 15:49:07.720
"59 km S of Chur?ch?ndpur, India",4.5,93.7677,23.8065,65.96,2014-11-23 10:45:27.990
"178 km NNW of Sabang, Indonesia",4.5,94.442,7.248,35.0,2014-11-22 10:49:29.640
"133 km E of Leh, India",4.3,79.0039,34.4008,36.66,2014-11-21 22:45:36.370
"42 km ENE of Khawhai, India",4.6,93.5255,23.5043,67.72,2014-11-21 16:11:16.370
"41 km SSE of Jurm, Afghanistan",5.2,71.0089,36.5157,234.57,2014-11-21 08:58:04.990
"36 km ENE of Khawhai, India",4.1,93.4722,23.4809,63.57,2014-11-20 22:45:24.230
"28 km S of Jurm, Afghanistan",4.5,70.8776,36.6086,220.31,2014-11-20 20:08:55.030
"42 km ENE of Khawhai, India",5.6,93.5148,23.5081,49.0,2014-11-20 18:14:37.790
"201 km NNW of Sabang, Indonesia",5.0,94.3335,7.4278,27.22,2014-11-20 06:05:45.990
"209 km NNW of Sabang, Indonesia",4.4,94.4259,7.5627,35.0,2014-11-20 02:52:01.930
"29 km S of Khorugh, Tajikistan",4.8,71.4975,37.2247,107.66,2014-11-19 20:57:39.430
"34 km SSE of Khorugh, Tajikistan",4.0,71.7055,37.2003,102.76,2014-11-19 17:54:38.650
"34 km SSE of Khorugh, Tajikistan",4.4,71.6693,37.197,138.23,2014-11-19 15:48:57.210
"32 km E of Bhadarw?h, India",4.3,76.059,32.9378,60.82,2014-11-18 15:55:32.580
"200 km NNW of Sabang, Indonesia",4.3,94.5221,7.5218,10.0,2014-11-18 06:36:33.340
"200 km NNW of Sabang, Indonesia",4.6,94.3178,7.3994,10.0,2014-11-18 06:12:03.740
"201 km NNW of Sabang, Indonesia",5.2,94.3818,7.4528,10.0,2014-11-18 06:06:24.960
"205 km NNW of Sabang, Indonesia",5.6,94.359,7.484,6.61,2014-11-18 03:25:37.490
"56 km NNE of Thang, India",4.4,77.1167,35.359,35.0,2014-11-17 08:59:44.000
"217 km NNW of Sabang, Indonesia",4.8,94.3569,7.6114,10.0,2014-11-17 05:08:09.560
"43 km WSW of Chauk, Myanmar",5.3,94.4211,20.7795,66.0,2014-11-17 04:34:12.360
"244 km NNW of Sabang, Indonesia",4.4,94.8639,8.0524,10.0,2014-11-17 02:33:35.230
"19 km W of Trongsa, Bhutan",4.2,90.3078,27.5222,31.87,2014-11-17 02:06:37.150
"27 km WSW of Dajal, Pakistan",4.4,70.1163,29.4653,26.39,2014-11-17 01:25:28.970
"33 km SSW of Chur?ch?ndpur, India",4.3,93.581,24.0419,60.62,2014-11-16 20:33:34.210
"24 km E of Khorugh, Tajikistan",4.4,71.8248,37.5122,119.25,2014-11-15 18:49:12.150
"185 km WNW of Sabang, Indonesia",4.0,93.8782,6.7502,21.57,2014-11-15 01:07:29.830
"198 km NW of Sabang, Indonesia",4.5,94.31,7.3769,10.0,2014-11-14 21:19:37.130
"32 km ENE of Khorugh, Tajikistan",4.3,71.8725,37.6304,135.14,2014-11-14 05:34:49.030
"122 km SE of Phek, India",4.4,95.2728,24.8093,129.63,2014-11-13 21:29:29.760
"43 km SSW of Jurm, Afghanistan",4.2,70.6616,36.5,188.84,2014-11-13 20:12:16.090
"69 km NE of Khorugh, Tajikistan",4.1,72.177,37.8713,122.31,2014-11-13 18:48:17.010
"191 km NNW of Sabang, Indonesia",4.2,94.3588,7.3328,25.47,2014-11-11 19:22:17.320
"32 km W of Mawlaik, Myanmar",4.7,94.0857,23.5981,71.86,2014-11-11 18:35:50.430
"212 km NNW of Sabang, Indonesia",4.6,94.4715,7.6197,26.43,2014-11-11 15:24:37.050
"215 km NNW of Sabang, Indonesia",4.4,94.2536,7.5236,10.0,2014-11-11 13:42:21.700
"214 km NW of Sabang, Indonesia",4.3,93.9834,7.2996,10.0,2014-11-11 10:54:31.260
"219 km NNW of Sabang, Indonesia",4.4,94.637,7.7587,10.0,2014-11-11 08:40:18.250
"212 km NW of Sabang, Indonesia",5.1,94.1965,7.4484,10.0,2014-11-11 08:04:35.670
"206 km NNW of Sabang, Indonesia",5.3,94.3042,7.4608,8.0,2014-11-11 07:50:07.740
"218 km NNW of Sabang, Indonesia",4.7,94.5157,7.7007,10.0,2014-11-11 07:41:44.990
"214 km NNW of Sabang, Indonesia",4.6,94.3856,7.5896,10.0,2014-11-11 05:38:41.440
"214 km NNW of Sabang, Indonesia",5.1,94.361,7.5806,10.0,2014-11-11 05:04:42.180
"206 km NNW of Sabang, Indonesia",4.2,94.4594,7.5495,10.0,2014-11-11 04:57:22.770
"195 km NNW of Sabang, Indonesia",4.4,94.4044,7.4008,10.0,2014-11-11 03:48:09.550
"192 km NNW of Sabang, Indonesia",4.4,94.3992,7.3739,10.0,2014-11-10 21:47:12.720
"32 km WNW of Thayetmyo, Myanmar",4.6,94.9167,19.4662,67.46,2014-11-10 10:34:29.100
"43 km SW of Ashk?sham, Afghanistan",4.6,71.2444,36.3657,126.42,2014-11-09 12:19:58.880
"193 km NW of Sabang, Indonesia",4.5,94.1815,7.2213,10.0,2014-11-09 11:43:12.800
"157 km ENE of Barishal, Pakistan",4.0,76.2476,36.9998,95.74,2014-11-09 11:06:27.490
"85 km ENE of Yairipok, India",4.8,94.866,24.8744,87.48,2014-11-08 18:19:39.990
western Xizang,4.1,81.3092,34.681,34.41,2014-11-08 17:44:45.170
"252 km SSW of Laojunmiao, China",4.9,97.0638,37.6163,16.41,2014-11-08 17:37:47.130
"117 km NW of Bhamo, Myanmar",4.8,96.298,24.8777,66.19,2014-11-08 17:06:46.170
"203 km NW of Sabang, Indonesia",4.1,93.8879,7.0473,10.0,2014-11-08 03:18:04.960
"36 km NNW of Ishqoshim, Tajikistan",4.1,71.5309,37.0452,128.32,2014-11-08 00:34:38.850
"209 km NNW of Sabang, Indonesia",4.2,94.4271,7.5576,9.04,2014-11-07 20:24:59.600
"29 km SSE of Jurm, Afghanistan",4.0,70.9847,36.6292,224.85,2014-11-07 17:22:21.050
"4 km NNE of Jurm, Afghanistan",4.4,70.8533,36.9021,79.56,2014-11-07 14:14:13.090
"234 km WNW of Sabang, Indonesia",4.4,93.3762,6.7483,40.44,2014-11-07 07:29:39.820
"220 km NNW of Sabang, Indonesia",4.3,94.6493,7.765,27.42,2014-11-07 05:13:32.680
"202 km NW of Sabang, Indonesia",4.5,94.1963,7.3431,10.0,2014-11-06 22:00:02.230
"49 km E of Khorugh, Tajikistan",4.2,72.1116,37.5054,196.12,2014-11-06 17:32:06.350
"201 km NNW of Sabang, Indonesia",5.3,94.3316,7.4197,28.75,2014-11-06 15:46:20.400
"29 km W of Ashk?sham, Afghanistan",4.5,71.2062,36.6901,216.77,2014-11-05 16:44:38.600
"222 km NNW of Sabang, Indonesia",4.2,94.5586,7.7506,10.0,2014-11-05 09:29:14.060
"44 km WNW of Khand?d, Afghanistan",4.1,71.852,37.1072,160.72,2014-11-04 06:54:18.620
"199 km NW of Sabang, Indonesia",4.5,94.1892,7.3012,10.0,2014-11-04 05:36:16.560
"204 km NNW of Sabang, Indonesia",4.4,94.752,7.6514,48.65,2014-11-04 03:52:21.440
Bay of Bengal,4.4,86.0768,16.0932,15.79,2014-11-03 19:06:23.460
"193 km NNW of Sabang, Indonesia",4.4,94.4001,7.385,41.96,2014-11-03 18:30:44.030
"189 km NNW of Sabang, Indonesia",4.1,94.5724,7.4329,52.32,2014-11-02 20:14:11.050
"220 km NNW of Sabang, Indonesia",4.4,94.6198,7.7597,15.61,2014-11-02 19:20:31.670
"206 km NNW of Sabang, Indonesia",4.4,94.6309,7.6281,10.0,2014-11-02 12:12:12.710
"205 km NNW of Sabang, Indonesia",4.6,94.3464,7.4705,29.8,2014-11-02 11:38:21.300
"201 km NNW of Sabang, Indonesia",4.0,94.5962,7.5659,10.0,2014-11-02 11:37:31.210
"7 km E of Dergaon, India",4.3,94.045,26.7052,57.37,2014-11-02 05:41:04.300
"200 km NW of Sabang, Indonesia",4.5,94.3027,7.3939,30.29,2014-11-02 00:58:10.580
"200 km NW of Sabang, Indonesia",4.3,94.2778,7.3792,51.86,2014-11-01 16:58:34.980
"207 km NW of Sabang, Indonesia",4.5,94.2069,7.408,10.0,2014-11-01 00:11:00.580
"233 km NNE of Saga, China",4.3,86.5364,31.0958,29.52,2014-10-29 13:57:16.430
"201 km NNW of Sabang, Indonesia",4.3,94.4399,7.4833,35.0,2014-10-29 00:02:59.940
"22 km SW of Ashk?sham, Afghanistan",4.5,71.3805,36.5171,94.86,2014-10-28 18:52:11.630
"200 km NW of Sabang, Indonesia",4.5,94.138,7.2636,38.7,2014-10-28 16:22:40.730
"37 km SSE of Jurm, Afghanistan",4.1,70.9566,36.5401,156.8,2014-10-28 00:54:22.490
"96 km NNW of Pathein, Myanmar",4.4,94.343,17.5671,38.31,2014-10-27 14:33:47.490
"190 km NNW of Sabang, Indonesia",4.4,94.4289,7.3712,10.0,2014-10-27 14:06:41.690
"216 km NW of Sabang, Indonesia",4.7,94.1879,7.4901,18.94,2014-10-26 22:07:15.240
"11 km ENE of Maydanshakhr, Afghanistan",3.7,68.9861,34.4211,9.54,2014-10-26 05:13:40.400
"37 km S of Khorugh, Tajikistan",4.0,71.537,37.1487,126.42,2014-10-26 05:05:40.750
"207 km NNW of Sabang, Indonesia",4.7,94.412,7.5323,10.0,2014-10-26 02:58:44.360
"183 km NW of Sabang, Indonesia",4.3,94.2304,7.1484,10.0,2014-10-26 02:56:20.520
"206 km NW of Sabang, Indonesia",4.7,94.2272,7.4067,11.38,2014-10-24 17:23:49.890
"225 km NNW of Sabang, Indonesia",4.5,94.2305,7.6177,45.42,2014-10-24 15:26:44.010
"34 km WSW of Ashk?sham, Afghanistan",4.5,71.1712,36.5657,94.52,2014-10-24 09:52:48.730
"31 km NNW of Tawang, India",4.3,91.8364,27.8491,10.0,2014-10-24 05:56:45.470
"29 km E of Mawlaik, Myanmar",4.6,94.6864,23.6866,108.67,2014-10-24 05:11:56.070
"34 km W of Ashk?sham, Afghanistan",4.5,71.1489,36.6557,78.97,2014-10-24 03:17:05.650
"49 km SE of Chur?ch?ndpur, India",4.6,93.9631,23.9814,69.37,2014-10-24 00:05:26.880
"204 km NNW of Sabang, Indonesia",4.3,94.3858,7.4924,41.58,2014-10-23 23:33:28.280
"71 km NNE of Muzaffar?b?d, Pakistan",4.8,73.8777,34.9154,34.56,2014-10-23 04:05:35.260
"142 km SSW of Zangguy, China",4.0,78.1864,36.0857,54.37,2014-10-21 20:26:41.810
"200 km NNW of Sabang, Indonesia",4.4,94.7024,7.5957,61.48,2014-10-21 17:49:33.690
"Hindu Kush region, Afghanistan",4.2,70.5034,36.3417,175.12,2014-10-21 17:35:25.340
"194 km NNW of Sabang, Indonesia",4.4,94.525,7.4631,53.71,2014-10-19 08:46:02.020
"Nicobar Islands, India region",4.7,92.3706,6.9551,31.9,2014-10-18 13:59:41.940
"207 km NNW of Sabang, Indonesia",4.6,94.5896,7.6165,41.02,2014-10-18 10:10:56.530
"214 km NNW of Sabang, Indonesia",4.6,94.5227,7.6597,45.91,2014-10-18 09:57:12.130
"220 km NNW of Sabang, Indonesia",4.7,94.4064,7.6598,10.0,2014-10-18 09:47:45.640
"208 km NNW of Sabang, Indonesia",4.2,94.33,7.4962,7.05,2014-10-18 04:28:51.800
"196 km NNW of Sabang, Indonesia",4.2,94.699,7.5574,60.6,2014-10-18 01:22:40.260
"199 km NNW of Sabang, Indonesia",4.7,94.5951,7.5479,42.97,2014-10-17 23:32:49.180
"202 km NW of Sabang, Indonesia",4.4,94.2754,7.3955,34.2,2014-10-17 18:48:55.900
"109 km NNE of Sarupathar, India",4.7,97.0744,27.1694,10.0,2014-10-17 09:44:50.750
"71 km SSE of Myitkyina, Myanmar",4.3,97.685,24.7913,10.0,2014-10-16 20:51:03.150
"Nicobar Islands, India region",5.0,94.2408,7.5569,10.0,2014-10-14 18:36:06.270
"201 km NNW of Sabang, Indonesia",4.3,94.3533,7.4337,20.5,2014-10-14 08:23:54.380
"209 km NNW of Sabang, Indonesia",4.2,94.4737,7.5897,10.0,2014-10-14 07:56:54.550
"205 km NNW of Sabang, Indonesia",4.5,94.4428,7.5258,37.18,2014-10-14 03:32:59.080
"37 km S of Jurm, Afghanistan",4.6,70.8709,36.5261,189.56,2014-10-14 00:54:27.260
"18 km W of Ashk?sham, Afghanistan",4.5,71.3319,36.7151,184.54,2014-10-13 20:11:21.930
"199 km NW of Sabang, Indonesia",4.0,94.093,7.2174,37.34,2014-10-13 17:28:26.650
"200 km NW of Sabang, Indonesia",4.7,94.304,7.392,23.06,2014-10-13 17:21:18.190
"45 km SSE of Khorugh, Tajikistan",4.0,71.8184,37.1374,202.23,2014-10-13 04:36:09.330
"209 km NNW of Sabang, Indonesia",4.3,94.5216,7.6132,35.0,2014-10-13 00:37:26.190
"180 km NE of Bamboo Flat, India",4.9,93.8655,12.8728,136.26,2014-10-12 03:32:46.310
"193 km NW of Sabang, Indonesia",4.5,94.3262,7.328,27.7,2014-10-11 20:36:30.520
"196 km NNW of Sabang, Indonesia",4.5,94.3768,7.3967,35.0,2014-10-11 16:09:13.150
"150 km E of Leh, India",4.5,79.2005,34.3887,35.0,2014-10-11 08:13:37.870
"145 km E of Leh, India",4.0,79.1521,34.3271,45.27,2014-10-10 21:49:37.690
"209 km NNW of Sabang, Indonesia",4.6,94.5076,7.6062,30.32,2014-10-09 20:34:41.600
Myanmar,4.5,95.2938,18.2953,59.14,2014-10-09 10:03:28.490
"261 km N of Bamboo Flat, India",4.4,93.0968,14.0353,32.52,2014-10-09 01:41:20.090
"214 km NNW of Sabang, Indonesia",4.3,94.3374,7.5686,10.0,2014-10-08 12:42:40.590
"211 km NW of Sabang, Indonesia",4.7,94.2304,7.461,23.35,2014-10-08 11:06:26.460
"86 km S of Port Blair, India",4.0,92.7316,10.8841,49.34,2014-10-08 00:22:53.570
"16 km ESE of Farkh?r, Afghanistan",4.2,70.0346,36.5177,216.74,2014-10-07 21:03:47.420
"37 km S of Jurm, Afghanistan",4.5,70.8084,36.5254,197.52,2014-10-07 19:45:12.420
"20 km WNW of Ashk?sham, Afghanistan",4.2,71.3138,36.7413,188.21,2014-10-07 17:06:57.290
"286 km N of Bamboo Flat, India",4.6,93.1258,14.2611,35.18,2014-10-06 14:10:21.210
"19 km SW of Kunduz, Afghanistan",4.1,68.7147,36.5998,36.72,2014-10-05 04:42:51.780
"55 km E of Khorugh, Tajikistan",4.0,72.1784,37.5006,203.45,2014-10-04 22:41:12.760
"32 km SSE of Farkh?r, Afghanistan",4.0,70.045,36.3236,139.8,2014-10-03 16:23:04.590
"145 km SSW of Port Blair, India",4.3,92.0977,10.5141,30.65,2014-10-03 03:48:44.910
"northern Qinghai, China",5.1,97.7681,36.3702,12.28,2014-10-02 15:56:32.070
"91 km E of Burang, China",4.2,82.1111,30.4289,44.3,2014-10-01 18:52:43.750
"263 km NW of Sabang, Indonesia",4.4,93.9861,7.8676,29.28,2014-09-30 17:38:23.610
"33 km W of Ashk?sham, Afghanistan",4.0,71.1654,36.6502,241.05,2014-09-29 22:12:16.190
western Xizang,4.1,86.0217,32.5356,10.0,2014-09-29 00:32:30.210
"14 km E of Baghl?n, Afghanistan",4.2,68.873,36.1506,25.22,2014-09-28 14:54:19.860
"13 km SSW of Farkh?r, Afghanistan",5.0,69.8145,36.4517,29.16,2014-09-27 22:49:04.540
"88 km ENE of Thal, Pakistan",4.7,73.0647,35.9113,41.91,2014-09-27 16:22:41.820
"285 km ENE of Port Blair, India",5.5,95.2254,12.5193,20.22,2014-09-26 04:21:24.080
"43 km S of Jurm, Afghanistan",4.1,70.7737,36.4716,201.36,2014-09-26 00:13:05.390
"29 km ENE of Sabang, Indonesia",5.0,95.5588,6.0011,194.66,2014-09-25 08:29:58.390
"270 km N of Bamboo Flat, India",4.3,93.1949,14.0956,40.58,2014-09-24 00:59:17.040
"33 km ENE of Jurm, Afghanistan",4.3,71.192,36.96,100.07,2014-09-23 11:01:11.700
"26 km NNW of Uri, India",4.7,73.9193,34.2939,26.73,2014-09-22 20:49:10.820
"54 km E of Khorugh, Tajikistan",4.0,72.1676,37.4398,192.71,2014-09-22 03:25:15.620
"175 km NNE of Shi Yomi, India",4.0,95.3383,29.8636,24.81,2014-09-21 06:31:20.640
"65 km SW of Ashk?sham, Afghanistan",4.0,71.0297,36.2512,110.9,2014-09-21 06:10:57.270
"169 km NNE of Shi Yomi, India",4.1,95.2495,29.8495,26.68,2014-09-21 01:46:09.280
"37 km SE of Mawlaik, Myanmar",4.5,94.6821,23.4256,95.97,2014-09-20 13:16:38.410
"30 km SSW of Mehtar L?m, Afghanistan",4.3,70.1119,34.4044,32.33,2014-09-18 21:32:32.260
"59 km S of Mawlaik, Myanmar",4.3,94.3299,23.1078,90.01,2014-09-17 10:04:40.560
"70 km S of Ashk?sham, Afghanistan",4.6,71.5284,36.0497,91.14,2014-09-17 06:18:28.030
"13 km W of Ashk?sham, Afghanistan",4.0,71.3889,36.7032,183.87,2014-09-17 06:11:35.660
"45 km SW of Ashk?sham, Afghanistan",4.3,71.1114,36.4487,233.29,2014-09-17 04:48:47.540
"38 km SSE of Jurm, Afghanistan",4.3,70.9184,36.5262,195.17,2014-09-16 23:11:18.520
"69 km E of W?ngjing, India",4.3,94.7457,24.5258,90.15,2014-09-15 21:38:59.490
"232 km NNW of Qamdo, China",4.0,95.9551,32.9489,41.05,2014-09-15 16:55:42.580
"50 km N of Sittwe, Myanmar",4.5,92.9736,20.5933,10.0,2014-09-15 08:19:25.760
"Nicobar Islands, India region",4.5,91.8773,6.7624,35.0,2014-09-15 05:16:35.060
"48 km SW of Jurm, Afghanistan",4.1,70.5165,36.5156,207.89,2014-09-14 16:03:21.810
"26 km NNW of Ashk?sham, Afghanistan",4.7,71.4083,36.9042,80.12,2014-09-14 01:21:05.500
"26 km W of Ashk?sham, Afghanistan",4.1,71.2322,36.6939,195.39,2014-09-14 00:45:13.330
"67 km NNW of P?r?n, Afghanistan",5.2,70.6992,36.0019,94.97,2014-09-13 22:31:58.810
"72 km NE of Bomdila, India",4.1,92.9356,27.737,51.18,2014-09-13 03:31:26.050
"52 km E of Khorugh, Tajikistan",4.9,72.1472,37.4512,8.36,2014-09-13 01:57:56.020
"Nicobar Islands, India region",5.0,92.5561,8.5661,39.08,2014-09-12 13:06:33.630
"97 km W of Sabang, Indonesia",5.3,94.4536,6.0429,69.16,2014-09-12 09:25:57.440
"18 km NE of Mank?char, India",4.1,89.9947,25.6524,15.0,2014-09-12 07:56:41.570
"23 km WSW of Kundian, Pakistan",4.0,71.2374,32.3974,10.0,2014-09-11 10:56:03.440
"12 km SW of Khanabad, Afghanistan",4.0,69.0196,36.5993,52.76,2014-09-10 14:08:21.400
"8 km WNW of Nawabshah, Pakistan",4.2,68.327,26.2777,10.0,2014-09-10 08:39:57.080
"160 km SW of Port Blair, India",4.0,91.7456,10.6033,27.11,2014-09-09 23:11:50.690
Kashmir-Xinjiang border region,4.4,76.0834,36.481,44.63,2014-09-09 19:36:29.450
"31 km SSE of Jurm, Afghanistan",4.0,70.964,36.6012,207.8,2014-09-09 14:29:20.000
"42 km SE of Saiha, India",5.4,93.244,22.1989,10.0,2014-09-09 09:28:22.190
western Xizang,4.5,81.0639,34.0785,10.0,2014-09-09 07:39:54.250
"Nicobar Islands, India region",4.5,91.9296,7.9281,29.83,2014-09-09 01:47:40.080
"286 km N of Bamboo Flat, India",4.6,92.8678,14.2877,27.77,2014-09-08 13:11:00.360
"27 km ESE of Khorugh, Tajikistan",4.1,71.847,37.4031,123.81,2014-09-07 01:59:48.170
Myanmar,4.7,95.365,25.0074,134.14,2014-09-06 17:12:18.440
"61 km N of Khand?d, Afghanistan",4.8,72.3338,37.501,14.16,2014-09-06 04:37:46.210
"5 km SW of Nawabshah, Pakistan",4.3,68.367,26.2028,12.67,2014-09-06 01:08:32.590
"40 km WSW of Ashk?sham, Afghanistan",4.0,71.154,36.4886,237.41,2014-09-05 23:10:17.490
"67 km NW of Taunsa, Pakistan",4.5,70.1415,31.1205,46.16,2014-09-05 21:36:59.550
"39 km NW of Mawlaik, Myanmar",4.4,94.111,23.8778,10.0,2014-09-04 07:30:46.190
"56 km SSE of Farkh?r, Afghanistan",4.7,69.995,36.0758,113.6,2014-09-02 12:39:14.250
"35 km SSE of Jurm, Afghanistan",5.2,70.9638,36.5605,200.45,2014-08-31 11:48:24.160
"42 km SSW of Jurm, Afghanistan",4.4,70.7113,36.4944,188.61,2014-08-31 03:39:24.180
"145 km SW of Shache, China",4.3,75.9096,37.6347,115.32,2014-08-30 08:43:25.230
"181 km NW of Sabang, Indonesia",4.5,94.2148,7.1116,12.85,2014-08-30 03:35:03.490
"117 km WNW of Rikaze, China",4.2,87.8748,29.8382,25.32,2014-08-29 11:01:21.720
"Nicobar Islands, India region",4.4,91.7162,8.1279,28.11,2014-08-27 02:09:47.910
"Nicobar Islands, India region",4.3,91.8412,8.0733,32.79,2014-08-27 01:54:51.210
"39 km SSE of Jurm, Afghanistan",4.0,71.0249,36.542,202.15,2014-08-26 21:33:51.500
"Nicobar Islands, India region",4.6,91.8534,8.2661,29.61,2014-08-26 18:05:02.680
"Andaman Islands, India region",4.6,93.1925,14.3762,37.18,2014-08-25 08:43:03.870
"40 km WSW of Ashk?sham, Afghanistan",4.0,71.1477,36.4929,101.65,2014-08-25 04:15:22.880
Bay of Bengal,4.1,85.8,9.0717,17.23,2014-08-24 15:54:20.290
"28 km NE of B?geshwar, India",4.4,79.9591,30.0384,10.0,2014-08-24 08:29:31.740
"Nicobar Islands, India region",4.7,93.4851,8.4186,88.46,2014-08-23 19:58:43.750
"92 km NE of Kh??db?ri??, Nepal",4.4,87.7815,28.0356,59.96,2014-08-22 15:59:36.390
"17 km SSE of Jurm, Afghanistan",4.1,70.9341,36.7334,88.49,2014-08-22 12:14:56.110
"30 km SW of Asad?b?d, Afghanistan",4.4,70.9189,34.6774,47.05,2014-08-22 07:35:22.450
"85 km W of Myanaung, Myanmar",4.3,94.5089,18.2994,49.45,2014-08-21 23:15:35.080
"15 km NE of Dharamsala, India",4.9,76.4266,32.3289,10.0,2014-08-21 08:11:18.820
"19 km WSW of Jurm, Afghanistan",4.1,70.6281,36.8149,35.0,2014-08-21 08:00:06.500
"47 km NNE of B?z?rak, Afghanistan",4.3,69.7273,35.7029,104.43,2014-08-20 09:26:12.560
"Arunachal Pradesh, India",4.1,92.5625,27.5614,38.3,2014-08-20 08:05:03.110
"22 km SSW of ?rt Khw?jah, Afghanistan",4.1,69.3625,36.906,17.3,2014-08-19 22:27:18.440
"34 km SSE of Taungdwingyi, Myanmar",4.2,95.663,19.713,32.61,2014-08-17 23:10:40.320
"7 km NE of Barjala, India",4.1,91.4071,23.6717,38.0,2014-08-17 20:34:32.440
"22 km SW of Ashk?sham, Afghanistan",4.3,71.3704,36.5271,86.3,2014-08-17 08:30:49.250
"19 km ESE of Khorugh, Tajikistan",4.4,71.7524,37.4099,148.13,2014-08-17 00:04:36.330
"36 km S of Jurm, Afghanistan",4.2,70.8256,36.5318,198.31,2014-08-16 22:39:57.480
"29 km SSE of Jurm, Afghanistan",4.2,70.9193,36.6094,216.1,2014-08-16 21:01:28.780
"51 km E of W?ngjing, India",5.0,94.5693,24.593,91.24,2014-08-16 16:39:55.170
"39 km ESE of Farkh?r, Afghanistan",4.3,70.2886,36.4986,207.38,2014-08-15 17:48:13.070
"51 km ESE of Farkh?r, Afghanistan",4.3,70.4157,36.4626,220.91,2014-08-14 13:44:11.110
"22 km WSW of Khorugh, Tajikistan",4.0,71.306,37.4302,94.48,2014-08-13 22:00:10.800
"285 km SSE of Port Blair, India",4.9,93.5937,9.2284,105.45,2014-08-12 20:52:06.470
"288 km NNW of Qamdo, China",4.0,95.5845,33.353,10.0,2014-08-12 12:17:55.870
western Xizang,4.2,87.7462,33.0466,10.0,2014-08-11 12:17:13.360
"2 km ENE of Nahr?n, Afghanistan",4.5,69.1613,36.0739,19.95,2014-08-10 15:16:44.010
"165 km SW of Port Blair, India",4.4,91.7169,10.5702,29.52,2014-08-09 22:18:37.270
"299 km ENE of Port Blair, India",4.3,95.3368,12.5912,21.33,2014-08-09 21:11:48.350
"4 km SSW of Farkh?r, Afghanistan",4.3,69.8361,36.5314,240.71,2014-08-09 06:45:51.030
"229 km NNW of Sabang, Indonesia",4.2,94.5595,7.8259,46.68,2014-08-08 03:51:05.010
"43 km ENE of Khorugh, Tajikistan",4.2,71.99,37.6621,137.37,2014-08-08 00:09:03.880
"34 km WSW of Ashk?sham, Afghanistan",4.2,71.1745,36.5616,237.47,2014-08-06 00:22:21.710
near the south coast of Myanmar,4.2,96.1768,15.9283,10.0,2014-08-05 23:28:34.780
"77 km SE of Pyapon, Myanmar",4.6,96.2541,15.8545,24.31,2014-08-05 16:11:53.300
"75 km SE of Pyapon, Myanmar",4.2,96.2235,15.8472,22.9,2014-08-05 15:34:09.120
"16 km ESE of B?z?rak, Afghanistan",4.1,69.6946,35.2764,95.74,2014-08-05 13:03:33.890
western Xizang,4.2,85.865,34.5399,10.0,2014-08-03 07:34:13.610
"26 km ESE of Saga, China",5.2,85.4967,29.2757,10.0,2014-08-03 05:57:30.560
"20 km SSE of Saga, China",4.3,85.322,29.1576,10.0,2014-08-03 05:46:22.020
"54 km SW of Ashk?sham, Afghanistan",4.3,71.1352,36.3138,102.38,2014-08-03 05:15:55.150
"100 km ENE of Port Blair, India",4.7,93.6433,11.8708,129.36,2014-08-02 16:18:59.530
"Andaman Islands, India region",4.0,95.5532,12.5741,21.24,2014-08-02 01:02:00.150
"6 km W of Hazro City, Pakistan",4.1,72.4189,33.9035,35.0,2014-08-02 00:28:10.890
"44 km SW of Ashk?sham, Afghanistan",4.2,71.1282,36.4495,102.57,2014-08-01 23:24:28.870
"261 km E of Port Blair, India",4.6,95.1248,11.9976,10.0,2014-08-01 21:47:04.450
"Andaman Islands, India region",4.6,95.5705,12.4019,10.0,2014-08-01 21:11:08.780
"68 km ESE of W?ngjing, India",4.7,94.7039,24.3849,85.67,2014-08-01 20:27:50.430
"29 km W of Ashk?sham, Afghanistan",4.2,71.2055,36.7195,220.66,2014-08-01 19:36:49.230
"Andaman Islands, India region",4.1,95.6271,12.0898,25.63,2014-08-01 16:20:21.740
"261 km ENE of Port Blair, India",5.1,95.0439,12.3436,26.23,2014-07-31 17:34:08.620
"282 km ENE of Port Blair, India",4.9,95.2033,12.4743,10.0,2014-07-31 17:33:29.240
"292 km ENE of Port Blair, India",4.6,95.3165,12.4404,10.0,2014-07-31 14:21:11.960
"280 km ENE of Port Blair, India",5.8,95.2033,12.4337,10.0,2014-07-31 13:41:00.830
"63 km WNW of Monywa, Myanmar",4.6,94.6179,22.4269,121.57,2014-07-29 10:23:24.210
"15 km N of Mawlaik, Myanmar",4.1,94.4006,23.7831,41.3,2014-07-29 07:42:41.540
"297 km N of Bamboo Flat, India",5.3,93.0904,14.3603,12.0,2014-07-29 07:07:07.130
"50 km E of Khorugh, Tajikistan",4.2,72.1219,37.479,183.42,2014-07-27 02:20:40.970
"17 km WNW of Ashk?sham, Afghanistan",4.5,71.3509,36.7282,183.0,2014-07-25 09:58:01.400
"60 km ESE of Kishtw?r, India",4.0,76.3749,33.1264,17.03,2014-07-25 04:56:16.680
"13 km SE of Koch Bih?r, India",4.0,89.5355,26.2364,14.91,2014-07-22 23:35:15.370
"14 km WNW of Nageswari, Bangladesh",4.2,89.5651,26.0259,8.4,2014-07-22 22:58:29.150
"4 km NNE of Nageswari, Bangladesh",4.3,89.7033,26.0035,16.03,2014-07-22 20:54:41.200
"22 km WSW of Ashk?sham, Afghanistan",4.4,71.3223,36.5749,92.56,2014-07-21 10:27:55.080
"47 km SSE of Jurm, Afghanistan",4.0,71.0146,36.4642,110.99,2014-07-20 07:34:12.660
"96 km S of Hakha, Myanmar",4.5,93.5718,21.7702,54.58,2014-07-20 06:51:01.350
"11 km E of Jurm, Afghanistan",4.1,70.9624,36.8453,17.01,2014-07-20 01:42:53.440
"44 km E of Farkh?r, Afghanistan",4.3,70.348,36.5173,208.59,2014-07-20 00:07:05.280
"23 km E of Jurm, Afghanistan",5.2,71.0988,36.8785,83.67,2014-07-19 07:17:56.180
"26 km E of Ishqoshim, Tajikistan",4.1,71.912,36.72,54.7,2014-07-17 19:03:01.990
"15 km E of Ishqoshim, Tajikistan",4.2,71.7838,36.7454,79.41,2014-07-17 13:03:13.540
"southern Xinjiang, China",4.0,85.9852,37.2894,15.23,2014-07-16 04:06:37.110
"31 km SSE of Jurm, Afghanistan",4.2,71.0216,36.6232,202.46,2014-07-13 23:51:13.040
"57 km N of Mawlaik, Myanmar",4.2,94.4741,24.156,81.69,2014-07-13 22:50:47.880
"211 km NNE of Saga, China",4.1,86.3943,30.9429,12.25,2014-07-11 23:05:23.300
"45 km SSE of Jurm, Afghanistan",4.4,71.0733,36.5035,126.61,2014-07-11 08:40:54.300
"50 km SW of Ashk?sham, Afghanistan",4.9,71.1376,36.3628,91.12,2014-07-11 04:14:09.380
"154 km WSW of Zangguy, China",4.5,77.2739,36.5752,97.63,2014-07-08 18:18:44.390
"34 km SSE of Jurm, Afghanistan",4.0,70.9863,36.5785,195.78,2014-07-08 16:23:12.220
"50 km NW of Gilgit, Pakistan",4.8,73.9147,36.2352,74.72,2014-07-08 15:35:41.630
"61 km WNW of Skardu, Pakistan",4.4,75.0393,35.5638,51.14,2014-07-07 21:49:01.540
"23 km NE of Dipayal, Nepal",4.4,81.099,29.4202,16.32,2014-07-07 16:37:12.900
"64 km WNW of Skardu, Pakistan",4.5,74.9605,35.4726,66.53,2014-07-06 23:04:49.470
"55 km NNW of Dh?rchula, India",4.1,80.3415,30.3227,43.73,2014-07-06 14:48:13.060
"56 km WNW of Skardu, Pakistan",4.9,75.0923,35.5535,35.0,2014-07-03 20:40:01.550
western Xizang-India border region,4.0,80.3384,30.2451,35.0,2014-07-03 11:35:00.300
"47 km SSW of Jurm, Afghanistan",4.0,70.5752,36.4898,203.7,2014-07-03 06:36:04.800
"31 km NE of Imph?l, India",4.3,94.1629,25.0114,69.7,2014-07-01 20:06:29.070
"74 km E of Port Blair, India",4.4,93.4306,11.6352,37.53,2014-06-28 05:57:06.280
"Nicobar Islands, India region",4.2,93.7767,8.9101,43.21,2014-06-26 17:12:48.860
"38 km S of Jurm, Afghanistan",4.6,70.8409,36.5139,199.24,2014-06-24 14:52:11.690
"57 km SSW of Mawlaik, Myanmar",4.1,94.2199,23.153,64.24,2014-06-24 03:52:25.200
"70 km S of Jurm, Afghanistan",4.6,70.8555,36.231,115.45,2014-06-23 21:34:53.130
"46 km ESE of Khorugh, Tajikistan",4.1,72.0721,37.4034,101.11,2014-06-23 13:20:09.990
"56 km N of Myitkyina, Myanmar",4.1,97.3375,25.8912,10.0,2014-06-20 03:13:37.030
"290 km SW of Laojunmiao, China",4.2,95.8291,37.6792,10.0,2014-06-20 03:03:58.430
"48 km S of Jurm, Afghanistan",4.1,70.7801,36.4312,215.41,2014-06-19 21:52:10.520
western Xizang,4.1,83.2671,34.2742,48.86,2014-06-19 21:24:47.550
"8 km SE of Ashk?sham, Afghanistan",4.8,71.6062,36.6308,108.53,2014-06-19 14:03:37.510
"105 km E of W?ngjing, India",4.3,95.1007,24.7211,101.17,2014-06-18 03:04:09.550
"33 km ESE of Farkh?r, Afghanistan",4.2,70.2212,36.5008,203.76,2014-06-18 02:26:35.260
"17 km NE of Dharamsala, India",4.2,76.4467,32.3316,33.51,2014-06-17 17:31:10.950
"24 km SSE of Jurm, Afghanistan",4.4,70.979,36.6751,248.39,2014-06-17 00:11:43.050
"191 km SE of Port Blair, India",4.4,93.925,10.3833,73.8,2014-06-16 21:30:01.230
"63 km SE of Myitkyina, Myanmar",4.4,97.8614,24.9963,10.0,2014-06-16 17:39:48.080
"15 km WNW of Rang?p?ra, India",4.3,92.5167,26.8748,10.0,2014-06-14 05:24:27.440
"46 km SSW of Jurm, Afghanistan",5.6,70.7174,36.4544,200.0,2014-06-14 03:58:41.650
"99 km E of Saga, China",4.0,86.2519,29.3624,15.43,2014-06-13 16:16:26.220
"16 km N of Doda, India",5.0,75.5807,33.292,42.74,2014-06-13 13:32:52.870
"39 km SSW of Mawlaik, Myanmar",4.2,94.3076,23.2957,45.51,2014-06-11 15:07:31.670
"250 km NNE of Saga, China",4.0,86.3077,31.3833,10.0,2014-06-11 00:48:25.160
"131 km SW of Port Blair, India",4.0,91.8209,10.9021,27.97,2014-06-10 19:45:45.760
"13 km NNW of Khowai, India",4.1,91.5293,24.1878,31.79,2014-06-09 17:40:23.230
"45 km SSW of Jurm, Afghanistan",4.2,70.6598,36.4753,207.75,2014-06-08 09:27:26.020
"12 km S of Pyinmana, Myanmar",4.6,96.1897,19.6266,27.03,2014-06-08 09:15:02.260
"47 km SW of Mawlaik, Myanmar",4.4,94.1108,23.3067,67.31,2014-06-07 22:23:21.680
"41 km E of Burang, China",4.5,81.6031,30.2645,27.1,2014-06-07 06:40:52.840
"34 km SW of Ashk?sham, Afghanistan",4.2,71.3065,36.4285,105.18,2014-06-07 03:59:45.310
"27 km SSE of Jurm, Afghanistan",4.2,70.9037,36.6266,223.24,2014-06-06 06:20:02.210
Xizang-Qinghai border region,4.5,89.115,34.2229,9.68,2014-06-06 00:16:33.040
"25 km WSW of Hakha, Myanmar",4.6,93.3926,22.5351,55.25,2014-06-04 07:20:14.170
"27 km SSE of Farkh?r, Afghanistan",4.6,69.9463,36.3366,142.15,2014-06-03 18:00:21.160
"66 km SSE of Myitkyina, Myanmar",4.5,97.7542,24.8779,17.5,2014-06-03 05:34:50.060
"20 km ESE of Farkh?r, Afghanistan",4.6,70.0793,36.5292,211.53,2014-06-01 12:25:33.090
"9 km NNW of Kyaiklat, Myanmar",4.7,95.6809,16.5243,22.44,2014-05-31 17:31:47.280
Myanmar-China border region,4.4,97.7444,24.9052,10.0,2014-05-30 19:19:41.030
"68 km SE of Myitkyina, Myanmar",4.7,97.912,24.9766,10.0,2014-05-30 15:53:39.090
"17 km NNW of Kokrajhar, India",4.0,90.227,26.5567,10.0,2014-05-30 06:37:48.980
"62 km SE of Myitkyina, Myanmar",5.9,97.845,24.9997,10.0,2014-05-30 01:20:15.170
"57 km SE of W?ngjing, India",4.6,94.4977,24.2536,85.55,2014-05-29 03:23:46.560
"78 km SE of Phek, India",4.4,95.1224,25.2405,97.0,2014-05-28 03:19:11.050
"60 km SSE of Jurm, Afghanistan",4.1,71.0108,36.3398,110.53,2014-05-28 01:04:53.350
"32 km W of Ashk?sham, Afghanistan",4.1,71.1741,36.6775,239.67,2014-05-26 17:15:44.880
"33 km SSW of Farkh?r, Afghanistan",4.0,69.7677,36.2785,151.28,2014-05-26 00:43:08.790
"51 km E of Farkh?r, Afghanistan",4.4,70.4308,36.5083,192.28,2014-05-25 13:55:41.030
"79 km S of Jurm, Afghanistan",4.0,70.6958,36.157,108.77,2014-05-25 00:13:34.650
"25 km SSE of Jurm, Afghanistan",4.2,70.9431,36.6544,230.72,2014-05-24 00:58:34.830
"63 km SE of Myitkyina, Myanmar",5.8,97.8437,24.9737,8.0,2014-05-23 20:49:21.970
"276 km SE of Kon?rka, India",6.0,88.0376,18.2012,47.23,2014-05-21 16:21:54.350
"23 km SSW of Jurm, Afghanistan",4.7,70.731,36.6656,69.01,2014-05-21 14:47:58.000
"46 km SSE of Jurm, Afghanistan",4.1,71.003,36.4677,145.95,2014-05-19 09:01:01.650
"28 km SSE of Tezpur, India",4.2,92.9493,26.4109,52.02,2014-05-18 19:33:55.750
"14 km SE of Khanabad, Afghanistan",4.2,69.2212,36.5877,28.43,2014-05-17 05:38:45.710
"59 km E of Khorugh, Tajikistan",4.0,72.2229,37.4833,193.25,2014-05-16 05:43:34.180
"19 km W of Ashk?sham, Afghanistan",4.0,71.3202,36.6889,181.53,2014-05-15 23:39:40.580
"224 km NNW of Sabang, Indonesia",4.5,94.3214,7.6589,10.0,2014-05-15 17:56:59.180
"217 km NNW of Sabang, Indonesia",4.6,94.2883,7.5623,38.89,2014-05-15 17:53:37.240
"35 km S of Jurm, Afghanistan",4.0,70.8578,36.5439,196.62,2014-05-13 06:27:31.630
"279 km ENE of Port Blair, India",4.5,95.2604,12.1894,28.78,2014-05-12 08:33:30.570
"Nicobar Islands, India region",4.4,94.3282,7.7746,72.05,2014-05-11 11:11:26.030
"36 km S of Jurm, Afghanistan",4.2,70.8635,36.5358,200.31,2014-05-10 23:23:08.630
"215 km NNE of Bamboo Flat, India",4.3,93.505,13.4908,51.61,2014-05-09 20:23:23.760
"38 km NE of Nahr?n, Afghanistan",4.2,69.4213,36.3169,22.91,2014-05-09 10:10:06.880
"11 km SE of Daur, Pakistan",4.6,68.3887,26.3678,15.35,2014-05-08 23:50:11.240
"13 km N of Nawabshah, Pakistan",4.3,68.4009,26.3599,15.57,2014-05-08 23:07:46.860
"8 km SSE of Daur, Pakistan",4.5,68.3579,26.3868,14.73,2014-05-08 22:51:15.830
"166 km N of Nagqu, China",4.0,91.9182,32.9768,10.0,2014-05-08 16:37:42.230
"64 km E of Khorugh, Tajikistan",4.0,72.2783,37.5443,188.58,2014-05-05 03:52:20.330
"191 km NW of Qamdo, China",4.4,95.6182,32.2305,10.0,2014-05-04 02:06:29.140
"166 km NW of Qamdo, China",4.0,95.7687,32.0181,15.03,2014-05-04 00:59:46.160
"24 km WSW of Ashk?sham, Afghanistan",4.6,71.2824,36.5977,127.49,2014-05-03 22:48:54.600
"27 km NNE of Kakad Wari Dir Upper, Pakistan",3.9,72.186,35.2274,39.36,2014-05-03 18:49:39.170
"11 km W of Ashk?sham, Afghanistan",4.0,71.4093,36.6881,110.03,2014-05-03 00:05:05.680
"54 km WSW of Kulachi, Pakistan",4.8,69.9299,31.7368,27.84,2014-05-01 13:40:12.340
"212 km N of Bamboo Flat, India",4.1,92.937,13.6122,28.8,2014-05-01 00:56:11.700
"54 km S of Mawlaik, Myanmar",4.3,94.3501,23.157,89.17,2014-04-30 07:46:57.260
"21 km ESE of Farkh?r, Afghanistan",4.2,70.0955,36.5324,226.85,2014-04-28 03:21:38.410
"40 km SW of Farkh?r, Afghanistan",4.4,69.5357,36.3124,160.74,2014-04-27 11:58:36.610
"136 km SE of Pyapon, Myanmar",4.1,96.461,15.3152,24.4,2014-04-27 07:29:55.990
"52 km WSW of P?r?n, Afghanistan",4.6,70.4059,35.2063,71.39,2014-04-26 17:48:54.500
"40 km ENE of Shwebo, Myanmar",4.1,96.0692,22.6909,13.14,2014-04-24 22:49:50.230
Afghanistan-Tajikistan-Pakistan region,4.3,71.3573,36.2863,98.93,2014-04-21 04:49:51.300
"25 km NNW of Mandi Bahauddin, Pakistan",4.0,73.4085,32.8041,45.53,2014-04-19 20:12:34.600
"51 km SSE of Kargil, India",4.1,76.2379,34.1021,34.0,2014-04-19 08:29:20.330
"20 km NNW of Zangguy, China",4.2,78.6868,37.4557,45.21,2014-04-18 07:11:13.500
"106 km SE of Port Blair, India",4.2,93.4677,11.0186,148.61,2014-04-14 11:07:21.110
"42 km NNW of Ashk?sham, Afghanistan",4.3,71.2838,37.0112,91.09,2014-04-13 03:30:10.660
"214 km NNW of Sabang, Indonesia",4.2,94.3648,7.5787,49.01,2014-04-12 20:57:57.920
"266 km NNE of Saga, China",4.1,86.4077,31.498,27.65,2014-04-12 16:33:03.760
"17 km SW of Tag?b, Afghanistan",4.0,69.5329,34.7341,26.78,2014-04-12 09:50:39.290
"49 km E of Farkh?r, Afghanistan",4.1,70.4028,36.5142,203.8,2014-04-11 22:21:41.470
"72 km NE of Bamboo Flat, India",4.8,93.1363,12.2036,68.97,2014-04-11 00:45:05.810
"29 km ENE of Khand?d, Afghanistan",4.0,72.5981,37.1001,10.0,2014-04-09 23:00:41.220
"44 km E of Khorugh, Tajikistan",4.5,72.0432,37.5591,136.94,2014-04-09 06:29:03.590
"34 km SW of Koh?ma, India",4.4,93.8616,25.461,52.33,2014-04-06 06:37:58.910
"13 km SE of North Vanlaiphai, India",4.2,93.1676,23.0504,41.45,2014-04-04 06:57:43.460
"222 km NNW of Sabang, Indonesia",4.2,94.41,7.6841,10.0,2014-04-02 09:30:18.180
"28 km NNE of Hoj?i, India",4.4,92.9947,26.2313,41.23,2014-04-01 17:45:04.700
"290 km ENE of Port Blair, India",4.1,95.2356,12.6077,10.0,2014-03-31 04:36:32.410
"259 km NNE of Saga, China",4.2,86.4486,31.4096,25.85,2014-03-30 17:58:10.320
"258 km NNE of Saga, China",5.3,86.4624,31.3961,13.47,2014-03-30 17:10:14.880
"38 km SW of Khorugh, Tajikistan",5.2,71.2425,37.2444,101.07,2014-03-28 10:24:12.500
"72 km SSE of Khonsa, India",4.1,95.8483,26.4089,97.33,2014-03-28 03:09:53.690
"42 km NNE of Muzaffar?b?d, Pakistan",4.7,73.6564,34.7251,23.8,2014-03-27 07:39:28.990
"2 km SSW of Nazir Town, Pakistan",4.0,73.4733,33.2857,5.32,2014-03-26 19:52:09.250
"30 km S of Sarupathar, India",4.1,96.7983,25.9277,50.45,2014-03-26 14:31:25.890
"30 km SE of Jurm, Afghanistan",4.5,71.0936,36.6916,246.45,2014-03-26 14:03:13.930
"233 km N of Bamboo Flat, India",4.6,92.8859,13.8067,32.1,2014-03-26 08:34:40.070
"242 km NNW of Sabang, Indonesia",4.3,94.674,7.9903,9.16,2014-03-25 20:48:57.020
"221 km NNW of Sabang, Indonesia",4.6,94.5529,7.7455,10.21,2014-03-25 20:46:58.550
"38 km E of Farkh?r, Afghanistan",4.2,70.2755,36.5071,209.88,2014-03-25 11:37:35.220
"Nicobar Islands, India region",4.2,94.1602,7.5982,10.0,2014-03-24 09:53:00.190
"40 km WSW of Khorugh, Tajikistan",4.3,71.1112,37.4079,93.2,2014-03-24 09:14:54.040
"50 km ESE of Farkh?r, Afghanistan",4.3,70.4065,36.483,213.33,2014-03-23 17:46:17.100
"45 km SW of Ashk?sham, Afghanistan",4.5,71.1439,36.4254,207.24,2014-03-23 13:47:40.120
"135 km NNW of Sabang, Indonesia",4.1,94.6976,6.9466,10.0,2014-03-22 22:02:09.600
"207 km NNW of Sabang, Indonesia",4.2,94.2899,7.4604,10.0,2014-03-22 21:32:40.820
"253 km SE of Hotan, China",5.1,82.3019,35.8478,10.0,2014-03-22 12:58:16.830
"190 km NW of Sabang, Indonesia",4.2,94.2625,7.2573,10.0,2014-03-22 12:22:26.650
"59 km E of Falam, Myanmar",4.5,94.2498,22.9777,86.24,2014-03-22 08:35:34.160
"200 km NNW of Sabang, Indonesia",4.3,94.4955,7.5016,10.0,2014-03-22 02:17:56.830
"196 km NNW of Sabang, Indonesia",4.3,94.3733,7.3978,10.0,2014-03-22 01:07:44.880
"200 km NNW of Sabang, Indonesia",4.7,94.3283,7.4064,17.37,2014-03-22 00:10:26.200
"201 km NW of Sabang, Indonesia",4.6,94.2528,7.372,7.53,2014-03-21 23:50:10.040
"209 km NW of Sabang, Indonesia",4.0,94.2374,7.444,16.31,2014-03-21 23:19:28.330
"204 km NNW of Sabang, Indonesia",4.4,94.3406,7.4554,10.0,2014-03-21 22:57:14.460
"213 km NW of Sabang, Indonesia",4.4,94.2181,7.4737,10.0,2014-03-21 22:40:28.580
"131 km NNW of Sabang, Indonesia",4.4,94.8312,6.9736,7.32,2014-03-21 21:12:09.870
"216 km NNW of Sabang, Indonesia",4.6,94.71,7.7544,10.03,2014-03-21 21:11:04.600
"205 km NNW of Sabang, Indonesia",5.2,94.2965,7.4454,9.96,2014-03-21 21:03:41.620
"214 km NW of Sabang, Indonesia",4.4,94.2223,7.4915,11.64,2014-03-21 20:26:23.090
"280 km ESE of Hotan, China",4.6,82.8769,36.2151,11.77,2014-03-21 19:43:46.730
"200 km NW of Sabang, Indonesia",4.6,94.2004,7.3223,10.93,2014-03-21 18:50:37.850
"207 km NNW of Sabang, Indonesia",4.3,94.3334,7.4885,11.51,2014-03-21 18:29:45.890
"226 km NNW of Sabang, Indonesia",4.4,94.2715,7.6486,9.08,2014-03-21 18:08:25.380
"205 km NNW of Sabang, Indonesia",4.3,94.3322,7.4663,13.43,2014-03-21 17:13:59.440
"205 km NNW of Sabang, Indonesia",4.5,94.4759,7.5485,11.72,2014-03-21 17:05:20.750
"205 km NW of Sabang, Indonesia",4.4,94.2777,7.4318,10.0,2014-03-21 16:55:40.530
"227 km NW of Sabang, Indonesia",4.3,94.037,7.5043,10.0,2014-03-21 16:47:39.130
"207 km NNW of Sabang, Indonesia",4.3,94.2868,7.4581,10.0,2014-03-21 16:34:01.160
"211 km NW of Sabang, Indonesia",4.2,94.0369,7.3119,10.0,2014-03-21 16:33:03.760
"240 km NNW of Sabang, Indonesia",4.7,94.2368,7.7739,10.0,2014-03-21 15:48:25.060
"184 km NW of Sabang, Indonesia",4.3,94.1184,7.0487,10.0,2014-03-21 15:46:06.070
"226 km NW of Sabang, Indonesia",4.6,94.0987,7.5373,10.0,2014-03-21 15:43:25.460
"277 km NW of Sabang, Indonesia",4.3,93.6917,7.7994,10.0,2014-03-21 15:34:21.990
"221 km NW of Sabang, Indonesia",4.2,94.0691,7.4534,10.0,2014-03-21 15:32:05.380
"205 km NNW of Sabang, Indonesia",4.5,94.4991,7.5591,10.0,2014-03-21 15:24:33.090
"216 km NNW of Sabang, Indonesia",4.7,94.2437,7.5228,10.0,2014-03-21 15:23:00.070
"Nicobar Islands, India region",4.6,94.1824,7.3518,10.0,2014-03-21 15:10:21.060
"216 km NNW of Sabang, Indonesia",4.5,94.5986,7.7145,10.0,2014-03-21 15:09:07.690
"213 km NNW of Sabang, Indonesia",4.7,94.2624,7.5034,10.0,2014-03-21 15:08:36.380
"205 km NW of Sabang, Indonesia",4.5,94.207,7.3821,10.0,2014-03-21 14:53:03.830
"241 km NNW of Sabang, Indonesia",4.8,94.2322,7.7877,10.0,2014-03-21 14:49:59.250
"201 km NNW of Sabang, Indonesia",4.7,94.3969,7.4628,10.0,2014-03-21 14:47:39.210
"218 km NNW of Sabang, Indonesia",5.1,94.3114,7.5875,9.99,2014-03-21 14:45:51.850
"205 km NNW of Sabang, Indonesia",4.5,94.6042,7.6063,10.0,2014-03-21 14:42:06.390
"207 km NNW of Sabang, Indonesia",4.4,94.4701,7.5617,10.0,2014-03-21 14:40:56.630
"202 km NNW of Sabang, Indonesia",4.7,94.4587,7.5096,10.0,2014-03-21 14:36:05.030
"217 km NW of Sabang, Indonesia",4.8,94.0303,7.3823,10.0,2014-03-21 14:28:04.460
"193 km NW of Sabang, Indonesia",4.8,94.3079,7.3212,10.0,2014-03-21 14:26:44.060
"217 km NW of Sabang, Indonesia",5.2,94.1847,7.5037,10.0,2014-03-21 14:25:08.910
"276 km NW of Sabang, Indonesia",4.7,93.6332,7.7396,10.0,2014-03-21 14:24:23.560
"208 km NW of Sabang, Indonesia",4.4,94.1667,7.3819,10.0,2014-03-21 14:23:58.440
"214 km NNW of Sabang, Indonesia",4.8,94.3223,7.5569,10.0,2014-03-21 14:18:03.630
"213 km NW of Sabang, Indonesia",4.6,94.233,7.483,14.93,2014-03-21 14:17:11.710
"239 km NNW of Sabang, Indonesia",4.8,94.2711,7.7902,10.0,2014-03-21 14:16:21.080
"202 km NW of Sabang, Indonesia",5.1,94.1739,7.3232,10.0,2014-03-21 14:13:29.110
"216 km NNW of Sabang, Indonesia",5.5,94.2698,7.5417,10.0,2014-03-21 14:11:13.890
"232 km NW of Sabang, Indonesia",4.4,94.0572,7.5784,10.0,2014-03-21 14:10:21.080
"Nicobar Islands, India region",4.6,94.1691,7.2328,10.0,2014-03-21 14:05:07.740
"250 km NNW of Sabang, Indonesia",4.7,94.4797,7.9977,10.0,2014-03-21 14:03:51.560
"217 km NW of Sabang, Indonesia",4.6,94.082,7.4264,10.0,2014-03-21 13:59:25.760
"197 km NW of Sabang, Indonesia",4.8,94.2061,7.2829,10.0,2014-03-21 13:56:40.310
"218 km NNW of Sabang, Indonesia",4.9,94.7052,7.7692,10.0,2014-03-21 13:54:33.830
"159 km NW of Sabang, Indonesia",4.6,94.447,7.0379,10.0,2014-03-21 13:53:08.670
"Nicobar Islands, India region",4.8,94.4067,7.6135,10.0,2014-03-21 13:52:20.150
"213 km NNW of Sabang, Indonesia",4.7,94.3108,7.5409,10.0,2014-03-21 13:50:32.440
"232 km NNW of Sabang, Indonesia",6.4,94.3342,7.7448,21.54,2014-03-21 13:41:09.480
"45 km SE of Kakching, India",4.0,94.2542,24.1764,60.59,2014-03-21 12:39:54.180
"24 km E of Jurm, Afghanistan",4.2,71.107,36.8372,80.58,2014-03-20 19:37:01.200
"22 km WSW of Jurm, Afghanistan",4.3,70.5873,36.8139,92.8,2014-03-20 15:42:19.570
"2 km NNW of Chak Five Hundred Seventy-five, Pakistan",4.3,73.8172,31.565,46.03,2014-03-20 14:14:25.900
"283 km ESE of Hotan, China",4.4,82.8994,36.1997,13.78,2014-03-20 05:40:36.830
"31 km S of Mawlaik, Myanmar",4.5,94.4366,23.362,71.15,2014-03-20 04:00:21.220
"48 km SSW of Jurm, Afghanistan",4.7,70.6838,36.4491,206.57,2014-03-19 14:15:44.680
"282 km NNE of Bamboo Flat, India",4.4,94.0153,13.9102,34.2,2014-03-19 14:02:13.300
"46 km WSW of Ashk?sham, Afghanistan",4.5,71.0874,36.4762,135.06,2014-03-19 01:42:52.690
"47 km NE of Shwebo, Myanmar",4.4,95.9723,22.9114,22.09,2014-03-18 19:20:45.220
"Andaman Islands, India region",4.2,95.5253,12.8824,35.0,2014-03-18 12:48:43.290
"25 km SSE of Khorugh, Tajikistan",4.2,71.7153,37.2959,131.75,2014-03-18 10:11:25.140
"43 km SSW of Jurm, Afghanistan",4.2,70.657,36.4949,200.44,2014-03-17 00:41:51.820
"226 km NW of Sabang, Indonesia",4.8,94.1754,7.5909,10.0,2014-03-15 06:30:45.020
"52 km SSE of Chur?ch?ndpur, India",4.3,93.8661,23.8952,63.44,2014-03-15 05:09:12.070
"235 km NNW of Sabang, Indonesia",5.5,94.3128,7.7631,10.0,2014-03-14 13:38:06.200
"261 km SE of Hotan, China",4.5,82.3465,35.7863,10.0,2014-03-12 17:55:43.370
"44 km NW of Khand?d, Afghanistan",4.0,71.9923,37.2535,170.05,2014-03-12 15:30:48.400
"222 km N of Bamboo Flat, India",4.8,92.9178,13.6975,35.0,2014-03-11 11:23:54.090
"104 km NE of Bamboo Flat, India",4.1,93.2534,12.4854,68.68,2014-03-09 23:01:13.630
"56 km ESE of Myaydo, Myanmar",5.1,95.7207,19.1942,24.93,2014-03-09 16:02:59.690
"18 km W of Ashk?sham, Afghanistan",4.1,71.3327,36.6994,179.89,2014-03-09 12:46:09.440
"56 km E of Khorugh, Tajikistan",4.1,72.1914,37.5238,187.39,2014-03-09 11:59:12.030
"239 km E of Leh, India",4.4,80.1638,34.452,36.09,2014-03-08 13:09:02.340
"90 km WNW of Nagqu, China",4.7,91.1309,31.6755,15.49,2014-03-07 08:41:57.120
"35 km SW of Ashk?sham, Afghanistan",4.2,71.2045,36.5037,204.32,2014-03-04 18:17:36.050
"52 km NE of Sabang, Indonesia",4.2,95.6039,6.2726,218.78,2014-03-01 16:50:40.310
"20 km S of Khorugh, Tajikistan",4.1,71.5282,37.3034,131.95,2014-03-01 14:17:20.170
"42 km SW of Jurm, Afghanistan",4.2,70.4919,36.6025,242.91,2014-03-01 08:54:58.860
"118 km SW of Bamboo Flat, India",4.6,91.8594,11.0427,29.74,2014-03-01 06:06:28.310
"86 km W of Myitkyina, Myanmar",4.1,96.5402,25.3458,49.69,2014-03-01 03:22:06.930
"10 km S of R?n?r B?z?r, India",3.9,91.3541,23.7432,37.8,2014-02-28 13:11:30.330
"195 km NW of Sabang, Indonesia",5.1,94.2594,7.3016,102.47,2014-02-28 05:50:39.150
"261 km ESE of Hotan, China",4.2,82.5168,36.0089,14.55,2014-02-27 14:30:40.240
"7 km WSW of Moir?ng, India",4.4,93.7131,24.4736,59.51,2014-02-26 20:58:55.070
"43 km SSW of Jurm, Afghanistan",4.1,70.7072,36.4855,195.2,2014-02-26 11:04:24.330
"290 km ESE of Hotan, China",4.3,83.0295,36.3074,10.0,2014-02-24 05:39:08.010
"22 km NNW of Rang?p?ra, India",4.4,92.5521,27.013,53.66,2014-02-23 17:04:52.940
"286 km WNW of Sabang, Indonesia",4.2,92.8224,6.5892,31.93,2014-02-23 12:28:28.430
"107 km NW of Barishal, Pakistan",4.1,73.7286,36.9038,79.16,2014-02-22 02:58:38.980
"18 km ESE of Dirba, India",4.6,76.1747,30.0104,16.02,2014-02-21 06:46:47.260
"92 km ENE of Khorugh, Tajikistan",4.2,72.5292,37.8048,149.78,2014-02-21 06:00:35.400
"235 km N of Bamboo Flat, India",4.4,92.8729,13.8225,26.97,2014-02-19 15:02:09.580
"18 km WNW of Ashk?sham, Afghanistan",4.3,71.3517,36.7653,177.83,2014-02-18 11:58:17.030
"226 km SSE of Port Blair, India",4.0,93.8018,9.9019,120.55,2014-02-16 05:19:24.200
"53 km S of Jurm, Afghanistan",4.5,70.8419,36.3836,117.0,2014-02-15 21:24:45.300
Xinjiang-Xizang border region,4.7,82.3399,35.8857,10.0,2014-02-15 12:32:58.460
"263 km ESE of Hotan, China",4.1,82.5051,35.9466,10.0,2014-02-15 04:27:33.130
"21 km W of Sirajganj, Bangladesh",4.2,89.4984,24.4221,14.43,2014-02-14 13:10:45.380
"263 km ESE of Hotan, China",4.3,82.5691,36.0519,9.99,2014-02-14 01:08:58.930
"227 km ESE of Hotan, China",4.2,82.2777,36.3018,16.23,2014-02-13 21:37:24.080
"259 km ESE of Hotan, China",4.1,82.6108,36.2008,19.39,2014-02-13 21:06:41.980
Xizang-Qinghai border region,4.2,89.2848,34.0028,10.89,2014-02-13 20:56:08.840
"83 km NW of Monywa, Myanmar",4.5,94.5476,22.6262,92.4,2014-02-13 16:08:21.120
"258 km ESE of Hotan, China",4.2,82.4815,36.0168,10.0,2014-02-13 09:51:39.990
"254 km ESE of Hotan, China",4.3,82.4716,36.0701,16.52,2014-02-13 07:34:20.460
"89 km ESE of Port Blair, India",4.2,93.5434,11.4883,139.49,2014-02-13 06:23:38.100
"297 km ESE of Hotan, China",4.1,83.0802,36.2272,18.6,2014-02-13 04:25:34.580
"258 km ESE of Hotan, China",4.7,82.4283,35.9306,10.0,2014-02-13 00:08:42.510
"280 km ESE of Hotan, China",4.5,82.5961,35.7799,10.0,2014-02-13 00:07:01.900
"254 km ESE of Hotan, China",4.2,82.4415,36.0199,16.18,2014-02-12 20:51:27.860
"246 km ESE of Hotan, China",4.6,82.3433,36.0206,10.0,2014-02-12 19:09:24.350
"258 km ESE of Hotan, China",4.5,82.3565,35.8439,17.87,2014-02-12 18:00:08.120
"249 km ESE of Hotan, China",4.1,82.3676,36.0104,16.77,2014-02-12 14:36:29.430
"284 km ESE of Hotan, China",4.5,82.9261,36.2396,10.0,2014-02-12 12:26:43.660
"261 km ESE of Hotan, China",4.5,82.513,35.9991,10.0,2014-02-12 11:14:19.890
"260 km ESE of Hotan, China",4.9,82.4,35.8613,10.0,2014-02-12 10:00:07.360
"258 km ESE of Hotan, China",4.6,82.4499,35.9686,10.0,2014-02-12 09:36:12.510
"267 km ESE of Hotan, China",5.7,82.4667,35.8221,10.0,2014-02-12 09:24:43.010
"272 km ESE of Hotan, China",6.9,82.5864,35.9053,10.0,2014-02-12 09:19:49.060
"259 km ESE of Hotan, China",5.2,82.487,35.9947,10.0,2014-02-11 02:14:55.990
western Xizang,5.2,89.2216,33.8784,10.0,2014-02-11 01:15:26.590
"40 km NNW of Ishqoshim, Tajikistan",4.1,71.3856,37.0453,122.98,2014-02-10 07:24:26.980
"104 km NNW of Mogok, Myanmar",4.1,96.0719,23.7689,51.92,2014-02-09 23:24:30.640
"29 km SW of Farkh?r, Afghanistan",4.2,69.6367,36.3813,172.9,2014-02-09 00:52:57.780
"27 km W of Ashk?sham, Afghanistan",4.0,71.2276,36.6943,236.76,2014-02-08 19:21:11.210
"Nicobar Islands, India region",4.0,92.067,8.7287,30.02,2014-02-08 04:26:42.540
"38 km SSW of Khorugh, Tajikistan",4.4,71.4618,37.1481,134.21,2014-02-08 00:16:13.400
"172 km WNW of Nagqu, China",4.7,90.3587,32.0483,32.55,2014-02-07 08:56:43.270
"232 km E of Port Blair, India",4.5,94.8755,11.8466,61.21,2014-02-07 03:15:20.800
"259 km E of Port Blair, India",4.1,95.1092,11.9395,36.09,2014-02-07 02:05:00.460
"80 km SSE of Hayuliang, India",4.5,96.9988,27.4652,47.88,2014-02-06 15:07:53.130
"147 km WSW of Shache, China",4.5,75.6626,37.9571,116.66,2014-02-06 04:13:55.220
"15 km SW of Ashk?sham, Afghanistan",4.7,71.4089,36.5917,139.66,2014-02-04 15:48:15.150
"38 km S of Jurm, Afghanistan",4.3,70.787,36.5209,192.18,2014-02-03 10:52:19.050
"261 km ENE of Port Blair, India",5.2,95.0592,12.2849,34.18,2014-02-02 23:44:01.200
"41 km NE of Shwebo, Myanmar",4.4,96.0226,22.7971,13.81,2014-02-02 16:45:24.860
"72 km E of Falam, Myanmar",4.7,94.3778,22.8394,90.83,2014-01-30 12:17:14.780
"50 km WNW of Mawlaik, Myanmar",5.1,93.9581,23.8428,59.11,2014-01-29 13:46:50.340
"283 km NNE of Bamboo Flat, India",4.3,93.228,14.2125,39.11,2014-01-27 20:12:46.480
Pakistan,4.6,73.1097,34.7881,28.1,2014-01-27 10:33:23.560
"52 km NNE of Shwebo, Myanmar",5.2,95.9078,23.0007,12.43,2014-01-26 12:38:37.240
"224 km NW of Sabang, Indonesia",4.1,93.8738,7.3193,35.0,2014-01-25 07:14:08.330
"6 km NE of Shwebo, Myanmar",4.1,95.7353,22.6167,24.58,2014-01-24 23:25:25.940
"29 km SW of Ashk?sham, Afghanistan",4.5,71.2658,36.5222,224.14,2014-01-24 18:22:42.800
"284 km WSW of Dawei, Myanmar",4.4,95.7026,13.2429,30.04,2014-01-24 13:49:01.180
"52 km WNW of Mawlaik, Myanmar",4.0,93.9346,23.8426,70.85,2014-01-24 00:51:35.500
"58 km SSE of Farkh?r, Afghanistan",4.0,70.2041,36.126,122.06,2014-01-23 05:34:28.240
"203 km E of Leh, India",4.2,79.7826,34.2849,43.74,2014-01-22 05:22:01.180
"282 km SSW of Laojunmiao, China",4.1,96.5322,37.4662,35.0,2014-01-21 02:01:52.830
"66 km N of Sabang, Indonesia",4.5,95.3503,6.4921,233.44,2014-01-20 23:27:37.220
"49 km SW of Saiha, India",4.1,92.7127,22.1231,32.08,2014-01-20 13:18:26.930
"230 km NE of Nagqu, China",4.7,93.8116,32.9228,37.48,2014-01-19 15:33:14.300
"29 km SE of Jurm, Afghanistan",4.3,71.0698,36.6787,214.81,2014-01-18 11:55:44.510
"113 km SSE of Pyapon, Myanmar",4.6,96.16,15.375,25.04,2014-01-18 00:55:47.690
"133 km SE of Pyapon, Myanmar",4.2,96.5031,15.3763,31.96,2014-01-17 22:26:50.130
"173 km WNW of Nagqu, China",4.8,90.2824,31.8719,46.49,2014-01-16 17:47:34.950
"18 km SSE of Orzu, Tajikistan",4.4,68.8956,37.4003,44.57,2014-01-16 10:15:13.900
"29 km SW of Ashk?sham, Afghanistan",4.9,71.3494,36.4674,102.33,2014-01-15 15:44:38.310
western Xizang,4.0,87.1189,32.947,40.7,2014-01-14 20:49:10.760
"14 km S of Ashk?sham, Afghanistan",5.1,71.5185,36.5504,107.24,2014-01-14 15:41:08.780
"Nicobar Islands, India region",4.4,93.6522,8.8629,10.0,2014-01-14 08:36:07.460
"28 km WSW of Ashk?sham, Afghanistan",4.5,71.2539,36.5529,217.45,2014-01-11 09:32:31.760
"109 km WNW of Chauk, Myanmar",4.1,93.9132,21.4081,59.42,2014-01-11 02:04:04.300
"85 km NNW of Ziro, India",4.1,93.3721,28.2474,15.05,2014-01-10 21:40:36.000
"47 km E of Falam, Myanmar",4.2,94.1357,22.929,52.67,2014-01-07 16:32:10.710
"2 km WSW of Baghl?n, Afghanistan",4.7,68.6777,36.1253,64.74,2014-01-07 14:21:28.360
"48 km E of Farkh?r, Afghanistan",4.6,70.3878,36.4917,210.46,2014-01-07 11:37:12.040
"46 km NNW of Ishqoshim, Tajikistan",4.0,71.3584,37.086,107.99,2014-01-06 21:10:34.630
"9 km NNE of Panj, Tajikistan",4.6,69.151,37.3074,23.64,2014-01-04 15:12:32.400
"30 km SE of Jurm, Afghanistan",4.1,71.0772,36.6758,221.78,2014-01-04 14:27:16.070
"22 km ENE of Khorugh, Tajikistan",4.3,71.7709,37.5913,136.33,2014-01-03 22:02:09.970
"239 km NNW of Sabang, Indonesia",4.4,94.5915,7.9324,53.85,2014-01-03 05:03:42.920
